ISO-10303-21;
HEADER;
/* Generated by software containing ST-Developer
 * from STEP Tools, Inc. (www.steptools.com) 
 */

FILE_DESCRIPTION(
/* description */ (''),
/* implementation_level */ '2;1');

FILE_NAME(
/* name */ 'ABS Feeder Plate Milled.step',
/* time_stamp */ '2026-10-07T17:43:51-05:00',
/* author */ (''),
/* organization */ (''),
/* preprocessor_version */ 'ST-DEVELOPER v20.2',
/* originating_system */ 'Autodesk Translation Framework v15.15.0.0',
/* authorisation */ '');

FILE_SCHEMA (('AUTOMOTIVE_DESIGN { 1 0 10303 214 3 1 1 }'));
ENDSEC;

DATA;
#10=MECHANICAL_DESIGN_GEOMETRIC_PRESENTATION_REPRESENTATION('',(#13),#9988);
#11=SHAPE_REPRESENTATION_RELATIONSHIP('SRR','None',#9995,#12);
#12=ADVANCED_BREP_SHAPE_REPRESENTATION('',(#14),#9987);
#13=STYLED_ITEM('',(#10005),#14);
#14=MANIFOLD_SOLID_BREP('ABS Feeder Plate Milled',#5716);
#15=FACE_BOUND('',#449,.T.);
#16=FACE_BOUND('',#452,.T.);
#17=FACE_BOUND('',#455,.T.);
#18=FACE_BOUND('',#458,.T.);
#19=FACE_BOUND('',#461,.T.);
#20=FACE_BOUND('',#464,.T.);
#21=FACE_BOUND('',#467,.T.);
#22=FACE_BOUND('',#470,.T.);
#23=FACE_BOUND('',#480,.T.);
#24=FACE_BOUND('',#481,.T.);
#25=FACE_BOUND('',#482,.T.);
#26=FACE_BOUND('',#483,.T.);
#27=FACE_BOUND('',#750,.T.);
#28=FACE_BOUND('',#751,.T.);
#29=FACE_BOUND('',#752,.T.);
#30=FACE_BOUND('',#753,.T.);
#31=FACE_BOUND('',#754,.T.);
#32=FACE_BOUND('',#755,.T.);
#33=FACE_BOUND('',#756,.T.);
#34=FACE_BOUND('',#757,.T.);
#35=FACE_BOUND('',#758,.T.);
#36=FACE_BOUND('',#760,.T.);
#37=FACE_BOUND('',#761,.T.);
#38=FACE_BOUND('',#762,.T.);
#39=FACE_BOUND('',#763,.T.);
#40=FACE_BOUND('',#764,.T.);
#41=FACE_BOUND('',#765,.T.);
#42=FACE_BOUND('',#766,.T.);
#43=FACE_BOUND('',#767,.T.);
#44=FACE_BOUND('',#768,.T.);
#45=FACE_BOUND('',#769,.T.);
#46=FACE_BOUND('',#770,.T.);
#47=FACE_BOUND('',#771,.T.);
#48=PLANE('',#5745);
#49=PLANE('',#5750);
#50=PLANE('',#5755);
#51=PLANE('',#5760);
#52=PLANE('',#5765);
#53=PLANE('',#5770);
#54=PLANE('',#5775);
#55=PLANE('',#5780);
#56=PLANE('',#5798);
#57=PLANE('',#5802);
#58=PLANE('',#5812);
#59=PLANE('',#5816);
#60=PLANE('',#5826);
#61=PLANE('',#5830);
#62=PLANE('',#5840);
#63=PLANE('',#5844);
#64=PLANE('',#5854);
#65=PLANE('',#5858);
#66=PLANE('',#5868);
#67=PLANE('',#5872);
#68=PLANE('',#5882);
#69=PLANE('',#5886);
#70=PLANE('',#5896);
#71=PLANE('',#5900);
#72=PLANE('',#5910);
#73=PLANE('',#5914);
#74=PLANE('',#5924);
#75=PLANE('',#5928);
#76=PLANE('',#5938);
#77=PLANE('',#5942);
#78=PLANE('',#5952);
#79=PLANE('',#5956);
#80=PLANE('',#5966);
#81=PLANE('',#5970);
#82=PLANE('',#5980);
#83=PLANE('',#5984);
#84=PLANE('',#5994);
#85=PLANE('',#5998);
#86=PLANE('',#6008);
#87=PLANE('',#6012);
#88=PLANE('',#6022);
#89=PLANE('',#6026);
#90=PLANE('',#6036);
#91=PLANE('',#6040);
#92=PLANE('',#6050);
#93=PLANE('',#6054);
#94=PLANE('',#6064);
#95=PLANE('',#6068);
#96=PLANE('',#6078);
#97=PLANE('',#6082);
#98=PLANE('',#6092);
#99=PLANE('',#6096);
#100=PLANE('',#6106);
#101=PLANE('',#6110);
#102=PLANE('',#6120);
#103=PLANE('',#6124);
#104=PLANE('',#6134);
#105=PLANE('',#6138);
#106=PLANE('',#6148);
#107=PLANE('',#6152);
#108=PLANE('',#6162);
#109=PLANE('',#6166);
#110=PLANE('',#6176);
#111=PLANE('',#6180);
#112=PLANE('',#6190);
#113=PLANE('',#6194);
#114=PLANE('',#6204);
#115=PLANE('',#6208);
#116=PLANE('',#6218);
#117=PLANE('',#6222);
#118=PLANE('',#6232);
#119=PLANE('',#6236);
#120=PLANE('',#6246);
#121=PLANE('',#6250);
#122=PLANE('',#6260);
#123=PLANE('',#6264);
#124=PLANE('',#6274);
#125=PLANE('',#6278);
#126=PLANE('',#6288);
#127=PLANE('',#6292);
#128=PLANE('',#6302);
#129=PLANE('',#6306);
#130=PLANE('',#6316);
#131=PLANE('',#6320);
#132=PLANE('',#6330);
#133=PLANE('',#6334);
#134=PLANE('',#6344);
#135=PLANE('',#6348);
#136=PLANE('',#6358);
#137=PLANE('',#6362);
#138=PLANE('',#6372);
#139=PLANE('',#6376);
#140=PLANE('',#6386);
#141=PLANE('',#6390);
#142=PLANE('',#6400);
#143=PLANE('',#6404);
#144=PLANE('',#6414);
#145=PLANE('',#6418);
#146=PLANE('',#6419);
#147=FACE_OUTER_BOUND('',#443,.T.);
#148=FACE_OUTER_BOUND('',#444,.T.);
#149=FACE_OUTER_BOUND('',#445,.T.);
#150=FACE_OUTER_BOUND('',#446,.T.);
#151=FACE_OUTER_BOUND('',#447,.T.);
#152=FACE_OUTER_BOUND('',#448,.T.);
#153=FACE_OUTER_BOUND('',#450,.T.);
#154=FACE_OUTER_BOUND('',#451,.T.);
#155=FACE_OUTER_BOUND('',#453,.T.);
#156=FACE_OUTER_BOUND('',#454,.T.);
#157=FACE_OUTER_BOUND('',#456,.T.);
#158=FACE_OUTER_BOUND('',#457,.T.);
#159=FACE_OUTER_BOUND('',#459,.T.);
#160=FACE_OUTER_BOUND('',#460,.T.);
#161=FACE_OUTER_BOUND('',#462,.T.);
#162=FACE_OUTER_BOUND('',#463,.T.);
#163=FACE_OUTER_BOUND('',#465,.T.);
#164=FACE_OUTER_BOUND('',#466,.T.);
#165=FACE_OUTER_BOUND('',#468,.T.);
#166=FACE_OUTER_BOUND('',#469,.T.);
#167=FACE_OUTER_BOUND('',#471,.T.);
#168=FACE_OUTER_BOUND('',#472,.T.);
#169=FACE_OUTER_BOUND('',#473,.T.);
#170=FACE_OUTER_BOUND('',#474,.T.);
#171=FACE_OUTER_BOUND('',#475,.T.);
#172=FACE_OUTER_BOUND('',#476,.T.);
#173=FACE_OUTER_BOUND('',#477,.T.);
#174=FACE_OUTER_BOUND('',#478,.T.);
#175=FACE_OUTER_BOUND('',#479,.T.);
#176=FACE_OUTER_BOUND('',#484,.T.);
#177=FACE_OUTER_BOUND('',#485,.T.);
#178=FACE_OUTER_BOUND('',#486,.T.);
#179=FACE_OUTER_BOUND('',#487,.T.);
#180=FACE_OUTER_BOUND('',#488,.T.);
#181=FACE_OUTER_BOUND('',#489,.T.);
#182=FACE_OUTER_BOUND('',#490,.T.);
#183=FACE_OUTER_BOUND('',#491,.T.);
#184=FACE_OUTER_BOUND('',#492,.T.);
#185=FACE_OUTER_BOUND('',#493,.T.);
#186=FACE_OUTER_BOUND('',#494,.T.);
#187=FACE_OUTER_BOUND('',#495,.T.);
#188=FACE_OUTER_BOUND('',#496,.T.);
#189=FACE_OUTER_BOUND('',#497,.T.);
#190=FACE_OUTER_BOUND('',#498,.T.);
#191=FACE_OUTER_BOUND('',#499,.T.);
#192=FACE_OUTER_BOUND('',#500,.T.);
#193=FACE_OUTER_BOUND('',#501,.T.);
#194=FACE_OUTER_BOUND('',#502,.T.);
#195=FACE_OUTER_BOUND('',#503,.T.);
#196=FACE_OUTER_BOUND('',#504,.T.);
#197=FACE_OUTER_BOUND('',#505,.T.);
#198=FACE_OUTER_BOUND('',#506,.T.);
#199=FACE_OUTER_BOUND('',#507,.T.);
#200=FACE_OUTER_BOUND('',#508,.T.);
#201=FACE_OUTER_BOUND('',#509,.T.);
#202=FACE_OUTER_BOUND('',#510,.T.);
#203=FACE_OUTER_BOUND('',#511,.T.);
#204=FACE_OUTER_BOUND('',#512,.T.);
#205=FACE_OUTER_BOUND('',#513,.T.);
#206=FACE_OUTER_BOUND('',#514,.T.);
#207=FACE_OUTER_BOUND('',#515,.T.);
#208=FACE_OUTER_BOUND('',#516,.T.);
#209=FACE_OUTER_BOUND('',#517,.T.);
#210=FACE_OUTER_BOUND('',#518,.T.);
#211=FACE_OUTER_BOUND('',#519,.T.);
#212=FACE_OUTER_BOUND('',#520,.T.);
#213=FACE_OUTER_BOUND('',#521,.T.);
#214=FACE_OUTER_BOUND('',#522,.T.);
#215=FACE_OUTER_BOUND('',#523,.T.);
#216=FACE_OUTER_BOUND('',#524,.T.);
#217=FACE_OUTER_BOUND('',#525,.T.);
#218=FACE_OUTER_BOUND('',#526,.T.);
#219=FACE_OUTER_BOUND('',#527,.T.);
#220=FACE_OUTER_BOUND('',#528,.T.);
#221=FACE_OUTER_BOUND('',#529,.T.);
#222=FACE_OUTER_BOUND('',#530,.T.);
#223=FACE_OUTER_BOUND('',#531,.T.);
#224=FACE_OUTER_BOUND('',#532,.T.);
#225=FACE_OUTER_BOUND('',#533,.T.);
#226=FACE_OUTER_BOUND('',#534,.T.);
#227=FACE_OUTER_BOUND('',#535,.T.);
#228=FACE_OUTER_BOUND('',#536,.T.);
#229=FACE_OUTER_BOUND('',#537,.T.);
#230=FACE_OUTER_BOUND('',#538,.T.);
#231=FACE_OUTER_BOUND('',#539,.T.);
#232=FACE_OUTER_BOUND('',#540,.T.);
#233=FACE_OUTER_BOUND('',#541,.T.);
#234=FACE_OUTER_BOUND('',#542,.T.);
#235=FACE_OUTER_BOUND('',#543,.T.);
#236=FACE_OUTER_BOUND('',#544,.T.);
#237=FACE_OUTER_BOUND('',#545,.T.);
#238=FACE_OUTER_BOUND('',#546,.T.);
#239=FACE_OUTER_BOUND('',#547,.T.);
#240=FACE_OUTER_BOUND('',#548,.T.);
#241=FACE_OUTER_BOUND('',#549,.T.);
#242=FACE_OUTER_BOUND('',#550,.T.);
#243=FACE_OUTER_BOUND('',#551,.T.);
#244=FACE_OUTER_BOUND('',#552,.T.);
#245=FACE_OUTER_BOUND('',#553,.T.);
#246=FACE_OUTER_BOUND('',#554,.T.);
#247=FACE_OUTER_BOUND('',#555,.T.);
#248=FACE_OUTER_BOUND('',#556,.T.);
#249=FACE_OUTER_BOUND('',#557,.T.);
#250=FACE_OUTER_BOUND('',#558,.T.);
#251=FACE_OUTER_BOUND('',#559,.T.);
#252=FACE_OUTER_BOUND('',#560,.T.);
#253=FACE_OUTER_BOUND('',#561,.T.);
#254=FACE_OUTER_BOUND('',#562,.T.);
#255=FACE_OUTER_BOUND('',#563,.T.);
#256=FACE_OUTER_BOUND('',#564,.T.);
#257=FACE_OUTER_BOUND('',#565,.T.);
#258=FACE_OUTER_BOUND('',#566,.T.);
#259=FACE_OUTER_BOUND('',#567,.T.);
#260=FACE_OUTER_BOUND('',#568,.T.);
#261=FACE_OUTER_BOUND('',#569,.T.);
#262=FACE_OUTER_BOUND('',#570,.T.);
#263=FACE_OUTER_BOUND('',#571,.T.);
#264=FACE_OUTER_BOUND('',#572,.T.);
#265=FACE_OUTER_BOUND('',#573,.T.);
#266=FACE_OUTER_BOUND('',#574,.T.);
#267=FACE_OUTER_BOUND('',#575,.T.);
#268=FACE_OUTER_BOUND('',#576,.T.);
#269=FACE_OUTER_BOUND('',#577,.T.);
#270=FACE_OUTER_BOUND('',#578,.T.);
#271=FACE_OUTER_BOUND('',#579,.T.);
#272=FACE_OUTER_BOUND('',#580,.T.);
#273=FACE_OUTER_BOUND('',#581,.T.);
#274=FACE_OUTER_BOUND('',#582,.T.);
#275=FACE_OUTER_BOUND('',#583,.T.);
#276=FACE_OUTER_BOUND('',#584,.T.);
#277=FACE_OUTER_BOUND('',#585,.T.);
#278=FACE_OUTER_BOUND('',#586,.T.);
#279=FACE_OUTER_BOUND('',#587,.T.);
#280=FACE_OUTER_BOUND('',#588,.T.);
#281=FACE_OUTER_BOUND('',#589,.T.);
#282=FACE_OUTER_BOUND('',#590,.T.);
#283=FACE_OUTER_BOUND('',#591,.T.);
#284=FACE_OUTER_BOUND('',#592,.T.);
#285=FACE_OUTER_BOUND('',#593,.T.);
#286=FACE_OUTER_BOUND('',#594,.T.);
#287=FACE_OUTER_BOUND('',#595,.T.);
#288=FACE_OUTER_BOUND('',#596,.T.);
#289=FACE_OUTER_BOUND('',#597,.T.);
#290=FACE_OUTER_BOUND('',#598,.T.);
#291=FACE_OUTER_BOUND('',#599,.T.);
#292=FACE_OUTER_BOUND('',#600,.T.);
#293=FACE_OUTER_BOUND('',#601,.T.);
#294=FACE_OUTER_BOUND('',#602,.T.);
#295=FACE_OUTER_BOUND('',#603,.T.);
#296=FACE_OUTER_BOUND('',#604,.T.);
#297=FACE_OUTER_BOUND('',#605,.T.);
#298=FACE_OUTER_BOUND('',#606,.T.);
#299=FACE_OUTER_BOUND('',#607,.T.);
#300=FACE_OUTER_BOUND('',#608,.T.);
#301=FACE_OUTER_BOUND('',#609,.T.);
#302=FACE_OUTER_BOUND('',#610,.T.);
#303=FACE_OUTER_BOUND('',#611,.T.);
#304=FACE_OUTER_BOUND('',#612,.T.);
#305=FACE_OUTER_BOUND('',#613,.T.);
#306=FACE_OUTER_BOUND('',#614,.T.);
#307=FACE_OUTER_BOUND('',#615,.T.);
#308=FACE_OUTER_BOUND('',#616,.T.);
#309=FACE_OUTER_BOUND('',#617,.T.);
#310=FACE_OUTER_BOUND('',#618,.T.);
#311=FACE_OUTER_BOUND('',#619,.T.);
#312=FACE_OUTER_BOUND('',#620,.T.);
#313=FACE_OUTER_BOUND('',#621,.T.);
#314=FACE_OUTER_BOUND('',#622,.T.);
#315=FACE_OUTER_BOUND('',#623,.T.);
#316=FACE_OUTER_BOUND('',#624,.T.);
#317=FACE_OUTER_BOUND('',#625,.T.);
#318=FACE_OUTER_BOUND('',#626,.T.);
#319=FACE_OUTER_BOUND('',#627,.T.);
#320=FACE_OUTER_BOUND('',#628,.T.);
#321=FACE_OUTER_BOUND('',#629,.T.);
#322=FACE_OUTER_BOUND('',#630,.T.);
#323=FACE_OUTER_BOUND('',#631,.T.);
#324=FACE_OUTER_BOUND('',#632,.T.);
#325=FACE_OUTER_BOUND('',#633,.T.);
#326=FACE_OUTER_BOUND('',#634,.T.);
#327=FACE_OUTER_BOUND('',#635,.T.);
#328=FACE_OUTER_BOUND('',#636,.T.);
#329=FACE_OUTER_BOUND('',#637,.T.);
#330=FACE_OUTER_BOUND('',#638,.T.);
#331=FACE_OUTER_BOUND('',#639,.T.);
#332=FACE_OUTER_BOUND('',#640,.T.);
#333=FACE_OUTER_BOUND('',#641,.T.);
#334=FACE_OUTER_BOUND('',#642,.T.);
#335=FACE_OUTER_BOUND('',#643,.T.);
#336=FACE_OUTER_BOUND('',#644,.T.);
#337=FACE_OUTER_BOUND('',#645,.T.);
#338=FACE_OUTER_BOUND('',#646,.T.);
#339=FACE_OUTER_BOUND('',#647,.T.);
#340=FACE_OUTER_BOUND('',#648,.T.);
#341=FACE_OUTER_BOUND('',#649,.T.);
#342=FACE_OUTER_BOUND('',#650,.T.);
#343=FACE_OUTER_BOUND('',#651,.T.);
#344=FACE_OUTER_BOUND('',#652,.T.);
#345=FACE_OUTER_BOUND('',#653,.T.);
#346=FACE_OUTER_BOUND('',#654,.T.);
#347=FACE_OUTER_BOUND('',#655,.T.);
#348=FACE_OUTER_BOUND('',#656,.T.);
#349=FACE_OUTER_BOUND('',#657,.T.);
#350=FACE_OUTER_BOUND('',#658,.T.);
#351=FACE_OUTER_BOUND('',#659,.T.);
#352=FACE_OUTER_BOUND('',#660,.T.);
#353=FACE_OUTER_BOUND('',#661,.T.);
#354=FACE_OUTER_BOUND('',#662,.T.);
#355=FACE_OUTER_BOUND('',#663,.T.);
#356=FACE_OUTER_BOUND('',#664,.T.);
#357=FACE_OUTER_BOUND('',#665,.T.);
#358=FACE_OUTER_BOUND('',#666,.T.);
#359=FACE_OUTER_BOUND('',#667,.T.);
#360=FACE_OUTER_BOUND('',#668,.T.);
#361=FACE_OUTER_BOUND('',#669,.T.);
#362=FACE_OUTER_BOUND('',#670,.T.);
#363=FACE_OUTER_BOUND('',#671,.T.);
#364=FACE_OUTER_BOUND('',#672,.T.);
#365=FACE_OUTER_BOUND('',#673,.T.);
#366=FACE_OUTER_BOUND('',#674,.T.);
#367=FACE_OUTER_BOUND('',#675,.T.);
#368=FACE_OUTER_BOUND('',#676,.T.);
#369=FACE_OUTER_BOUND('',#677,.T.);
#370=FACE_OUTER_BOUND('',#678,.T.);
#371=FACE_OUTER_BOUND('',#679,.T.);
#372=FACE_OUTER_BOUND('',#680,.T.);
#373=FACE_OUTER_BOUND('',#681,.T.);
#374=FACE_OUTER_BOUND('',#682,.T.);
#375=FACE_OUTER_BOUND('',#683,.T.);
#376=FACE_OUTER_BOUND('',#684,.T.);
#377=FACE_OUTER_BOUND('',#685,.T.);
#378=FACE_OUTER_BOUND('',#686,.T.);
#379=FACE_OUTER_BOUND('',#687,.T.);
#380=FACE_OUTER_BOUND('',#688,.T.);
#381=FACE_OUTER_BOUND('',#689,.T.);
#382=FACE_OUTER_BOUND('',#690,.T.);
#383=FACE_OUTER_BOUND('',#691,.T.);
#384=FACE_OUTER_BOUND('',#692,.T.);
#385=FACE_OUTER_BOUND('',#693,.T.);
#386=FACE_OUTER_BOUND('',#694,.T.);
#387=FACE_OUTER_BOUND('',#695,.T.);
#388=FACE_OUTER_BOUND('',#696,.T.);
#389=FACE_OUTER_BOUND('',#697,.T.);
#390=FACE_OUTER_BOUND('',#698,.T.);
#391=FACE_OUTER_BOUND('',#699,.T.);
#392=FACE_OUTER_BOUND('',#700,.T.);
#393=FACE_OUTER_BOUND('',#701,.T.);
#394=FACE_OUTER_BOUND('',#702,.T.);
#395=FACE_OUTER_BOUND('',#703,.T.);
#396=FACE_OUTER_BOUND('',#704,.T.);
#397=FACE_OUTER_BOUND('',#705,.T.);
#398=FACE_OUTER_BOUND('',#706,.T.);
#399=FACE_OUTER_BOUND('',#707,.T.);
#400=FACE_OUTER_BOUND('',#708,.T.);
#401=FACE_OUTER_BOUND('',#709,.T.);
#402=FACE_OUTER_BOUND('',#710,.T.);
#403=FACE_OUTER_BOUND('',#711,.T.);
#404=FACE_OUTER_BOUND('',#712,.T.);
#405=FACE_OUTER_BOUND('',#713,.T.);
#406=FACE_OUTER_BOUND('',#714,.T.);
#407=FACE_OUTER_BOUND('',#715,.T.);
#408=FACE_OUTER_BOUND('',#716,.T.);
#409=FACE_OUTER_BOUND('',#717,.T.);
#410=FACE_OUTER_BOUND('',#718,.T.);
#411=FACE_OUTER_BOUND('',#719,.T.);
#412=FACE_OUTER_BOUND('',#720,.T.);
#413=FACE_OUTER_BOUND('',#721,.T.);
#414=FACE_OUTER_BOUND('',#722,.T.);
#415=FACE_OUTER_BOUND('',#723,.T.);
#416=FACE_OUTER_BOUND('',#724,.T.);
#417=FACE_OUTER_BOUND('',#725,.T.);
#418=FACE_OUTER_BOUND('',#726,.T.);
#419=FACE_OUTER_BOUND('',#727,.T.);
#420=FACE_OUTER_BOUND('',#728,.T.);
#421=FACE_OUTER_BOUND('',#729,.T.);
#422=FACE_OUTER_BOUND('',#730,.T.);
#423=FACE_OUTER_BOUND('',#731,.T.);
#424=FACE_OUTER_BOUND('',#732,.T.);
#425=FACE_OUTER_BOUND('',#733,.T.);
#426=FACE_OUTER_BOUND('',#734,.T.);
#427=FACE_OUTER_BOUND('',#735,.T.);
#428=FACE_OUTER_BOUND('',#736,.T.);
#429=FACE_OUTER_BOUND('',#737,.T.);
#430=FACE_OUTER_BOUND('',#738,.T.);
#431=FACE_OUTER_BOUND('',#739,.T.);
#432=FACE_OUTER_BOUND('',#740,.T.);
#433=FACE_OUTER_BOUND('',#741,.T.);
#434=FACE_OUTER_BOUND('',#742,.T.);
#435=FACE_OUTER_BOUND('',#743,.T.);
#436=FACE_OUTER_BOUND('',#744,.T.);
#437=FACE_OUTER_BOUND('',#745,.T.);
#438=FACE_OUTER_BOUND('',#746,.T.);
#439=FACE_OUTER_BOUND('',#747,.T.);
#440=FACE_OUTER_BOUND('',#748,.T.);
#441=FACE_OUTER_BOUND('',#749,.T.);
#442=FACE_OUTER_BOUND('',#759,.T.);
#443=EDGE_LOOP('',(#3513,#3514,#3515,#3516));
#444=EDGE_LOOP('',(#3517,#3518,#3519,#3520));
#445=EDGE_LOOP('',(#3521,#3522,#3523,#3524));
#446=EDGE_LOOP('',(#3525,#3526,#3527,#3528));
#447=EDGE_LOOP('',(#3529,#3530,#3531,#3532));
#448=EDGE_LOOP('',(#3533));
#449=EDGE_LOOP('',(#3534));
#450=EDGE_LOOP('',(#3535,#3536,#3537,#3538));
#451=EDGE_LOOP('',(#3539));
#452=EDGE_LOOP('',(#3540));
#453=EDGE_LOOP('',(#3541,#3542,#3543,#3544));
#454=EDGE_LOOP('',(#3545));
#455=EDGE_LOOP('',(#3546));
#456=EDGE_LOOP('',(#3547,#3548,#3549,#3550));
#457=EDGE_LOOP('',(#3551));
#458=EDGE_LOOP('',(#3552));
#459=EDGE_LOOP('',(#3553,#3554,#3555,#3556));
#460=EDGE_LOOP('',(#3557));
#461=EDGE_LOOP('',(#3558));
#462=EDGE_LOOP('',(#3559,#3560,#3561,#3562));
#463=EDGE_LOOP('',(#3563));
#464=EDGE_LOOP('',(#3564));
#465=EDGE_LOOP('',(#3565,#3566,#3567,#3568));
#466=EDGE_LOOP('',(#3569));
#467=EDGE_LOOP('',(#3570));
#468=EDGE_LOOP('',(#3571,#3572,#3573,#3574));
#469=EDGE_LOOP('',(#3575));
#470=EDGE_LOOP('',(#3576));
#471=EDGE_LOOP('',(#3577,#3578,#3579,#3580));
#472=EDGE_LOOP('',(#3581,#3582,#3583,#3584));
#473=EDGE_LOOP('',(#3585,#3586,#3587,#3588));
#474=EDGE_LOOP('',(#3589,#3590,#3591,#3592));
#475=EDGE_LOOP('',(#3593,#3594,#3595,#3596));
#476=EDGE_LOOP('',(#3597,#3598,#3599,#3600));
#477=EDGE_LOOP('',(#3601,#3602,#3603,#3604));
#478=EDGE_LOOP('',(#3605,#3606,#3607,#3608));
#479=EDGE_LOOP('',(#3609));
#480=EDGE_LOOP('',(#3610));
#481=EDGE_LOOP('',(#3611));
#482=EDGE_LOOP('',(#3612));
#483=EDGE_LOOP('',(#3613));
#484=EDGE_LOOP('',(#3614,#3615,#3616,#3617));
#485=EDGE_LOOP('',(#3618,#3619,#3620,#3621));
#486=EDGE_LOOP('',(#3622,#3623,#3624,#3625));
#487=EDGE_LOOP('',(#3626,#3627,#3628,#3629));
#488=EDGE_LOOP('',(#3630,#3631,#3632,#3633));
#489=EDGE_LOOP('',(#3634,#3635,#3636,#3637));
#490=EDGE_LOOP('',(#3638,#3639,#3640,#3641));
#491=EDGE_LOOP('',(#3642,#3643,#3644,#3645));
#492=EDGE_LOOP('',(#3646,#3647,#3648,#3649));
#493=EDGE_LOOP('',(#3650,#3651,#3652,#3653));
#494=EDGE_LOOP('',(#3654,#3655,#3656,#3657));
#495=EDGE_LOOP('',(#3658,#3659,#3660,#3661));
#496=EDGE_LOOP('',(#3662,#3663,#3664,#3665));
#497=EDGE_LOOP('',(#3666,#3667,#3668,#3669));
#498=EDGE_LOOP('',(#3670,#3671,#3672,#3673));
#499=EDGE_LOOP('',(#3674,#3675,#3676,#3677));
#500=EDGE_LOOP('',(#3678,#3679,#3680,#3681));
#501=EDGE_LOOP('',(#3682,#3683,#3684,#3685));
#502=EDGE_LOOP('',(#3686,#3687,#3688,#3689));
#503=EDGE_LOOP('',(#3690,#3691,#3692,#3693));
#504=EDGE_LOOP('',(#3694,#3695,#3696,#3697));
#505=EDGE_LOOP('',(#3698,#3699,#3700,#3701));
#506=EDGE_LOOP('',(#3702,#3703,#3704,#3705));
#507=EDGE_LOOP('',(#3706,#3707,#3708,#3709));
#508=EDGE_LOOP('',(#3710,#3711,#3712,#3713));
#509=EDGE_LOOP('',(#3714,#3715,#3716,#3717));
#510=EDGE_LOOP('',(#3718,#3719,#3720,#3721));
#511=EDGE_LOOP('',(#3722,#3723,#3724,#3725));
#512=EDGE_LOOP('',(#3726,#3727,#3728,#3729));
#513=EDGE_LOOP('',(#3730,#3731,#3732,#3733));
#514=EDGE_LOOP('',(#3734,#3735,#3736,#3737));
#515=EDGE_LOOP('',(#3738,#3739,#3740,#3741));
#516=EDGE_LOOP('',(#3742,#3743,#3744,#3745));
#517=EDGE_LOOP('',(#3746,#3747,#3748,#3749));
#518=EDGE_LOOP('',(#3750,#3751,#3752,#3753));
#519=EDGE_LOOP('',(#3754,#3755,#3756,#3757));
#520=EDGE_LOOP('',(#3758,#3759,#3760,#3761));
#521=EDGE_LOOP('',(#3762,#3763,#3764,#3765));
#522=EDGE_LOOP('',(#3766,#3767,#3768,#3769));
#523=EDGE_LOOP('',(#3770,#3771,#3772,#3773));
#524=EDGE_LOOP('',(#3774,#3775,#3776,#3777));
#525=EDGE_LOOP('',(#3778,#3779,#3780,#3781));
#526=EDGE_LOOP('',(#3782,#3783,#3784,#3785));
#527=EDGE_LOOP('',(#3786,#3787,#3788,#3789));
#528=EDGE_LOOP('',(#3790,#3791,#3792,#3793));
#529=EDGE_LOOP('',(#3794,#3795,#3796,#3797));
#530=EDGE_LOOP('',(#3798,#3799,#3800,#3801));
#531=EDGE_LOOP('',(#3802,#3803,#3804,#3805));
#532=EDGE_LOOP('',(#3806,#3807,#3808,#3809));
#533=EDGE_LOOP('',(#3810,#3811,#3812,#3813));
#534=EDGE_LOOP('',(#3814,#3815,#3816,#3817));
#535=EDGE_LOOP('',(#3818,#3819,#3820,#3821));
#536=EDGE_LOOP('',(#3822,#3823,#3824,#3825));
#537=EDGE_LOOP('',(#3826,#3827,#3828,#3829));
#538=EDGE_LOOP('',(#3830,#3831,#3832,#3833));
#539=EDGE_LOOP('',(#3834,#3835,#3836,#3837));
#540=EDGE_LOOP('',(#3838,#3839,#3840,#3841));
#541=EDGE_LOOP('',(#3842,#3843,#3844,#3845));
#542=EDGE_LOOP('',(#3846,#3847,#3848,#3849));
#543=EDGE_LOOP('',(#3850,#3851,#3852,#3853));
#544=EDGE_LOOP('',(#3854,#3855,#3856,#3857));
#545=EDGE_LOOP('',(#3858,#3859,#3860,#3861));
#546=EDGE_LOOP('',(#3862,#3863,#3864,#3865));
#547=EDGE_LOOP('',(#3866,#3867,#3868,#3869));
#548=EDGE_LOOP('',(#3870,#3871,#3872,#3873));
#549=EDGE_LOOP('',(#3874,#3875,#3876,#3877));
#550=EDGE_LOOP('',(#3878,#3879,#3880,#3881));
#551=EDGE_LOOP('',(#3882,#3883,#3884,#3885));
#552=EDGE_LOOP('',(#3886,#3887,#3888,#3889));
#553=EDGE_LOOP('',(#3890,#3891,#3892,#3893));
#554=EDGE_LOOP('',(#3894,#3895,#3896,#3897));
#555=EDGE_LOOP('',(#3898,#3899,#3900,#3901));
#556=EDGE_LOOP('',(#3902,#3903,#3904,#3905));
#557=EDGE_LOOP('',(#3906,#3907,#3908,#3909));
#558=EDGE_LOOP('',(#3910,#3911,#3912,#3913));
#559=EDGE_LOOP('',(#3914,#3915,#3916,#3917));
#560=EDGE_LOOP('',(#3918,#3919,#3920,#3921));
#561=EDGE_LOOP('',(#3922,#3923,#3924,#3925));
#562=EDGE_LOOP('',(#3926,#3927,#3928,#3929));
#563=EDGE_LOOP('',(#3930,#3931,#3932,#3933));
#564=EDGE_LOOP('',(#3934,#3935,#3936,#3937));
#565=EDGE_LOOP('',(#3938,#3939,#3940,#3941));
#566=EDGE_LOOP('',(#3942,#3943,#3944,#3945));
#567=EDGE_LOOP('',(#3946,#3947,#3948,#3949));
#568=EDGE_LOOP('',(#3950,#3951,#3952,#3953));
#569=EDGE_LOOP('',(#3954,#3955,#3956,#3957));
#570=EDGE_LOOP('',(#3958,#3959,#3960,#3961));
#571=EDGE_LOOP('',(#3962,#3963,#3964,#3965));
#572=EDGE_LOOP('',(#3966,#3967,#3968,#3969));
#573=EDGE_LOOP('',(#3970,#3971,#3972,#3973));
#574=EDGE_LOOP('',(#3974,#3975,#3976,#3977));
#575=EDGE_LOOP('',(#3978,#3979,#3980,#3981));
#576=EDGE_LOOP('',(#3982,#3983,#3984,#3985));
#577=EDGE_LOOP('',(#3986,#3987,#3988,#3989));
#578=EDGE_LOOP('',(#3990,#3991,#3992,#3993));
#579=EDGE_LOOP('',(#3994,#3995,#3996,#3997));
#580=EDGE_LOOP('',(#3998,#3999,#4000,#4001));
#581=EDGE_LOOP('',(#4002,#4003,#4004,#4005));
#582=EDGE_LOOP('',(#4006,#4007,#4008,#4009));
#583=EDGE_LOOP('',(#4010,#4011,#4012,#4013));
#584=EDGE_LOOP('',(#4014,#4015,#4016,#4017));
#585=EDGE_LOOP('',(#4018,#4019,#4020,#4021));
#586=EDGE_LOOP('',(#4022,#4023,#4024,#4025));
#587=EDGE_LOOP('',(#4026,#4027,#4028,#4029));
#588=EDGE_LOOP('',(#4030,#4031,#4032,#4033));
#589=EDGE_LOOP('',(#4034,#4035,#4036,#4037));
#590=EDGE_LOOP('',(#4038,#4039,#4040,#4041));
#591=EDGE_LOOP('',(#4042,#4043,#4044,#4045));
#592=EDGE_LOOP('',(#4046,#4047,#4048,#4049));
#593=EDGE_LOOP('',(#4050,#4051,#4052,#4053));
#594=EDGE_LOOP('',(#4054,#4055,#4056,#4057));
#595=EDGE_LOOP('',(#4058,#4059,#4060,#4061));
#596=EDGE_LOOP('',(#4062,#4063,#4064,#4065));
#597=EDGE_LOOP('',(#4066,#4067,#4068,#4069));
#598=EDGE_LOOP('',(#4070,#4071,#4072,#4073));
#599=EDGE_LOOP('',(#4074,#4075,#4076,#4077));
#600=EDGE_LOOP('',(#4078,#4079,#4080,#4081));
#601=EDGE_LOOP('',(#4082,#4083,#4084,#4085));
#602=EDGE_LOOP('',(#4086,#4087,#4088,#4089));
#603=EDGE_LOOP('',(#4090,#4091,#4092,#4093));
#604=EDGE_LOOP('',(#4094,#4095,#4096,#4097));
#605=EDGE_LOOP('',(#4098,#4099,#4100,#4101));
#606=EDGE_LOOP('',(#4102,#4103,#4104,#4105));
#607=EDGE_LOOP('',(#4106,#4107,#4108,#4109));
#608=EDGE_LOOP('',(#4110,#4111,#4112,#4113));
#609=EDGE_LOOP('',(#4114,#4115,#4116,#4117));
#610=EDGE_LOOP('',(#4118,#4119,#4120,#4121));
#611=EDGE_LOOP('',(#4122,#4123,#4124,#4125));
#612=EDGE_LOOP('',(#4126,#4127,#4128,#4129));
#613=EDGE_LOOP('',(#4130,#4131,#4132,#4133));
#614=EDGE_LOOP('',(#4134,#4135,#4136,#4137));
#615=EDGE_LOOP('',(#4138,#4139,#4140,#4141));
#616=EDGE_LOOP('',(#4142,#4143,#4144,#4145));
#617=EDGE_LOOP('',(#4146,#4147,#4148,#4149));
#618=EDGE_LOOP('',(#4150,#4151,#4152,#4153));
#619=EDGE_LOOP('',(#4154,#4155,#4156,#4157));
#620=EDGE_LOOP('',(#4158,#4159,#4160,#4161));
#621=EDGE_LOOP('',(#4162,#4163,#4164,#4165));
#622=EDGE_LOOP('',(#4166,#4167,#4168,#4169));
#623=EDGE_LOOP('',(#4170,#4171,#4172,#4173));
#624=EDGE_LOOP('',(#4174,#4175,#4176,#4177));
#625=EDGE_LOOP('',(#4178,#4179,#4180,#4181));
#626=EDGE_LOOP('',(#4182,#4183,#4184,#4185));
#627=EDGE_LOOP('',(#4186,#4187,#4188,#4189));
#628=EDGE_LOOP('',(#4190,#4191,#4192,#4193));
#629=EDGE_LOOP('',(#4194,#4195,#4196,#4197));
#630=EDGE_LOOP('',(#4198,#4199,#4200,#4201));
#631=EDGE_LOOP('',(#4202,#4203,#4204,#4205));
#632=EDGE_LOOP('',(#4206,#4207,#4208,#4209));
#633=EDGE_LOOP('',(#4210,#4211,#4212,#4213));
#634=EDGE_LOOP('',(#4214,#4215,#4216,#4217));
#635=EDGE_LOOP('',(#4218,#4219,#4220,#4221));
#636=EDGE_LOOP('',(#4222,#4223,#4224,#4225));
#637=EDGE_LOOP('',(#4226,#4227,#4228,#4229));
#638=EDGE_LOOP('',(#4230,#4231,#4232,#4233));
#639=EDGE_LOOP('',(#4234,#4235,#4236,#4237));
#640=EDGE_LOOP('',(#4238,#4239,#4240,#4241));
#641=EDGE_LOOP('',(#4242,#4243,#4244,#4245));
#642=EDGE_LOOP('',(#4246,#4247,#4248,#4249));
#643=EDGE_LOOP('',(#4250,#4251,#4252,#4253));
#644=EDGE_LOOP('',(#4254,#4255,#4256,#4257));
#645=EDGE_LOOP('',(#4258,#4259,#4260,#4261));
#646=EDGE_LOOP('',(#4262,#4263,#4264,#4265));
#647=EDGE_LOOP('',(#4266,#4267,#4268,#4269));
#648=EDGE_LOOP('',(#4270,#4271,#4272,#4273));
#649=EDGE_LOOP('',(#4274,#4275,#4276,#4277));
#650=EDGE_LOOP('',(#4278,#4279,#4280,#4281));
#651=EDGE_LOOP('',(#4282,#4283,#4284,#4285));
#652=EDGE_LOOP('',(#4286,#4287,#4288,#4289));
#653=EDGE_LOOP('',(#4290,#4291,#4292,#4293));
#654=EDGE_LOOP('',(#4294,#4295,#4296,#4297));
#655=EDGE_LOOP('',(#4298,#4299,#4300,#4301));
#656=EDGE_LOOP('',(#4302,#4303,#4304,#4305));
#657=EDGE_LOOP('',(#4306,#4307,#4308,#4309));
#658=EDGE_LOOP('',(#4310,#4311,#4312,#4313));
#659=EDGE_LOOP('',(#4314,#4315,#4316,#4317));
#660=EDGE_LOOP('',(#4318,#4319,#4320,#4321));
#661=EDGE_LOOP('',(#4322,#4323,#4324,#4325));
#662=EDGE_LOOP('',(#4326,#4327,#4328,#4329));
#663=EDGE_LOOP('',(#4330,#4331,#4332,#4333));
#664=EDGE_LOOP('',(#4334,#4335,#4336,#4337));
#665=EDGE_LOOP('',(#4338,#4339,#4340,#4341));
#666=EDGE_LOOP('',(#4342,#4343,#4344,#4345));
#667=EDGE_LOOP('',(#4346,#4347,#4348,#4349));
#668=EDGE_LOOP('',(#4350,#4351,#4352,#4353));
#669=EDGE_LOOP('',(#4354,#4355,#4356,#4357));
#670=EDGE_LOOP('',(#4358,#4359,#4360,#4361));
#671=EDGE_LOOP('',(#4362,#4363,#4364,#4365));
#672=EDGE_LOOP('',(#4366,#4367,#4368,#4369));
#673=EDGE_LOOP('',(#4370,#4371,#4372,#4373));
#674=EDGE_LOOP('',(#4374,#4375,#4376,#4377));
#675=EDGE_LOOP('',(#4378,#4379,#4380,#4381));
#676=EDGE_LOOP('',(#4382,#4383,#4384,#4385));
#677=EDGE_LOOP('',(#4386,#4387,#4388,#4389));
#678=EDGE_LOOP('',(#4390,#4391,#4392,#4393));
#679=EDGE_LOOP('',(#4394,#4395,#4396,#4397));
#680=EDGE_LOOP('',(#4398,#4399,#4400,#4401));
#681=EDGE_LOOP('',(#4402,#4403,#4404,#4405));
#682=EDGE_LOOP('',(#4406,#4407,#4408,#4409));
#683=EDGE_LOOP('',(#4410,#4411,#4412,#4413));
#684=EDGE_LOOP('',(#4414,#4415,#4416,#4417));
#685=EDGE_LOOP('',(#4418,#4419,#4420,#4421));
#686=EDGE_LOOP('',(#4422,#4423,#4424,#4425));
#687=EDGE_LOOP('',(#4426,#4427,#4428,#4429));
#688=EDGE_LOOP('',(#4430,#4431,#4432,#4433));
#689=EDGE_LOOP('',(#4434,#4435,#4436,#4437));
#690=EDGE_LOOP('',(#4438,#4439,#4440,#4441));
#691=EDGE_LOOP('',(#4442,#4443,#4444,#4445));
#692=EDGE_LOOP('',(#4446,#4447,#4448,#4449));
#693=EDGE_LOOP('',(#4450,#4451,#4452,#4453));
#694=EDGE_LOOP('',(#4454,#4455,#4456,#4457));
#695=EDGE_LOOP('',(#4458,#4459,#4460,#4461));
#696=EDGE_LOOP('',(#4462,#4463,#4464,#4465));
#697=EDGE_LOOP('',(#4466,#4467,#4468,#4469));
#698=EDGE_LOOP('',(#4470,#4471,#4472,#4473));
#699=EDGE_LOOP('',(#4474,#4475,#4476,#4477));
#700=EDGE_LOOP('',(#4478,#4479,#4480,#4481));
#701=EDGE_LOOP('',(#4482,#4483,#4484,#4485));
#702=EDGE_LOOP('',(#4486,#4487,#4488,#4489));
#703=EDGE_LOOP('',(#4490,#4491,#4492,#4493));
#704=EDGE_LOOP('',(#4494,#4495,#4496,#4497));
#705=EDGE_LOOP('',(#4498,#4499,#4500,#4501));
#706=EDGE_LOOP('',(#4502,#4503,#4504,#4505));
#707=EDGE_LOOP('',(#4506,#4507,#4508,#4509));
#708=EDGE_LOOP('',(#4510,#4511,#4512,#4513));
#709=EDGE_LOOP('',(#4514,#4515,#4516,#4517));
#710=EDGE_LOOP('',(#4518,#4519,#4520,#4521));
#711=EDGE_LOOP('',(#4522,#4523,#4524,#4525));
#712=EDGE_LOOP('',(#4526,#4527,#4528,#4529));
#713=EDGE_LOOP('',(#4530,#4531,#4532,#4533));
#714=EDGE_LOOP('',(#4534,#4535,#4536,#4537));
#715=EDGE_LOOP('',(#4538,#4539,#4540,#4541));
#716=EDGE_LOOP('',(#4542,#4543,#4544,#4545));
#717=EDGE_LOOP('',(#4546,#4547,#4548,#4549));
#718=EDGE_LOOP('',(#4550,#4551,#4552,#4553));
#719=EDGE_LOOP('',(#4554,#4555,#4556,#4557));
#720=EDGE_LOOP('',(#4558,#4559,#4560,#4561));
#721=EDGE_LOOP('',(#4562,#4563,#4564,#4565));
#722=EDGE_LOOP('',(#4566,#4567,#4568,#4569));
#723=EDGE_LOOP('',(#4570,#4571,#4572,#4573));
#724=EDGE_LOOP('',(#4574,#4575,#4576,#4577));
#725=EDGE_LOOP('',(#4578,#4579,#4580,#4581));
#726=EDGE_LOOP('',(#4582,#4583,#4584,#4585));
#727=EDGE_LOOP('',(#4586,#4587,#4588,#4589));
#728=EDGE_LOOP('',(#4590,#4591,#4592,#4593));
#729=EDGE_LOOP('',(#4594,#4595,#4596,#4597));
#730=EDGE_LOOP('',(#4598,#4599,#4600,#4601));
#731=EDGE_LOOP('',(#4602,#4603,#4604,#4605));
#732=EDGE_LOOP('',(#4606,#4607,#4608,#4609));
#733=EDGE_LOOP('',(#4610,#4611,#4612,#4613));
#734=EDGE_LOOP('',(#4614,#4615,#4616,#4617));
#735=EDGE_LOOP('',(#4618,#4619,#4620,#4621));
#736=EDGE_LOOP('',(#4622,#4623,#4624,#4625));
#737=EDGE_LOOP('',(#4626,#4627,#4628,#4629));
#738=EDGE_LOOP('',(#4630,#4631,#4632,#4633));
#739=EDGE_LOOP('',(#4634,#4635,#4636,#4637));
#740=EDGE_LOOP('',(#4638,#4639,#4640,#4641));
#741=EDGE_LOOP('',(#4642,#4643,#4644,#4645));
#742=EDGE_LOOP('',(#4646,#4647,#4648,#4649));
#743=EDGE_LOOP('',(#4650,#4651,#4652,#4653));
#744=EDGE_LOOP('',(#4654,#4655,#4656,#4657));
#745=EDGE_LOOP('',(#4658,#4659,#4660,#4661));
#746=EDGE_LOOP('',(#4662,#4663,#4664,#4665));
#747=EDGE_LOOP('',(#4666,#4667,#4668,#4669));
#748=EDGE_LOOP('',(#4670,#4671,#4672,#4673));
#749=EDGE_LOOP('',(#4674,#4675,#4676,#4677,#4678,#4679,#4680,#4681,#4682,
#4683,#4684,#4685,#4686,#4687,#4688,#4689,#4690,#4691,#4692,#4693,#4694,
#4695,#4696,#4697,#4698,#4699,#4700,#4701,#4702,#4703,#4704,#4705,#4706,
#4707,#4708,#4709,#4710,#4711,#4712,#4713,#4714,#4715,#4716,#4717,#4718,
#4719,#4720,#4721,#4722,#4723,#4724,#4725,#4726,#4727,#4728,#4729,#4730,
#4731,#4732,#4733,#4734,#4735,#4736,#4737,#4738,#4739,#4740,#4741,#4742,
#4743,#4744,#4745,#4746,#4747,#4748,#4749,#4750,#4751,#4752,#4753,#4754,
#4755,#4756,#4757,#4758,#4759,#4760,#4761,#4762,#4763,#4764,#4765,#4766,
#4767,#4768,#4769,#4770,#4771,#4772,#4773,#4774,#4775,#4776,#4777,#4778,
#4779,#4780,#4781,#4782,#4783,#4784,#4785,#4786,#4787,#4788,#4789,#4790,
#4791,#4792,#4793,#4794,#4795,#4796,#4797,#4798,#4799,#4800,#4801,#4802,
#4803,#4804,#4805,#4806,#4807,#4808,#4809,#4810,#4811,#4812,#4813,#4814,
#4815,#4816,#4817,#4818,#4819,#4820,#4821,#4822,#4823,#4824,#4825,#4826,
#4827,#4828,#4829,#4830,#4831,#4832,#4833,#4834,#4835,#4836,#4837,#4838,
#4839,#4840,#4841,#4842,#4843,#4844,#4845,#4846,#4847,#4848,#4849,#4850,
#4851,#4852,#4853,#4854,#4855,#4856,#4857,#4858,#4859,#4860,#4861,#4862,
#4863,#4864,#4865,#4866,#4867,#4868,#4869,#4870,#4871,#4872,#4873,#4874,
#4875,#4876,#4877,#4878,#4879,#4880,#4881,#4882,#4883,#4884,#4885,#4886,
#4887,#4888,#4889,#4890,#4891,#4892,#4893,#4894,#4895,#4896,#4897,#4898,
#4899,#4900,#4901,#4902,#4903,#4904,#4905,#4906,#4907,#4908,#4909,#4910,
#4911,#4912,#4913,#4914,#4915,#4916,#4917,#4918,#4919,#4920,#4921,#4922,
#4923,#4924,#4925,#4926,#4927,#4928,#4929,#4930,#4931,#4932,#4933,#4934,
#4935,#4936,#4937));
#750=EDGE_LOOP('',(#4938));
#751=EDGE_LOOP('',(#4939));
#752=EDGE_LOOP('',(#4940));
#753=EDGE_LOOP('',(#4941));
#754=EDGE_LOOP('',(#4942));
#755=EDGE_LOOP('',(#4943));
#756=EDGE_LOOP('',(#4944));
#757=EDGE_LOOP('',(#4945));
#758=EDGE_LOOP('',(#4946));
#759=EDGE_LOOP('',(#4947,#4948,#4949,#4950,#4951,#4952,#4953,#4954,#4955,
#4956,#4957,#4958,#4959,#4960,#4961,#4962,#4963,#4964,#4965,#4966,#4967,
#4968,#4969,#4970,#4971,#4972,#4973,#4974,#4975,#4976,#4977,#4978,#4979,
#4980,#4981,#4982,#4983,#4984,#4985,#4986,#4987,#4988,#4989,#4990,#4991,
#4992,#4993,#4994,#4995,#4996,#4997,#4998,#4999,#5000,#5001,#5002,#5003,
#5004,#5005,#5006,#5007,#5008,#5009,#5010,#5011,#5012,#5013,#5014,#5015,
#5016,#5017,#5018,#5019,#5020,#5021,#5022,#5023,#5024,#5025,#5026,#5027,
#5028,#5029,#5030,#5031,#5032,#5033,#5034,#5035,#5036,#5037,#5038,#5039,
#5040,#5041,#5042,#5043,#5044,#5045,#5046,#5047,#5048,#5049,#5050,#5051,
#5052,#5053,#5054,#5055,#5056,#5057,#5058,#5059,#5060,#5061,#5062,#5063,
#5064,#5065,#5066,#5067,#5068,#5069,#5070,#5071,#5072,#5073,#5074,#5075,
#5076,#5077,#5078,#5079,#5080,#5081,#5082,#5083,#5084,#5085,#5086,#5087,
#5088,#5089,#5090,#5091,#5092,#5093,#5094,#5095,#5096,#5097,#5098,#5099,
#5100,#5101,#5102,#5103,#5104,#5105,#5106,#5107,#5108,#5109,#5110,#5111,
#5112,#5113,#5114,#5115,#5116,#5117,#5118,#5119,#5120,#5121,#5122,#5123,
#5124,#5125,#5126,#5127,#5128,#5129,#5130,#5131,#5132,#5133,#5134,#5135,
#5136,#5137,#5138,#5139,#5140,#5141,#5142,#5143,#5144,#5145,#5146,#5147,
#5148,#5149,#5150,#5151,#5152,#5153,#5154,#5155,#5156,#5157,#5158,#5159,
#5160,#5161,#5162,#5163,#5164,#5165,#5166,#5167,#5168,#5169,#5170,#5171,
#5172,#5173,#5174,#5175,#5176,#5177,#5178,#5179,#5180,#5181,#5182,#5183,
#5184,#5185,#5186,#5187,#5188,#5189,#5190,#5191,#5192,#5193,#5194,#5195,
#5196,#5197,#5198,#5199,#5200,#5201,#5202,#5203,#5204,#5205,#5206,#5207,
#5208,#5209,#5210));
#760=EDGE_LOOP('',(#5211));
#761=EDGE_LOOP('',(#5212));
#762=EDGE_LOOP('',(#5213));
#763=EDGE_LOOP('',(#5214));
#764=EDGE_LOOP('',(#5215));
#765=EDGE_LOOP('',(#5216));
#766=EDGE_LOOP('',(#5217));
#767=EDGE_LOOP('',(#5218));
#768=EDGE_LOOP('',(#5219));
#769=EDGE_LOOP('',(#5220));
#770=EDGE_LOOP('',(#5221));
#771=EDGE_LOOP('',(#5222));
#772=LINE('',#8268,#1233);
#773=LINE('',#8274,#1234);
#774=LINE('',#8280,#1235);
#775=LINE('',#8286,#1236);
#776=LINE('',#8292,#1237);
#777=LINE('',#8301,#1238);
#778=LINE('',#8310,#1239);
#779=LINE('',#8319,#1240);
#780=LINE('',#8328,#1241);
#781=LINE('',#8337,#1242);
#782=LINE('',#8346,#1243);
#783=LINE('',#8355,#1244);
#784=LINE('',#8363,#1245);
#785=LINE('',#8367,#1246);
#786=LINE('',#8371,#1247);
#787=LINE('',#8375,#1248);
#788=LINE('',#8379,#1249);
#789=LINE('',#8383,#1250);
#790=LINE('',#8387,#1251);
#791=LINE('',#8391,#1252);
#792=LINE('',#8397,#1253);
#793=LINE('',#8402,#1254);
#794=LINE('',#8404,#1255);
#795=LINE('',#8406,#1256);
#796=LINE('',#8407,#1257);
#797=LINE('',#8413,#1258);
#798=LINE('',#8419,#1259);
#799=LINE('',#8425,#1260);
#800=LINE('',#8428,#1261);
#801=LINE('',#8430,#1262);
#802=LINE('',#8431,#1263);
#803=LINE('',#8437,#1264);
#804=LINE('',#8440,#1265);
#805=LINE('',#8442,#1266);
#806=LINE('',#8443,#1267);
#807=LINE('',#8449,#1268);
#808=LINE('',#8455,#1269);
#809=LINE('',#8461,#1270);
#810=LINE('',#8464,#1271);
#811=LINE('',#8466,#1272);
#812=LINE('',#8467,#1273);
#813=LINE('',#8473,#1274);
#814=LINE('',#8476,#1275);
#815=LINE('',#8478,#1276);
#816=LINE('',#8479,#1277);
#817=LINE('',#8485,#1278);
#818=LINE('',#8491,#1279);
#819=LINE('',#8497,#1280);
#820=LINE('',#8500,#1281);
#821=LINE('',#8502,#1282);
#822=LINE('',#8503,#1283);
#823=LINE('',#8509,#1284);
#824=LINE('',#8512,#1285);
#825=LINE('',#8514,#1286);
#826=LINE('',#8515,#1287);
#827=LINE('',#8521,#1288);
#828=LINE('',#8527,#1289);
#829=LINE('',#8533,#1290);
#830=LINE('',#8536,#1291);
#831=LINE('',#8538,#1292);
#832=LINE('',#8539,#1293);
#833=LINE('',#8545,#1294);
#834=LINE('',#8548,#1295);
#835=LINE('',#8550,#1296);
#836=LINE('',#8551,#1297);
#837=LINE('',#8557,#1298);
#838=LINE('',#8563,#1299);
#839=LINE('',#8569,#1300);
#840=LINE('',#8572,#1301);
#841=LINE('',#8574,#1302);
#842=LINE('',#8575,#1303);
#843=LINE('',#8581,#1304);
#844=LINE('',#8584,#1305);
#845=LINE('',#8586,#1306);
#846=LINE('',#8587,#1307);
#847=LINE('',#8593,#1308);
#848=LINE('',#8599,#1309);
#849=LINE('',#8605,#1310);
#850=LINE('',#8608,#1311);
#851=LINE('',#8610,#1312);
#852=LINE('',#8611,#1313);
#853=LINE('',#8617,#1314);
#854=LINE('',#8620,#1315);
#855=LINE('',#8622,#1316);
#856=LINE('',#8623,#1317);
#857=LINE('',#8629,#1318);
#858=LINE('',#8635,#1319);
#859=LINE('',#8641,#1320);
#860=LINE('',#8644,#1321);
#861=LINE('',#8646,#1322);
#862=LINE('',#8647,#1323);
#863=LINE('',#8653,#1324);
#864=LINE('',#8656,#1325);
#865=LINE('',#8658,#1326);
#866=LINE('',#8659,#1327);
#867=LINE('',#8665,#1328);
#868=LINE('',#8671,#1329);
#869=LINE('',#8677,#1330);
#870=LINE('',#8680,#1331);
#871=LINE('',#8682,#1332);
#872=LINE('',#8683,#1333);
#873=LINE('',#8689,#1334);
#874=LINE('',#8692,#1335);
#875=LINE('',#8694,#1336);
#876=LINE('',#8695,#1337);
#877=LINE('',#8701,#1338);
#878=LINE('',#8707,#1339);
#879=LINE('',#8713,#1340);
#880=LINE('',#8716,#1341);
#881=LINE('',#8718,#1342);
#882=LINE('',#8719,#1343);
#883=LINE('',#8725,#1344);
#884=LINE('',#8728,#1345);
#885=LINE('',#8730,#1346);
#886=LINE('',#8731,#1347);
#887=LINE('',#8737,#1348);
#888=LINE('',#8743,#1349);
#889=LINE('',#8749,#1350);
#890=LINE('',#8752,#1351);
#891=LINE('',#8754,#1352);
#892=LINE('',#8755,#1353);
#893=LINE('',#8761,#1354);
#894=LINE('',#8764,#1355);
#895=LINE('',#8766,#1356);
#896=LINE('',#8767,#1357);
#897=LINE('',#8773,#1358);
#898=LINE('',#8779,#1359);
#899=LINE('',#8785,#1360);
#900=LINE('',#8788,#1361);
#901=LINE('',#8790,#1362);
#902=LINE('',#8791,#1363);
#903=LINE('',#8797,#1364);
#904=LINE('',#8800,#1365);
#905=LINE('',#8802,#1366);
#906=LINE('',#8803,#1367);
#907=LINE('',#8809,#1368);
#908=LINE('',#8815,#1369);
#909=LINE('',#8821,#1370);
#910=LINE('',#8824,#1371);
#911=LINE('',#8826,#1372);
#912=LINE('',#8827,#1373);
#913=LINE('',#8833,#1374);
#914=LINE('',#8836,#1375);
#915=LINE('',#8838,#1376);
#916=LINE('',#8839,#1377);
#917=LINE('',#8845,#1378);
#918=LINE('',#8851,#1379);
#919=LINE('',#8857,#1380);
#920=LINE('',#8860,#1381);
#921=LINE('',#8862,#1382);
#922=LINE('',#8863,#1383);
#923=LINE('',#8869,#1384);
#924=LINE('',#8872,#1385);
#925=LINE('',#8874,#1386);
#926=LINE('',#8875,#1387);
#927=LINE('',#8881,#1388);
#928=LINE('',#8887,#1389);
#929=LINE('',#8893,#1390);
#930=LINE('',#8896,#1391);
#931=LINE('',#8898,#1392);
#932=LINE('',#8899,#1393);
#933=LINE('',#8905,#1394);
#934=LINE('',#8908,#1395);
#935=LINE('',#8910,#1396);
#936=LINE('',#8911,#1397);
#937=LINE('',#8917,#1398);
#938=LINE('',#8923,#1399);
#939=LINE('',#8929,#1400);
#940=LINE('',#8932,#1401);
#941=LINE('',#8934,#1402);
#942=LINE('',#8935,#1403);
#943=LINE('',#8941,#1404);
#944=LINE('',#8944,#1405);
#945=LINE('',#8946,#1406);
#946=LINE('',#8947,#1407);
#947=LINE('',#8953,#1408);
#948=LINE('',#8959,#1409);
#949=LINE('',#8965,#1410);
#950=LINE('',#8968,#1411);
#951=LINE('',#8970,#1412);
#952=LINE('',#8971,#1413);
#953=LINE('',#8977,#1414);
#954=LINE('',#8980,#1415);
#955=LINE('',#8982,#1416);
#956=LINE('',#8983,#1417);
#957=LINE('',#8989,#1418);
#958=LINE('',#8995,#1419);
#959=LINE('',#9001,#1420);
#960=LINE('',#9004,#1421);
#961=LINE('',#9006,#1422);
#962=LINE('',#9007,#1423);
#963=LINE('',#9013,#1424);
#964=LINE('',#9016,#1425);
#965=LINE('',#9018,#1426);
#966=LINE('',#9019,#1427);
#967=LINE('',#9025,#1428);
#968=LINE('',#9031,#1429);
#969=LINE('',#9037,#1430);
#970=LINE('',#9040,#1431);
#971=LINE('',#9042,#1432);
#972=LINE('',#9043,#1433);
#973=LINE('',#9049,#1434);
#974=LINE('',#9052,#1435);
#975=LINE('',#9054,#1436);
#976=LINE('',#9055,#1437);
#977=LINE('',#9061,#1438);
#978=LINE('',#9067,#1439);
#979=LINE('',#9073,#1440);
#980=LINE('',#9076,#1441);
#981=LINE('',#9078,#1442);
#982=LINE('',#9079,#1443);
#983=LINE('',#9085,#1444);
#984=LINE('',#9088,#1445);
#985=LINE('',#9090,#1446);
#986=LINE('',#9091,#1447);
#987=LINE('',#9097,#1448);
#988=LINE('',#9103,#1449);
#989=LINE('',#9109,#1450);
#990=LINE('',#9112,#1451);
#991=LINE('',#9114,#1452);
#992=LINE('',#9115,#1453);
#993=LINE('',#9121,#1454);
#994=LINE('',#9124,#1455);
#995=LINE('',#9126,#1456);
#996=LINE('',#9127,#1457);
#997=LINE('',#9133,#1458);
#998=LINE('',#9139,#1459);
#999=LINE('',#9145,#1460);
#1000=LINE('',#9148,#1461);
#1001=LINE('',#9150,#1462);
#1002=LINE('',#9151,#1463);
#1003=LINE('',#9157,#1464);
#1004=LINE('',#9160,#1465);
#1005=LINE('',#9162,#1466);
#1006=LINE('',#9163,#1467);
#1007=LINE('',#9169,#1468);
#1008=LINE('',#9175,#1469);
#1009=LINE('',#9181,#1470);
#1010=LINE('',#9184,#1471);
#1011=LINE('',#9186,#1472);
#1012=LINE('',#9187,#1473);
#1013=LINE('',#9193,#1474);
#1014=LINE('',#9196,#1475);
#1015=LINE('',#9198,#1476);
#1016=LINE('',#9199,#1477);
#1017=LINE('',#9205,#1478);
#1018=LINE('',#9211,#1479);
#1019=LINE('',#9217,#1480);
#1020=LINE('',#9220,#1481);
#1021=LINE('',#9222,#1482);
#1022=LINE('',#9223,#1483);
#1023=LINE('',#9229,#1484);
#1024=LINE('',#9232,#1485);
#1025=LINE('',#9234,#1486);
#1026=LINE('',#9235,#1487);
#1027=LINE('',#9241,#1488);
#1028=LINE('',#9247,#1489);
#1029=LINE('',#9253,#1490);
#1030=LINE('',#9256,#1491);
#1031=LINE('',#9258,#1492);
#1032=LINE('',#9259,#1493);
#1033=LINE('',#9265,#1494);
#1034=LINE('',#9268,#1495);
#1035=LINE('',#9270,#1496);
#1036=LINE('',#9271,#1497);
#1037=LINE('',#9277,#1498);
#1038=LINE('',#9283,#1499);
#1039=LINE('',#9289,#1500);
#1040=LINE('',#9292,#1501);
#1041=LINE('',#9294,#1502);
#1042=LINE('',#9295,#1503);
#1043=LINE('',#9301,#1504);
#1044=LINE('',#9304,#1505);
#1045=LINE('',#9306,#1506);
#1046=LINE('',#9307,#1507);
#1047=LINE('',#9313,#1508);
#1048=LINE('',#9319,#1509);
#1049=LINE('',#9325,#1510);
#1050=LINE('',#9328,#1511);
#1051=LINE('',#9330,#1512);
#1052=LINE('',#9331,#1513);
#1053=LINE('',#9337,#1514);
#1054=LINE('',#9340,#1515);
#1055=LINE('',#9342,#1516);
#1056=LINE('',#9343,#1517);
#1057=LINE('',#9349,#1518);
#1058=LINE('',#9355,#1519);
#1059=LINE('',#9361,#1520);
#1060=LINE('',#9364,#1521);
#1061=LINE('',#9366,#1522);
#1062=LINE('',#9367,#1523);
#1063=LINE('',#9373,#1524);
#1064=LINE('',#9376,#1525);
#1065=LINE('',#9378,#1526);
#1066=LINE('',#9379,#1527);
#1067=LINE('',#9385,#1528);
#1068=LINE('',#9391,#1529);
#1069=LINE('',#9397,#1530);
#1070=LINE('',#9400,#1531);
#1071=LINE('',#9402,#1532);
#1072=LINE('',#9403,#1533);
#1073=LINE('',#9409,#1534);
#1074=LINE('',#9412,#1535);
#1075=LINE('',#9414,#1536);
#1076=LINE('',#9415,#1537);
#1077=LINE('',#9421,#1538);
#1078=LINE('',#9427,#1539);
#1079=LINE('',#9433,#1540);
#1080=LINE('',#9436,#1541);
#1081=LINE('',#9438,#1542);
#1082=LINE('',#9439,#1543);
#1083=LINE('',#9445,#1544);
#1084=LINE('',#9448,#1545);
#1085=LINE('',#9450,#1546);
#1086=LINE('',#9451,#1547);
#1087=LINE('',#9457,#1548);
#1088=LINE('',#9463,#1549);
#1089=LINE('',#9469,#1550);
#1090=LINE('',#9472,#1551);
#1091=LINE('',#9474,#1552);
#1092=LINE('',#9475,#1553);
#1093=LINE('',#9481,#1554);
#1094=LINE('',#9484,#1555);
#1095=LINE('',#9486,#1556);
#1096=LINE('',#9487,#1557);
#1097=LINE('',#9493,#1558);
#1098=LINE('',#9499,#1559);
#1099=LINE('',#9505,#1560);
#1100=LINE('',#9508,#1561);
#1101=LINE('',#9510,#1562);
#1102=LINE('',#9511,#1563);
#1103=LINE('',#9517,#1564);
#1104=LINE('',#9520,#1565);
#1105=LINE('',#9522,#1566);
#1106=LINE('',#9523,#1567);
#1107=LINE('',#9529,#1568);
#1108=LINE('',#9535,#1569);
#1109=LINE('',#9541,#1570);
#1110=LINE('',#9544,#1571);
#1111=LINE('',#9546,#1572);
#1112=LINE('',#9547,#1573);
#1113=LINE('',#9553,#1574);
#1114=LINE('',#9556,#1575);
#1115=LINE('',#9558,#1576);
#1116=LINE('',#9559,#1577);
#1117=LINE('',#9565,#1578);
#1118=LINE('',#9571,#1579);
#1119=LINE('',#9577,#1580);
#1120=LINE('',#9580,#1581);
#1121=LINE('',#9582,#1582);
#1122=LINE('',#9583,#1583);
#1123=LINE('',#9589,#1584);
#1124=LINE('',#9592,#1585);
#1125=LINE('',#9594,#1586);
#1126=LINE('',#9595,#1587);
#1127=LINE('',#9601,#1588);
#1128=LINE('',#9607,#1589);
#1129=LINE('',#9613,#1590);
#1130=LINE('',#9616,#1591);
#1131=LINE('',#9618,#1592);
#1132=LINE('',#9619,#1593);
#1133=LINE('',#9625,#1594);
#1134=LINE('',#9628,#1595);
#1135=LINE('',#9630,#1596);
#1136=LINE('',#9631,#1597);
#1137=LINE('',#9637,#1598);
#1138=LINE('',#9643,#1599);
#1139=LINE('',#9649,#1600);
#1140=LINE('',#9652,#1601);
#1141=LINE('',#9654,#1602);
#1142=LINE('',#9655,#1603);
#1143=LINE('',#9661,#1604);
#1144=LINE('',#9664,#1605);
#1145=LINE('',#9666,#1606);
#1146=LINE('',#9667,#1607);
#1147=LINE('',#9673,#1608);
#1148=LINE('',#9679,#1609);
#1149=LINE('',#9685,#1610);
#1150=LINE('',#9688,#1611);
#1151=LINE('',#9690,#1612);
#1152=LINE('',#9691,#1613);
#1153=LINE('',#9697,#1614);
#1154=LINE('',#9700,#1615);
#1155=LINE('',#9702,#1616);
#1156=LINE('',#9703,#1617);
#1157=LINE('',#9709,#1618);
#1158=LINE('',#9715,#1619);
#1159=LINE('',#9721,#1620);
#1160=LINE('',#9724,#1621);
#1161=LINE('',#9726,#1622);
#1162=LINE('',#9727,#1623);
#1163=LINE('',#9733,#1624);
#1164=LINE('',#9736,#1625);
#1165=LINE('',#9738,#1626);
#1166=LINE('',#9739,#1627);
#1167=LINE('',#9745,#1628);
#1168=LINE('',#9751,#1629);
#1169=LINE('',#9757,#1630);
#1170=LINE('',#9760,#1631);
#1171=LINE('',#9762,#1632);
#1172=LINE('',#9763,#1633);
#1173=LINE('',#9769,#1634);
#1174=LINE('',#9772,#1635);
#1175=LINE('',#9774,#1636);
#1176=LINE('',#9775,#1637);
#1177=LINE('',#9781,#1638);
#1178=LINE('',#9787,#1639);
#1179=LINE('',#9793,#1640);
#1180=LINE('',#9796,#1641);
#1181=LINE('',#9798,#1642);
#1182=LINE('',#9799,#1643);
#1183=LINE('',#9805,#1644);
#1184=LINE('',#9808,#1645);
#1185=LINE('',#9810,#1646);
#1186=LINE('',#9811,#1647);
#1187=LINE('',#9817,#1648);
#1188=LINE('',#9823,#1649);
#1189=LINE('',#9829,#1650);
#1190=LINE('',#9832,#1651);
#1191=LINE('',#9834,#1652);
#1192=LINE('',#9835,#1653);
#1193=LINE('',#9841,#1654);
#1194=LINE('',#9844,#1655);
#1195=LINE('',#9846,#1656);
#1196=LINE('',#9847,#1657);
#1197=LINE('',#9853,#1658);
#1198=LINE('',#9859,#1659);
#1199=LINE('',#9865,#1660);
#1200=LINE('',#9868,#1661);
#1201=LINE('',#9870,#1662);
#1202=LINE('',#9871,#1663);
#1203=LINE('',#9877,#1664);
#1204=LINE('',#9880,#1665);
#1205=LINE('',#9882,#1666);
#1206=LINE('',#9883,#1667);
#1207=LINE('',#9889,#1668);
#1208=LINE('',#9895,#1669);
#1209=LINE('',#9901,#1670);
#1210=LINE('',#9904,#1671);
#1211=LINE('',#9906,#1672);
#1212=LINE('',#9907,#1673);
#1213=LINE('',#9913,#1674);
#1214=LINE('',#9916,#1675);
#1215=LINE('',#9918,#1676);
#1216=LINE('',#9919,#1677);
#1217=LINE('',#9925,#1678);
#1218=LINE('',#9931,#1679);
#1219=LINE('',#9937,#1680);
#1220=LINE('',#9940,#1681);
#1221=LINE('',#9942,#1682);
#1222=LINE('',#9943,#1683);
#1223=LINE('',#9949,#1684);
#1224=LINE('',#9952,#1685);
#1225=LINE('',#9954,#1686);
#1226=LINE('',#9955,#1687);
#1227=LINE('',#9961,#1688);
#1228=LINE('',#9967,#1689);
#1229=LINE('',#9973,#1690);
#1230=LINE('',#9976,#1691);
#1231=LINE('',#9978,#1692);
#1232=LINE('',#9979,#1693);
#1233=VECTOR('',#6426,2.25);
#1234=VECTOR('',#6433,2.25);
#1235=VECTOR('',#6440,2.25);
#1236=VECTOR('',#6447,11.5);
#1237=VECTOR('',#6454,4.325);
#1238=VECTOR('',#6465,4.32500000000001);
#1239=VECTOR('',#6476,4.32500000000001);
#1240=VECTOR('',#6487,4.32499999999999);
#1241=VECTOR('',#6498,4.325);
#1242=VECTOR('',#6509,4.32499999999999);
#1243=VECTOR('',#6520,4.32499999999999);
#1244=VECTOR('',#6531,4.32500000000001);
#1245=VECTOR('',#6542,2.25);
#1246=VECTOR('',#6547,2.25);
#1247=VECTOR('',#6552,2.25);
#1248=VECTOR('',#6557,2.25);
#1249=VECTOR('',#6562,2.25);
#1250=VECTOR('',#6567,2.25);
#1251=VECTOR('',#6572,2.25);
#1252=VECTOR('',#6577,2.25);
#1253=VECTOR('',#6584,35.);
#1254=VECTOR('',#6589,10.);
#1255=VECTOR('',#6590,10.);
#1256=VECTOR('',#6591,10.);
#1257=VECTOR('',#6592,10.);
#1258=VECTOR('',#6599,10.);
#1259=VECTOR('',#6606,10.);
#1260=VECTOR('',#6613,10.);
#1261=VECTOR('',#6616,10.);
#1262=VECTOR('',#6617,10.);
#1263=VECTOR('',#6618,10.);
#1264=VECTOR('',#6625,10.);
#1265=VECTOR('',#6628,10.);
#1266=VECTOR('',#6629,10.);
#1267=VECTOR('',#6630,10.);
#1268=VECTOR('',#6637,10.);
#1269=VECTOR('',#6644,10.);
#1270=VECTOR('',#6651,10.);
#1271=VECTOR('',#6654,10.);
#1272=VECTOR('',#6655,10.);
#1273=VECTOR('',#6656,10.);
#1274=VECTOR('',#6663,10.);
#1275=VECTOR('',#6666,10.);
#1276=VECTOR('',#6667,10.);
#1277=VECTOR('',#6668,10.);
#1278=VECTOR('',#6675,10.);
#1279=VECTOR('',#6682,10.);
#1280=VECTOR('',#6689,10.);
#1281=VECTOR('',#6692,10.);
#1282=VECTOR('',#6693,10.);
#1283=VECTOR('',#6694,10.);
#1284=VECTOR('',#6701,10.);
#1285=VECTOR('',#6704,10.);
#1286=VECTOR('',#6705,10.);
#1287=VECTOR('',#6706,10.);
#1288=VECTOR('',#6713,10.);
#1289=VECTOR('',#6720,10.);
#1290=VECTOR('',#6727,10.);
#1291=VECTOR('',#6730,10.);
#1292=VECTOR('',#6731,10.);
#1293=VECTOR('',#6732,10.);
#1294=VECTOR('',#6739,10.);
#1295=VECTOR('',#6742,10.);
#1296=VECTOR('',#6743,10.);
#1297=VECTOR('',#6744,10.);
#1298=VECTOR('',#6751,10.);
#1299=VECTOR('',#6758,10.);
#1300=VECTOR('',#6765,10.);
#1301=VECTOR('',#6768,10.);
#1302=VECTOR('',#6769,10.);
#1303=VECTOR('',#6770,10.);
#1304=VECTOR('',#6777,10.);
#1305=VECTOR('',#6780,10.);
#1306=VECTOR('',#6781,10.);
#1307=VECTOR('',#6782,10.);
#1308=VECTOR('',#6789,10.);
#1309=VECTOR('',#6796,10.);
#1310=VECTOR('',#6803,10.);
#1311=VECTOR('',#6806,10.);
#1312=VECTOR('',#6807,10.);
#1313=VECTOR('',#6808,10.);
#1314=VECTOR('',#6815,10.);
#1315=VECTOR('',#6818,10.);
#1316=VECTOR('',#6819,10.);
#1317=VECTOR('',#6820,10.);
#1318=VECTOR('',#6827,10.);
#1319=VECTOR('',#6834,10.);
#1320=VECTOR('',#6841,10.);
#1321=VECTOR('',#6844,10.);
#1322=VECTOR('',#6845,10.);
#1323=VECTOR('',#6846,10.);
#1324=VECTOR('',#6853,10.);
#1325=VECTOR('',#6856,10.);
#1326=VECTOR('',#6857,10.);
#1327=VECTOR('',#6858,10.);
#1328=VECTOR('',#6865,10.);
#1329=VECTOR('',#6872,10.);
#1330=VECTOR('',#6879,10.);
#1331=VECTOR('',#6882,10.);
#1332=VECTOR('',#6883,10.);
#1333=VECTOR('',#6884,10.);
#1334=VECTOR('',#6891,10.);
#1335=VECTOR('',#6894,10.);
#1336=VECTOR('',#6895,10.);
#1337=VECTOR('',#6896,10.);
#1338=VECTOR('',#6903,10.);
#1339=VECTOR('',#6910,10.);
#1340=VECTOR('',#6917,10.);
#1341=VECTOR('',#6920,10.);
#1342=VECTOR('',#6921,10.);
#1343=VECTOR('',#6922,10.);
#1344=VECTOR('',#6929,10.);
#1345=VECTOR('',#6932,10.);
#1346=VECTOR('',#6933,10.);
#1347=VECTOR('',#6934,10.);
#1348=VECTOR('',#6941,10.);
#1349=VECTOR('',#6948,10.);
#1350=VECTOR('',#6955,10.);
#1351=VECTOR('',#6958,10.);
#1352=VECTOR('',#6959,10.);
#1353=VECTOR('',#6960,10.);
#1354=VECTOR('',#6967,10.);
#1355=VECTOR('',#6970,10.);
#1356=VECTOR('',#6971,10.);
#1357=VECTOR('',#6972,10.);
#1358=VECTOR('',#6979,10.);
#1359=VECTOR('',#6986,10.);
#1360=VECTOR('',#6993,10.);
#1361=VECTOR('',#6996,10.);
#1362=VECTOR('',#6997,10.);
#1363=VECTOR('',#6998,10.);
#1364=VECTOR('',#7005,10.);
#1365=VECTOR('',#7008,10.);
#1366=VECTOR('',#7009,10.);
#1367=VECTOR('',#7010,10.);
#1368=VECTOR('',#7017,10.);
#1369=VECTOR('',#7024,10.);
#1370=VECTOR('',#7031,10.);
#1371=VECTOR('',#7034,10.);
#1372=VECTOR('',#7035,10.);
#1373=VECTOR('',#7036,10.);
#1374=VECTOR('',#7043,10.);
#1375=VECTOR('',#7046,10.);
#1376=VECTOR('',#7047,10.);
#1377=VECTOR('',#7048,10.);
#1378=VECTOR('',#7055,10.);
#1379=VECTOR('',#7062,10.);
#1380=VECTOR('',#7069,10.);
#1381=VECTOR('',#7072,10.);
#1382=VECTOR('',#7073,10.);
#1383=VECTOR('',#7074,10.);
#1384=VECTOR('',#7081,10.);
#1385=VECTOR('',#7084,10.);
#1386=VECTOR('',#7085,10.);
#1387=VECTOR('',#7086,10.);
#1388=VECTOR('',#7093,10.);
#1389=VECTOR('',#7100,10.);
#1390=VECTOR('',#7107,10.);
#1391=VECTOR('',#7110,10.);
#1392=VECTOR('',#7111,10.);
#1393=VECTOR('',#7112,10.);
#1394=VECTOR('',#7119,10.);
#1395=VECTOR('',#7122,10.);
#1396=VECTOR('',#7123,10.);
#1397=VECTOR('',#7124,10.);
#1398=VECTOR('',#7131,10.);
#1399=VECTOR('',#7138,10.);
#1400=VECTOR('',#7145,10.);
#1401=VECTOR('',#7148,10.);
#1402=VECTOR('',#7149,10.);
#1403=VECTOR('',#7150,10.);
#1404=VECTOR('',#7157,10.);
#1405=VECTOR('',#7160,10.);
#1406=VECTOR('',#7161,10.);
#1407=VECTOR('',#7162,10.);
#1408=VECTOR('',#7169,10.);
#1409=VECTOR('',#7176,10.);
#1410=VECTOR('',#7183,10.);
#1411=VECTOR('',#7186,10.);
#1412=VECTOR('',#7187,10.);
#1413=VECTOR('',#7188,10.);
#1414=VECTOR('',#7195,10.);
#1415=VECTOR('',#7198,10.);
#1416=VECTOR('',#7199,10.);
#1417=VECTOR('',#7200,10.);
#1418=VECTOR('',#7207,10.);
#1419=VECTOR('',#7214,10.);
#1420=VECTOR('',#7221,10.);
#1421=VECTOR('',#7224,10.);
#1422=VECTOR('',#7225,10.);
#1423=VECTOR('',#7226,10.);
#1424=VECTOR('',#7233,10.);
#1425=VECTOR('',#7236,10.);
#1426=VECTOR('',#7237,10.);
#1427=VECTOR('',#7238,10.);
#1428=VECTOR('',#7245,10.);
#1429=VECTOR('',#7252,10.);
#1430=VECTOR('',#7259,10.);
#1431=VECTOR('',#7262,10.);
#1432=VECTOR('',#7263,10.);
#1433=VECTOR('',#7264,10.);
#1434=VECTOR('',#7271,10.);
#1435=VECTOR('',#7274,10.);
#1436=VECTOR('',#7275,10.);
#1437=VECTOR('',#7276,10.);
#1438=VECTOR('',#7283,10.);
#1439=VECTOR('',#7290,10.);
#1440=VECTOR('',#7297,10.);
#1441=VECTOR('',#7300,10.);
#1442=VECTOR('',#7301,10.);
#1443=VECTOR('',#7302,10.);
#1444=VECTOR('',#7309,10.);
#1445=VECTOR('',#7312,10.);
#1446=VECTOR('',#7313,10.);
#1447=VECTOR('',#7314,10.);
#1448=VECTOR('',#7321,10.);
#1449=VECTOR('',#7328,10.);
#1450=VECTOR('',#7335,10.);
#1451=VECTOR('',#7338,10.);
#1452=VECTOR('',#7339,10.);
#1453=VECTOR('',#7340,10.);
#1454=VECTOR('',#7347,10.);
#1455=VECTOR('',#7350,10.);
#1456=VECTOR('',#7351,10.);
#1457=VECTOR('',#7352,10.);
#1458=VECTOR('',#7359,10.);
#1459=VECTOR('',#7366,10.);
#1460=VECTOR('',#7373,10.);
#1461=VECTOR('',#7376,10.);
#1462=VECTOR('',#7377,10.);
#1463=VECTOR('',#7378,10.);
#1464=VECTOR('',#7385,10.);
#1465=VECTOR('',#7388,10.);
#1466=VECTOR('',#7389,10.);
#1467=VECTOR('',#7390,10.);
#1468=VECTOR('',#7397,10.);
#1469=VECTOR('',#7404,10.);
#1470=VECTOR('',#7411,10.);
#1471=VECTOR('',#7414,10.);
#1472=VECTOR('',#7415,10.);
#1473=VECTOR('',#7416,10.);
#1474=VECTOR('',#7423,10.);
#1475=VECTOR('',#7426,10.);
#1476=VECTOR('',#7427,10.);
#1477=VECTOR('',#7428,10.);
#1478=VECTOR('',#7435,10.);
#1479=VECTOR('',#7442,10.);
#1480=VECTOR('',#7449,10.);
#1481=VECTOR('',#7452,10.);
#1482=VECTOR('',#7453,10.);
#1483=VECTOR('',#7454,10.);
#1484=VECTOR('',#7461,10.);
#1485=VECTOR('',#7464,10.);
#1486=VECTOR('',#7465,10.);
#1487=VECTOR('',#7466,10.);
#1488=VECTOR('',#7473,10.);
#1489=VECTOR('',#7480,10.);
#1490=VECTOR('',#7487,10.);
#1491=VECTOR('',#7490,10.);
#1492=VECTOR('',#7491,10.);
#1493=VECTOR('',#7492,10.);
#1494=VECTOR('',#7499,10.);
#1495=VECTOR('',#7502,10.);
#1496=VECTOR('',#7503,10.);
#1497=VECTOR('',#7504,10.);
#1498=VECTOR('',#7511,10.);
#1499=VECTOR('',#7518,10.);
#1500=VECTOR('',#7525,10.);
#1501=VECTOR('',#7528,10.);
#1502=VECTOR('',#7529,10.);
#1503=VECTOR('',#7530,10.);
#1504=VECTOR('',#7537,10.);
#1505=VECTOR('',#7540,10.);
#1506=VECTOR('',#7541,10.);
#1507=VECTOR('',#7542,10.);
#1508=VECTOR('',#7549,10.);
#1509=VECTOR('',#7556,10.);
#1510=VECTOR('',#7563,10.);
#1511=VECTOR('',#7566,10.);
#1512=VECTOR('',#7567,10.);
#1513=VECTOR('',#7568,10.);
#1514=VECTOR('',#7575,10.);
#1515=VECTOR('',#7578,10.);
#1516=VECTOR('',#7579,10.);
#1517=VECTOR('',#7580,10.);
#1518=VECTOR('',#7587,10.);
#1519=VECTOR('',#7594,10.);
#1520=VECTOR('',#7601,10.);
#1521=VECTOR('',#7604,10.);
#1522=VECTOR('',#7605,10.);
#1523=VECTOR('',#7606,10.);
#1524=VECTOR('',#7613,10.);
#1525=VECTOR('',#7616,10.);
#1526=VECTOR('',#7617,10.);
#1527=VECTOR('',#7618,10.);
#1528=VECTOR('',#7625,10.);
#1529=VECTOR('',#7632,10.);
#1530=VECTOR('',#7639,10.);
#1531=VECTOR('',#7642,10.);
#1532=VECTOR('',#7643,10.);
#1533=VECTOR('',#7644,10.);
#1534=VECTOR('',#7651,10.);
#1535=VECTOR('',#7654,10.);
#1536=VECTOR('',#7655,10.);
#1537=VECTOR('',#7656,10.);
#1538=VECTOR('',#7663,10.);
#1539=VECTOR('',#7670,10.);
#1540=VECTOR('',#7677,10.);
#1541=VECTOR('',#7680,10.);
#1542=VECTOR('',#7681,10.);
#1543=VECTOR('',#7682,10.);
#1544=VECTOR('',#7689,10.);
#1545=VECTOR('',#7692,10.);
#1546=VECTOR('',#7693,10.);
#1547=VECTOR('',#7694,10.);
#1548=VECTOR('',#7701,10.);
#1549=VECTOR('',#7708,10.);
#1550=VECTOR('',#7715,10.);
#1551=VECTOR('',#7718,10.);
#1552=VECTOR('',#7719,10.);
#1553=VECTOR('',#7720,10.);
#1554=VECTOR('',#7727,10.);
#1555=VECTOR('',#7730,10.);
#1556=VECTOR('',#7731,10.);
#1557=VECTOR('',#7732,10.);
#1558=VECTOR('',#7739,10.);
#1559=VECTOR('',#7746,10.);
#1560=VECTOR('',#7753,10.);
#1561=VECTOR('',#7756,10.);
#1562=VECTOR('',#7757,10.);
#1563=VECTOR('',#7758,10.);
#1564=VECTOR('',#7765,10.);
#1565=VECTOR('',#7768,10.);
#1566=VECTOR('',#7769,10.);
#1567=VECTOR('',#7770,10.);
#1568=VECTOR('',#7777,10.);
#1569=VECTOR('',#7784,10.);
#1570=VECTOR('',#7791,10.);
#1571=VECTOR('',#7794,10.);
#1572=VECTOR('',#7795,10.);
#1573=VECTOR('',#7796,10.);
#1574=VECTOR('',#7803,10.);
#1575=VECTOR('',#7806,10.);
#1576=VECTOR('',#7807,10.);
#1577=VECTOR('',#7808,10.);
#1578=VECTOR('',#7815,10.);
#1579=VECTOR('',#7822,10.);
#1580=VECTOR('',#7829,10.);
#1581=VECTOR('',#7832,10.);
#1582=VECTOR('',#7833,10.);
#1583=VECTOR('',#7834,10.);
#1584=VECTOR('',#7841,10.);
#1585=VECTOR('',#7844,10.);
#1586=VECTOR('',#7845,10.);
#1587=VECTOR('',#7846,10.);
#1588=VECTOR('',#7853,10.);
#1589=VECTOR('',#7860,10.);
#1590=VECTOR('',#7867,10.);
#1591=VECTOR('',#7870,10.);
#1592=VECTOR('',#7871,10.);
#1593=VECTOR('',#7872,10.);
#1594=VECTOR('',#7879,10.);
#1595=VECTOR('',#7882,10.);
#1596=VECTOR('',#7883,10.);
#1597=VECTOR('',#7884,10.);
#1598=VECTOR('',#7891,10.);
#1599=VECTOR('',#7898,10.);
#1600=VECTOR('',#7905,10.);
#1601=VECTOR('',#7908,10.);
#1602=VECTOR('',#7909,10.);
#1603=VECTOR('',#7910,10.);
#1604=VECTOR('',#7917,10.);
#1605=VECTOR('',#7920,10.);
#1606=VECTOR('',#7921,10.);
#1607=VECTOR('',#7922,10.);
#1608=VECTOR('',#7929,10.);
#1609=VECTOR('',#7936,10.);
#1610=VECTOR('',#7943,10.);
#1611=VECTOR('',#7946,10.);
#1612=VECTOR('',#7947,10.);
#1613=VECTOR('',#7948,10.);
#1614=VECTOR('',#7955,10.);
#1615=VECTOR('',#7958,10.);
#1616=VECTOR('',#7959,10.);
#1617=VECTOR('',#7960,10.);
#1618=VECTOR('',#7967,10.);
#1619=VECTOR('',#7974,10.);
#1620=VECTOR('',#7981,10.);
#1621=VECTOR('',#7984,10.);
#1622=VECTOR('',#7985,10.);
#1623=VECTOR('',#7986,10.);
#1624=VECTOR('',#7993,10.);
#1625=VECTOR('',#7996,10.);
#1626=VECTOR('',#7997,10.);
#1627=VECTOR('',#7998,10.);
#1628=VECTOR('',#8005,10.);
#1629=VECTOR('',#8012,10.);
#1630=VECTOR('',#8019,10.);
#1631=VECTOR('',#8022,10.);
#1632=VECTOR('',#8023,10.);
#1633=VECTOR('',#8024,10.);
#1634=VECTOR('',#8031,10.);
#1635=VECTOR('',#8034,10.);
#1636=VECTOR('',#8035,10.);
#1637=VECTOR('',#8036,10.);
#1638=VECTOR('',#8043,10.);
#1639=VECTOR('',#8050,10.);
#1640=VECTOR('',#8057,10.);
#1641=VECTOR('',#8060,10.);
#1642=VECTOR('',#8061,10.);
#1643=VECTOR('',#8062,10.);
#1644=VECTOR('',#8069,10.);
#1645=VECTOR('',#8072,10.);
#1646=VECTOR('',#8073,10.);
#1647=VECTOR('',#8074,10.);
#1648=VECTOR('',#8081,10.);
#1649=VECTOR('',#8088,10.);
#1650=VECTOR('',#8095,10.);
#1651=VECTOR('',#8098,10.);
#1652=VECTOR('',#8099,10.);
#1653=VECTOR('',#8100,10.);
#1654=VECTOR('',#8107,10.);
#1655=VECTOR('',#8110,10.);
#1656=VECTOR('',#8111,10.);
#1657=VECTOR('',#8112,10.);
#1658=VECTOR('',#8119,10.);
#1659=VECTOR('',#8126,10.);
#1660=VECTOR('',#8133,10.);
#1661=VECTOR('',#8136,10.);
#1662=VECTOR('',#8137,10.);
#1663=VECTOR('',#8138,10.);
#1664=VECTOR('',#8145,10.);
#1665=VECTOR('',#8148,10.);
#1666=VECTOR('',#8149,10.);
#1667=VECTOR('',#8150,10.);
#1668=VECTOR('',#8157,10.);
#1669=VECTOR('',#8164,10.);
#1670=VECTOR('',#8171,10.);
#1671=VECTOR('',#8174,10.);
#1672=VECTOR('',#8175,10.);
#1673=VECTOR('',#8176,10.);
#1674=VECTOR('',#8183,10.);
#1675=VECTOR('',#8186,10.);
#1676=VECTOR('',#8187,10.);
#1677=VECTOR('',#8188,10.);
#1678=VECTOR('',#8195,10.);
#1679=VECTOR('',#8202,10.);
#1680=VECTOR('',#8209,10.);
#1681=VECTOR('',#8212,10.);
#1682=VECTOR('',#8213,10.);
#1683=VECTOR('',#8214,10.);
#1684=VECTOR('',#8221,10.);
#1685=VECTOR('',#8224,10.);
#1686=VECTOR('',#8225,10.);
#1687=VECTOR('',#8226,10.);
#1688=VECTOR('',#8233,10.);
#1689=VECTOR('',#8240,10.);
#1690=VECTOR('',#8247,10.);
#1691=VECTOR('',#8250,10.);
#1692=VECTOR('',#8251,10.);
#1693=VECTOR('',#8252,10.);
#1694=CIRCLE('',#5731,2.25);
#1695=CIRCLE('',#5732,2.25);
#1696=CIRCLE('',#5734,2.25);
#1697=CIRCLE('',#5735,2.25);
#1698=CIRCLE('',#5737,2.25);
#1699=CIRCLE('',#5738,2.25);
#1700=CIRCLE('',#5740,13.);
#1701=CIRCLE('',#5741,13.);
#1702=CIRCLE('',#5743,4.325);
#1703=CIRCLE('',#5744,4.325);
#1704=CIRCLE('',#5746,2.25);
#1705=CIRCLE('',#5748,4.32500000000001);
#1706=CIRCLE('',#5749,4.32500000000001);
#1707=CIRCLE('',#5751,2.25);
#1708=CIRCLE('',#5753,4.32500000000001);
#1709=CIRCLE('',#5754,4.32500000000001);
#1710=CIRCLE('',#5756,2.25);
#1711=CIRCLE('',#5758,4.32499999999999);
#1712=CIRCLE('',#5759,4.32499999999999);
#1713=CIRCLE('',#5761,2.25);
#1714=CIRCLE('',#5763,4.325);
#1715=CIRCLE('',#5764,4.325);
#1716=CIRCLE('',#5766,2.25);
#1717=CIRCLE('',#5768,4.32499999999999);
#1718=CIRCLE('',#5769,4.32499999999999);
#1719=CIRCLE('',#5771,2.25);
#1720=CIRCLE('',#5773,4.32499999999999);
#1721=CIRCLE('',#5774,4.32499999999999);
#1722=CIRCLE('',#5776,2.25);
#1723=CIRCLE('',#5778,4.32500000000001);
#1724=CIRCLE('',#5779,4.32500000000001);
#1725=CIRCLE('',#5781,2.25);
#1726=CIRCLE('',#5783,2.25);
#1727=CIRCLE('',#5785,2.25);
#1728=CIRCLE('',#5787,2.25);
#1729=CIRCLE('',#5789,2.25);
#1730=CIRCLE('',#5791,2.25);
#1731=CIRCLE('',#5793,2.25);
#1732=CIRCLE('',#5795,2.25);
#1733=CIRCLE('',#5797,2.25);
#1734=CIRCLE('',#5799,35.);
#1735=CIRCLE('',#5801,35.);
#1736=CIRCLE('',#5804,3.00000000000002);
#1737=CIRCLE('',#5805,3.00000000000002);
#1738=CIRCLE('',#5807,167.5);
#1739=CIRCLE('',#5808,167.5);
#1740=CIRCLE('',#5810,3.00000000000001);
#1741=CIRCLE('',#5811,3.00000000000001);
#1742=CIRCLE('',#5814,6.5);
#1743=CIRCLE('',#5815,6.5);
#1744=CIRCLE('',#5818,3.00000000000002);
#1745=CIRCLE('',#5819,3.00000000000002);
#1746=CIRCLE('',#5821,167.5);
#1747=CIRCLE('',#5822,167.5);
#1748=CIRCLE('',#5824,3.00000000000001);
#1749=CIRCLE('',#5825,3.00000000000001);
#1750=CIRCLE('',#5828,6.5);
#1751=CIRCLE('',#5829,6.5);
#1752=CIRCLE('',#5832,3.00000000000002);
#1753=CIRCLE('',#5833,3.00000000000002);
#1754=CIRCLE('',#5835,167.5);
#1755=CIRCLE('',#5836,167.5);
#1756=CIRCLE('',#5838,3.00000000000001);
#1757=CIRCLE('',#5839,3.00000000000001);
#1758=CIRCLE('',#5842,6.5);
#1759=CIRCLE('',#5843,6.5);
#1760=CIRCLE('',#5846,3.00000000000002);
#1761=CIRCLE('',#5847,3.00000000000002);
#1762=CIRCLE('',#5849,167.5);
#1763=CIRCLE('',#5850,167.5);
#1764=CIRCLE('',#5852,3.00000000000001);
#1765=CIRCLE('',#5853,3.00000000000001);
#1766=CIRCLE('',#5856,6.5);
#1767=CIRCLE('',#5857,6.5);
#1768=CIRCLE('',#5860,3.00000000000002);
#1769=CIRCLE('',#5861,3.00000000000002);
#1770=CIRCLE('',#5863,167.5);
#1771=CIRCLE('',#5864,167.5);
#1772=CIRCLE('',#5866,3.00000000000001);
#1773=CIRCLE('',#5867,3.00000000000001);
#1774=CIRCLE('',#5870,6.5);
#1775=CIRCLE('',#5871,6.5);
#1776=CIRCLE('',#5874,3.00000000000002);
#1777=CIRCLE('',#5875,3.00000000000002);
#1778=CIRCLE('',#5877,167.5);
#1779=CIRCLE('',#5878,167.5);
#1780=CIRCLE('',#5880,3.00000000000001);
#1781=CIRCLE('',#5881,3.00000000000001);
#1782=CIRCLE('',#5884,6.5);
#1783=CIRCLE('',#5885,6.5);
#1784=CIRCLE('',#5888,3.00000000000002);
#1785=CIRCLE('',#5889,3.00000000000002);
#1786=CIRCLE('',#5891,167.5);
#1787=CIRCLE('',#5892,167.5);
#1788=CIRCLE('',#5894,3.00000000000001);
#1789=CIRCLE('',#5895,3.00000000000001);
#1790=CIRCLE('',#5898,6.5);
#1791=CIRCLE('',#5899,6.5);
#1792=CIRCLE('',#5902,3.00000000000002);
#1793=CIRCLE('',#5903,3.00000000000002);
#1794=CIRCLE('',#5905,167.5);
#1795=CIRCLE('',#5906,167.5);
#1796=CIRCLE('',#5908,3.00000000000001);
#1797=CIRCLE('',#5909,3.00000000000001);
#1798=CIRCLE('',#5912,6.5);
#1799=CIRCLE('',#5913,6.5);
#1800=CIRCLE('',#5916,3.00000000000002);
#1801=CIRCLE('',#5917,3.00000000000002);
#1802=CIRCLE('',#5919,167.5);
#1803=CIRCLE('',#5920,167.5);
#1804=CIRCLE('',#5922,3.00000000000001);
#1805=CIRCLE('',#5923,3.00000000000001);
#1806=CIRCLE('',#5926,6.5);
#1807=CIRCLE('',#5927,6.5);
#1808=CIRCLE('',#5930,3.00000000000002);
#1809=CIRCLE('',#5931,3.00000000000002);
#1810=CIRCLE('',#5933,167.5);
#1811=CIRCLE('',#5934,167.5);
#1812=CIRCLE('',#5936,3.00000000000001);
#1813=CIRCLE('',#5937,3.00000000000001);
#1814=CIRCLE('',#5940,6.5);
#1815=CIRCLE('',#5941,6.5);
#1816=CIRCLE('',#5944,3.00000000000002);
#1817=CIRCLE('',#5945,3.00000000000002);
#1818=CIRCLE('',#5947,167.5);
#1819=CIRCLE('',#5948,167.5);
#1820=CIRCLE('',#5950,3.00000000000001);
#1821=CIRCLE('',#5951,3.00000000000001);
#1822=CIRCLE('',#5954,6.5);
#1823=CIRCLE('',#5955,6.5);
#1824=CIRCLE('',#5958,3.00000000000002);
#1825=CIRCLE('',#5959,3.00000000000002);
#1826=CIRCLE('',#5961,167.5);
#1827=CIRCLE('',#5962,167.5);
#1828=CIRCLE('',#5964,3.00000000000001);
#1829=CIRCLE('',#5965,3.00000000000001);
#1830=CIRCLE('',#5968,6.5);
#1831=CIRCLE('',#5969,6.5);
#1832=CIRCLE('',#5972,3.00000000000002);
#1833=CIRCLE('',#5973,3.00000000000002);
#1834=CIRCLE('',#5975,167.5);
#1835=CIRCLE('',#5976,167.5);
#1836=CIRCLE('',#5978,3.00000000000001);
#1837=CIRCLE('',#5979,3.00000000000001);
#1838=CIRCLE('',#5982,6.5);
#1839=CIRCLE('',#5983,6.5);
#1840=CIRCLE('',#5986,3.00000000000002);
#1841=CIRCLE('',#5987,3.00000000000002);
#1842=CIRCLE('',#5989,167.5);
#1843=CIRCLE('',#5990,167.5);
#1844=CIRCLE('',#5992,3.00000000000001);
#1845=CIRCLE('',#5993,3.00000000000001);
#1846=CIRCLE('',#5996,6.5);
#1847=CIRCLE('',#5997,6.5);
#1848=CIRCLE('',#6000,3.00000000000002);
#1849=CIRCLE('',#6001,3.00000000000002);
#1850=CIRCLE('',#6003,167.5);
#1851=CIRCLE('',#6004,167.5);
#1852=CIRCLE('',#6006,3.00000000000001);
#1853=CIRCLE('',#6007,3.00000000000001);
#1854=CIRCLE('',#6010,6.5);
#1855=CIRCLE('',#6011,6.5);
#1856=CIRCLE('',#6014,3.00000000000002);
#1857=CIRCLE('',#6015,3.00000000000002);
#1858=CIRCLE('',#6017,167.5);
#1859=CIRCLE('',#6018,167.5);
#1860=CIRCLE('',#6020,3.00000000000001);
#1861=CIRCLE('',#6021,3.00000000000001);
#1862=CIRCLE('',#6024,6.5);
#1863=CIRCLE('',#6025,6.5);
#1864=CIRCLE('',#6028,3.00000000000002);
#1865=CIRCLE('',#6029,3.00000000000002);
#1866=CIRCLE('',#6031,167.5);
#1867=CIRCLE('',#6032,167.5);
#1868=CIRCLE('',#6034,3.00000000000001);
#1869=CIRCLE('',#6035,3.00000000000001);
#1870=CIRCLE('',#6038,6.5);
#1871=CIRCLE('',#6039,6.5);
#1872=CIRCLE('',#6042,3.00000000000002);
#1873=CIRCLE('',#6043,3.00000000000002);
#1874=CIRCLE('',#6045,167.5);
#1875=CIRCLE('',#6046,167.5);
#1876=CIRCLE('',#6048,3.00000000000001);
#1877=CIRCLE('',#6049,3.00000000000001);
#1878=CIRCLE('',#6052,6.5);
#1879=CIRCLE('',#6053,6.5);
#1880=CIRCLE('',#6056,3.00000000000002);
#1881=CIRCLE('',#6057,3.00000000000002);
#1882=CIRCLE('',#6059,167.5);
#1883=CIRCLE('',#6060,167.5);
#1884=CIRCLE('',#6062,3.00000000000001);
#1885=CIRCLE('',#6063,3.00000000000001);
#1886=CIRCLE('',#6066,6.5);
#1887=CIRCLE('',#6067,6.5);
#1888=CIRCLE('',#6070,3.00000000000002);
#1889=CIRCLE('',#6071,3.00000000000002);
#1890=CIRCLE('',#6073,167.5);
#1891=CIRCLE('',#6074,167.5);
#1892=CIRCLE('',#6076,3.00000000000001);
#1893=CIRCLE('',#6077,3.00000000000001);
#1894=CIRCLE('',#6080,6.5);
#1895=CIRCLE('',#6081,6.5);
#1896=CIRCLE('',#6084,3.00000000000002);
#1897=CIRCLE('',#6085,3.00000000000002);
#1898=CIRCLE('',#6087,167.5);
#1899=CIRCLE('',#6088,167.5);
#1900=CIRCLE('',#6090,3.00000000000001);
#1901=CIRCLE('',#6091,3.00000000000001);
#1902=CIRCLE('',#6094,6.5);
#1903=CIRCLE('',#6095,6.5);
#1904=CIRCLE('',#6098,3.00000000000002);
#1905=CIRCLE('',#6099,3.00000000000002);
#1906=CIRCLE('',#6101,167.5);
#1907=CIRCLE('',#6102,167.5);
#1908=CIRCLE('',#6104,3.00000000000001);
#1909=CIRCLE('',#6105,3.00000000000001);
#1910=CIRCLE('',#6108,6.5);
#1911=CIRCLE('',#6109,6.5);
#1912=CIRCLE('',#6112,3.00000000000002);
#1913=CIRCLE('',#6113,3.00000000000002);
#1914=CIRCLE('',#6115,167.5);
#1915=CIRCLE('',#6116,167.5);
#1916=CIRCLE('',#6118,3.00000000000001);
#1917=CIRCLE('',#6119,3.00000000000001);
#1918=CIRCLE('',#6122,6.5);
#1919=CIRCLE('',#6123,6.5);
#1920=CIRCLE('',#6126,3.00000000000002);
#1921=CIRCLE('',#6127,3.00000000000002);
#1922=CIRCLE('',#6129,167.5);
#1923=CIRCLE('',#6130,167.5);
#1924=CIRCLE('',#6132,3.00000000000001);
#1925=CIRCLE('',#6133,3.00000000000001);
#1926=CIRCLE('',#6136,6.5);
#1927=CIRCLE('',#6137,6.5);
#1928=CIRCLE('',#6140,3.00000000000002);
#1929=CIRCLE('',#6141,3.00000000000002);
#1930=CIRCLE('',#6143,167.5);
#1931=CIRCLE('',#6144,167.5);
#1932=CIRCLE('',#6146,3.00000000000001);
#1933=CIRCLE('',#6147,3.00000000000001);
#1934=CIRCLE('',#6150,6.5);
#1935=CIRCLE('',#6151,6.5);
#1936=CIRCLE('',#6154,3.00000000000002);
#1937=CIRCLE('',#6155,3.00000000000002);
#1938=CIRCLE('',#6157,167.5);
#1939=CIRCLE('',#6158,167.5);
#1940=CIRCLE('',#6160,3.00000000000001);
#1941=CIRCLE('',#6161,3.00000000000001);
#1942=CIRCLE('',#6164,6.5);
#1943=CIRCLE('',#6165,6.5);
#1944=CIRCLE('',#6168,3.00000000000002);
#1945=CIRCLE('',#6169,3.00000000000002);
#1946=CIRCLE('',#6171,167.5);
#1947=CIRCLE('',#6172,167.5);
#1948=CIRCLE('',#6174,3.00000000000001);
#1949=CIRCLE('',#6175,3.00000000000001);
#1950=CIRCLE('',#6178,6.5);
#1951=CIRCLE('',#6179,6.5);
#1952=CIRCLE('',#6182,3.00000000000002);
#1953=CIRCLE('',#6183,3.00000000000002);
#1954=CIRCLE('',#6185,167.5);
#1955=CIRCLE('',#6186,167.5);
#1956=CIRCLE('',#6188,3.00000000000001);
#1957=CIRCLE('',#6189,3.00000000000001);
#1958=CIRCLE('',#6192,6.5);
#1959=CIRCLE('',#6193,6.5);
#1960=CIRCLE('',#6196,3.00000000000002);
#1961=CIRCLE('',#6197,3.00000000000002);
#1962=CIRCLE('',#6199,167.5);
#1963=CIRCLE('',#6200,167.5);
#1964=CIRCLE('',#6202,3.00000000000001);
#1965=CIRCLE('',#6203,3.00000000000001);
#1966=CIRCLE('',#6206,6.50000000000001);
#1967=CIRCLE('',#6207,6.50000000000001);
#1968=CIRCLE('',#6210,3.00000000000002);
#1969=CIRCLE('',#6211,3.00000000000002);
#1970=CIRCLE('',#6213,167.5);
#1971=CIRCLE('',#6214,167.5);
#1972=CIRCLE('',#6216,3.00000000000001);
#1973=CIRCLE('',#6217,3.00000000000001);
#1974=CIRCLE('',#6220,6.5);
#1975=CIRCLE('',#6221,6.5);
#1976=CIRCLE('',#6224,3.00000000000002);
#1977=CIRCLE('',#6225,3.00000000000002);
#1978=CIRCLE('',#6227,167.5);
#1979=CIRCLE('',#6228,167.5);
#1980=CIRCLE('',#6230,3.00000000000001);
#1981=CIRCLE('',#6231,3.00000000000001);
#1982=CIRCLE('',#6234,6.5);
#1983=CIRCLE('',#6235,6.5);
#1984=CIRCLE('',#6238,3.00000000000002);
#1985=CIRCLE('',#6239,3.00000000000002);
#1986=CIRCLE('',#6241,167.5);
#1987=CIRCLE('',#6242,167.5);
#1988=CIRCLE('',#6244,3.00000000000001);
#1989=CIRCLE('',#6245,3.00000000000001);
#1990=CIRCLE('',#6248,6.5);
#1991=CIRCLE('',#6249,6.5);
#1992=CIRCLE('',#6252,3.00000000000002);
#1993=CIRCLE('',#6253,3.00000000000002);
#1994=CIRCLE('',#6255,167.5);
#1995=CIRCLE('',#6256,167.5);
#1996=CIRCLE('',#6258,3.);
#1997=CIRCLE('',#6259,3.);
#1998=CIRCLE('',#6262,6.5);
#1999=CIRCLE('',#6263,6.5);
#2000=CIRCLE('',#6266,3.);
#2001=CIRCLE('',#6267,3.);
#2002=CIRCLE('',#6269,167.5);
#2003=CIRCLE('',#6270,167.5);
#2004=CIRCLE('',#6272,3.00000000000001);
#2005=CIRCLE('',#6273,3.00000000000001);
#2006=CIRCLE('',#6276,6.5);
#2007=CIRCLE('',#6277,6.5);
#2008=CIRCLE('',#6280,3.00000000000002);
#2009=CIRCLE('',#6281,3.00000000000002);
#2010=CIRCLE('',#6283,167.5);
#2011=CIRCLE('',#6284,167.5);
#2012=CIRCLE('',#6286,3.00000000000001);
#2013=CIRCLE('',#6287,3.00000000000001);
#2014=CIRCLE('',#6290,6.5);
#2015=CIRCLE('',#6291,6.5);
#2016=CIRCLE('',#6294,3.00000000000002);
#2017=CIRCLE('',#6295,3.00000000000002);
#2018=CIRCLE('',#6297,167.5);
#2019=CIRCLE('',#6298,167.5);
#2020=CIRCLE('',#6300,3.00000000000001);
#2021=CIRCLE('',#6301,3.00000000000001);
#2022=CIRCLE('',#6304,6.5);
#2023=CIRCLE('',#6305,6.5);
#2024=CIRCLE('',#6308,3.00000000000002);
#2025=CIRCLE('',#6309,3.00000000000002);
#2026=CIRCLE('',#6311,167.5);
#2027=CIRCLE('',#6312,167.5);
#2028=CIRCLE('',#6314,3.00000000000001);
#2029=CIRCLE('',#6315,3.00000000000001);
#2030=CIRCLE('',#6318,6.5);
#2031=CIRCLE('',#6319,6.5);
#2032=CIRCLE('',#6322,3.00000000000002);
#2033=CIRCLE('',#6323,3.00000000000002);
#2034=CIRCLE('',#6325,167.5);
#2035=CIRCLE('',#6326,167.5);
#2036=CIRCLE('',#6328,3.00000000000001);
#2037=CIRCLE('',#6329,3.00000000000001);
#2038=CIRCLE('',#6332,6.5);
#2039=CIRCLE('',#6333,6.5);
#2040=CIRCLE('',#6336,3.00000000000002);
#2041=CIRCLE('',#6337,3.00000000000002);
#2042=CIRCLE('',#6339,167.5);
#2043=CIRCLE('',#6340,167.5);
#2044=CIRCLE('',#6342,3.00000000000001);
#2045=CIRCLE('',#6343,3.00000000000001);
#2046=CIRCLE('',#6346,6.5);
#2047=CIRCLE('',#6347,6.5);
#2048=CIRCLE('',#6350,3.00000000000002);
#2049=CIRCLE('',#6351,3.00000000000002);
#2050=CIRCLE('',#6353,167.5);
#2051=CIRCLE('',#6354,167.5);
#2052=CIRCLE('',#6356,3.00000000000001);
#2053=CIRCLE('',#6357,3.00000000000001);
#2054=CIRCLE('',#6360,6.5);
#2055=CIRCLE('',#6361,6.5);
#2056=CIRCLE('',#6364,3.00000000000002);
#2057=CIRCLE('',#6365,3.00000000000002);
#2058=CIRCLE('',#6367,167.5);
#2059=CIRCLE('',#6368,167.5);
#2060=CIRCLE('',#6370,3.00000000000001);
#2061=CIRCLE('',#6371,3.00000000000001);
#2062=CIRCLE('',#6374,6.5);
#2063=CIRCLE('',#6375,6.5);
#2064=CIRCLE('',#6378,3.00000000000002);
#2065=CIRCLE('',#6379,3.00000000000002);
#2066=CIRCLE('',#6381,167.5);
#2067=CIRCLE('',#6382,167.5);
#2068=CIRCLE('',#6384,3.00000000000001);
#2069=CIRCLE('',#6385,3.00000000000001);
#2070=CIRCLE('',#6388,6.5);
#2071=CIRCLE('',#6389,6.5);
#2072=CIRCLE('',#6392,3.00000000000002);
#2073=CIRCLE('',#6393,3.00000000000002);
#2074=CIRCLE('',#6395,167.5);
#2075=CIRCLE('',#6396,167.5);
#2076=CIRCLE('',#6398,3.00000000000001);
#2077=CIRCLE('',#6399,3.00000000000001);
#2078=CIRCLE('',#6402,6.5);
#2079=CIRCLE('',#6403,6.5);
#2080=CIRCLE('',#6406,3.00000000000002);
#2081=CIRCLE('',#6407,3.00000000000002);
#2082=CIRCLE('',#6409,167.5);
#2083=CIRCLE('',#6410,167.5);
#2084=CIRCLE('',#6412,3.00000000000001);
#2085=CIRCLE('',#6413,3.00000000000001);
#2086=CIRCLE('',#6416,6.5);
#2087=CIRCLE('',#6417,6.5);
#2088=VERTEX_POINT('',#8265);
#2089=VERTEX_POINT('',#8267);
#2090=VERTEX_POINT('',#8271);
#2091=VERTEX_POINT('',#8273);
#2092=VERTEX_POINT('',#8277);
#2093=VERTEX_POINT('',#8279);
#2094=VERTEX_POINT('',#8283);
#2095=VERTEX_POINT('',#8285);
#2096=VERTEX_POINT('',#8289);
#2097=VERTEX_POINT('',#8291);
#2098=VERTEX_POINT('',#8295);
#2099=VERTEX_POINT('',#8298);
#2100=VERTEX_POINT('',#8300);
#2101=VERTEX_POINT('',#8304);
#2102=VERTEX_POINT('',#8307);
#2103=VERTEX_POINT('',#8309);
#2104=VERTEX_POINT('',#8313);
#2105=VERTEX_POINT('',#8316);
#2106=VERTEX_POINT('',#8318);
#2107=VERTEX_POINT('',#8322);
#2108=VERTEX_POINT('',#8325);
#2109=VERTEX_POINT('',#8327);
#2110=VERTEX_POINT('',#8331);
#2111=VERTEX_POINT('',#8334);
#2112=VERTEX_POINT('',#8336);
#2113=VERTEX_POINT('',#8340);
#2114=VERTEX_POINT('',#8343);
#2115=VERTEX_POINT('',#8345);
#2116=VERTEX_POINT('',#8349);
#2117=VERTEX_POINT('',#8352);
#2118=VERTEX_POINT('',#8354);
#2119=VERTEX_POINT('',#8358);
#2120=VERTEX_POINT('',#8361);
#2121=VERTEX_POINT('',#8365);
#2122=VERTEX_POINT('',#8369);
#2123=VERTEX_POINT('',#8373);
#2124=VERTEX_POINT('',#8377);
#2125=VERTEX_POINT('',#8381);
#2126=VERTEX_POINT('',#8385);
#2127=VERTEX_POINT('',#8389);
#2128=VERTEX_POINT('',#8393);
#2129=VERTEX_POINT('',#8396);
#2130=VERTEX_POINT('',#8400);
#2131=VERTEX_POINT('',#8401);
#2132=VERTEX_POINT('',#8403);
#2133=VERTEX_POINT('',#8405);
#2134=VERTEX_POINT('',#8409);
#2135=VERTEX_POINT('',#8411);
#2136=VERTEX_POINT('',#8415);
#2137=VERTEX_POINT('',#8417);
#2138=VERTEX_POINT('',#8421);
#2139=VERTEX_POINT('',#8423);
#2140=VERTEX_POINT('',#8427);
#2141=VERTEX_POINT('',#8429);
#2142=VERTEX_POINT('',#8433);
#2143=VERTEX_POINT('',#8435);
#2144=VERTEX_POINT('',#8439);
#2145=VERTEX_POINT('',#8441);
#2146=VERTEX_POINT('',#8445);
#2147=VERTEX_POINT('',#8447);
#2148=VERTEX_POINT('',#8451);
#2149=VERTEX_POINT('',#8453);
#2150=VERTEX_POINT('',#8457);
#2151=VERTEX_POINT('',#8459);
#2152=VERTEX_POINT('',#8463);
#2153=VERTEX_POINT('',#8465);
#2154=VERTEX_POINT('',#8469);
#2155=VERTEX_POINT('',#8471);
#2156=VERTEX_POINT('',#8475);
#2157=VERTEX_POINT('',#8477);
#2158=VERTEX_POINT('',#8481);
#2159=VERTEX_POINT('',#8483);
#2160=VERTEX_POINT('',#8487);
#2161=VERTEX_POINT('',#8489);
#2162=VERTEX_POINT('',#8493);
#2163=VERTEX_POINT('',#8495);
#2164=VERTEX_POINT('',#8499);
#2165=VERTEX_POINT('',#8501);
#2166=VERTEX_POINT('',#8505);
#2167=VERTEX_POINT('',#8507);
#2168=VERTEX_POINT('',#8511);
#2169=VERTEX_POINT('',#8513);
#2170=VERTEX_POINT('',#8517);
#2171=VERTEX_POINT('',#8519);
#2172=VERTEX_POINT('',#8523);
#2173=VERTEX_POINT('',#8525);
#2174=VERTEX_POINT('',#8529);
#2175=VERTEX_POINT('',#8531);
#2176=VERTEX_POINT('',#8535);
#2177=VERTEX_POINT('',#8537);
#2178=VERTEX_POINT('',#8541);
#2179=VERTEX_POINT('',#8543);
#2180=VERTEX_POINT('',#8547);
#2181=VERTEX_POINT('',#8549);
#2182=VERTEX_POINT('',#8553);
#2183=VERTEX_POINT('',#8555);
#2184=VERTEX_POINT('',#8559);
#2185=VERTEX_POINT('',#8561);
#2186=VERTEX_POINT('',#8565);
#2187=VERTEX_POINT('',#8567);
#2188=VERTEX_POINT('',#8571);
#2189=VERTEX_POINT('',#8573);
#2190=VERTEX_POINT('',#8577);
#2191=VERTEX_POINT('',#8579);
#2192=VERTEX_POINT('',#8583);
#2193=VERTEX_POINT('',#8585);
#2194=VERTEX_POINT('',#8589);
#2195=VERTEX_POINT('',#8591);
#2196=VERTEX_POINT('',#8595);
#2197=VERTEX_POINT('',#8597);
#2198=VERTEX_POINT('',#8601);
#2199=VERTEX_POINT('',#8603);
#2200=VERTEX_POINT('',#8607);
#2201=VERTEX_POINT('',#8609);
#2202=VERTEX_POINT('',#8613);
#2203=VERTEX_POINT('',#8615);
#2204=VERTEX_POINT('',#8619);
#2205=VERTEX_POINT('',#8621);
#2206=VERTEX_POINT('',#8625);
#2207=VERTEX_POINT('',#8627);
#2208=VERTEX_POINT('',#8631);
#2209=VERTEX_POINT('',#8633);
#2210=VERTEX_POINT('',#8637);
#2211=VERTEX_POINT('',#8639);
#2212=VERTEX_POINT('',#8643);
#2213=VERTEX_POINT('',#8645);
#2214=VERTEX_POINT('',#8649);
#2215=VERTEX_POINT('',#8651);
#2216=VERTEX_POINT('',#8655);
#2217=VERTEX_POINT('',#8657);
#2218=VERTEX_POINT('',#8661);
#2219=VERTEX_POINT('',#8663);
#2220=VERTEX_POINT('',#8667);
#2221=VERTEX_POINT('',#8669);
#2222=VERTEX_POINT('',#8673);
#2223=VERTEX_POINT('',#8675);
#2224=VERTEX_POINT('',#8679);
#2225=VERTEX_POINT('',#8681);
#2226=VERTEX_POINT('',#8685);
#2227=VERTEX_POINT('',#8687);
#2228=VERTEX_POINT('',#8691);
#2229=VERTEX_POINT('',#8693);
#2230=VERTEX_POINT('',#8697);
#2231=VERTEX_POINT('',#8699);
#2232=VERTEX_POINT('',#8703);
#2233=VERTEX_POINT('',#8705);
#2234=VERTEX_POINT('',#8709);
#2235=VERTEX_POINT('',#8711);
#2236=VERTEX_POINT('',#8715);
#2237=VERTEX_POINT('',#8717);
#2238=VERTEX_POINT('',#8721);
#2239=VERTEX_POINT('',#8723);
#2240=VERTEX_POINT('',#8727);
#2241=VERTEX_POINT('',#8729);
#2242=VERTEX_POINT('',#8733);
#2243=VERTEX_POINT('',#8735);
#2244=VERTEX_POINT('',#8739);
#2245=VERTEX_POINT('',#8741);
#2246=VERTEX_POINT('',#8745);
#2247=VERTEX_POINT('',#8747);
#2248=VERTEX_POINT('',#8751);
#2249=VERTEX_POINT('',#8753);
#2250=VERTEX_POINT('',#8757);
#2251=VERTEX_POINT('',#8759);
#2252=VERTEX_POINT('',#8763);
#2253=VERTEX_POINT('',#8765);
#2254=VERTEX_POINT('',#8769);
#2255=VERTEX_POINT('',#8771);
#2256=VERTEX_POINT('',#8775);
#2257=VERTEX_POINT('',#8777);
#2258=VERTEX_POINT('',#8781);
#2259=VERTEX_POINT('',#8783);
#2260=VERTEX_POINT('',#8787);
#2261=VERTEX_POINT('',#8789);
#2262=VERTEX_POINT('',#8793);
#2263=VERTEX_POINT('',#8795);
#2264=VERTEX_POINT('',#8799);
#2265=VERTEX_POINT('',#8801);
#2266=VERTEX_POINT('',#8805);
#2267=VERTEX_POINT('',#8807);
#2268=VERTEX_POINT('',#8811);
#2269=VERTEX_POINT('',#8813);
#2270=VERTEX_POINT('',#8817);
#2271=VERTEX_POINT('',#8819);
#2272=VERTEX_POINT('',#8823);
#2273=VERTEX_POINT('',#8825);
#2274=VERTEX_POINT('',#8829);
#2275=VERTEX_POINT('',#8831);
#2276=VERTEX_POINT('',#8835);
#2277=VERTEX_POINT('',#8837);
#2278=VERTEX_POINT('',#8841);
#2279=VERTEX_POINT('',#8843);
#2280=VERTEX_POINT('',#8847);
#2281=VERTEX_POINT('',#8849);
#2282=VERTEX_POINT('',#8853);
#2283=VERTEX_POINT('',#8855);
#2284=VERTEX_POINT('',#8859);
#2285=VERTEX_POINT('',#8861);
#2286=VERTEX_POINT('',#8865);
#2287=VERTEX_POINT('',#8867);
#2288=VERTEX_POINT('',#8871);
#2289=VERTEX_POINT('',#8873);
#2290=VERTEX_POINT('',#8877);
#2291=VERTEX_POINT('',#8879);
#2292=VERTEX_POINT('',#8883);
#2293=VERTEX_POINT('',#8885);
#2294=VERTEX_POINT('',#8889);
#2295=VERTEX_POINT('',#8891);
#2296=VERTEX_POINT('',#8895);
#2297=VERTEX_POINT('',#8897);
#2298=VERTEX_POINT('',#8901);
#2299=VERTEX_POINT('',#8903);
#2300=VERTEX_POINT('',#8907);
#2301=VERTEX_POINT('',#8909);
#2302=VERTEX_POINT('',#8913);
#2303=VERTEX_POINT('',#8915);
#2304=VERTEX_POINT('',#8919);
#2305=VERTEX_POINT('',#8921);
#2306=VERTEX_POINT('',#8925);
#2307=VERTEX_POINT('',#8927);
#2308=VERTEX_POINT('',#8931);
#2309=VERTEX_POINT('',#8933);
#2310=VERTEX_POINT('',#8937);
#2311=VERTEX_POINT('',#8939);
#2312=VERTEX_POINT('',#8943);
#2313=VERTEX_POINT('',#8945);
#2314=VERTEX_POINT('',#8949);
#2315=VERTEX_POINT('',#8951);
#2316=VERTEX_POINT('',#8955);
#2317=VERTEX_POINT('',#8957);
#2318=VERTEX_POINT('',#8961);
#2319=VERTEX_POINT('',#8963);
#2320=VERTEX_POINT('',#8967);
#2321=VERTEX_POINT('',#8969);
#2322=VERTEX_POINT('',#8973);
#2323=VERTEX_POINT('',#8975);
#2324=VERTEX_POINT('',#8979);
#2325=VERTEX_POINT('',#8981);
#2326=VERTEX_POINT('',#8985);
#2327=VERTEX_POINT('',#8987);
#2328=VERTEX_POINT('',#8991);
#2329=VERTEX_POINT('',#8993);
#2330=VERTEX_POINT('',#8997);
#2331=VERTEX_POINT('',#8999);
#2332=VERTEX_POINT('',#9003);
#2333=VERTEX_POINT('',#9005);
#2334=VERTEX_POINT('',#9009);
#2335=VERTEX_POINT('',#9011);
#2336=VERTEX_POINT('',#9015);
#2337=VERTEX_POINT('',#9017);
#2338=VERTEX_POINT('',#9021);
#2339=VERTEX_POINT('',#9023);
#2340=VERTEX_POINT('',#9027);
#2341=VERTEX_POINT('',#9029);
#2342=VERTEX_POINT('',#9033);
#2343=VERTEX_POINT('',#9035);
#2344=VERTEX_POINT('',#9039);
#2345=VERTEX_POINT('',#9041);
#2346=VERTEX_POINT('',#9045);
#2347=VERTEX_POINT('',#9047);
#2348=VERTEX_POINT('',#9051);
#2349=VERTEX_POINT('',#9053);
#2350=VERTEX_POINT('',#9057);
#2351=VERTEX_POINT('',#9059);
#2352=VERTEX_POINT('',#9063);
#2353=VERTEX_POINT('',#9065);
#2354=VERTEX_POINT('',#9069);
#2355=VERTEX_POINT('',#9071);
#2356=VERTEX_POINT('',#9075);
#2357=VERTEX_POINT('',#9077);
#2358=VERTEX_POINT('',#9081);
#2359=VERTEX_POINT('',#9083);
#2360=VERTEX_POINT('',#9087);
#2361=VERTEX_POINT('',#9089);
#2362=VERTEX_POINT('',#9093);
#2363=VERTEX_POINT('',#9095);
#2364=VERTEX_POINT('',#9099);
#2365=VERTEX_POINT('',#9101);
#2366=VERTEX_POINT('',#9105);
#2367=VERTEX_POINT('',#9107);
#2368=VERTEX_POINT('',#9111);
#2369=VERTEX_POINT('',#9113);
#2370=VERTEX_POINT('',#9117);
#2371=VERTEX_POINT('',#9119);
#2372=VERTEX_POINT('',#9123);
#2373=VERTEX_POINT('',#9125);
#2374=VERTEX_POINT('',#9129);
#2375=VERTEX_POINT('',#9131);
#2376=VERTEX_POINT('',#9135);
#2377=VERTEX_POINT('',#9137);
#2378=VERTEX_POINT('',#9141);
#2379=VERTEX_POINT('',#9143);
#2380=VERTEX_POINT('',#9147);
#2381=VERTEX_POINT('',#9149);
#2382=VERTEX_POINT('',#9153);
#2383=VERTEX_POINT('',#9155);
#2384=VERTEX_POINT('',#9159);
#2385=VERTEX_POINT('',#9161);
#2386=VERTEX_POINT('',#9165);
#2387=VERTEX_POINT('',#9167);
#2388=VERTEX_POINT('',#9171);
#2389=VERTEX_POINT('',#9173);
#2390=VERTEX_POINT('',#9177);
#2391=VERTEX_POINT('',#9179);
#2392=VERTEX_POINT('',#9183);
#2393=VERTEX_POINT('',#9185);
#2394=VERTEX_POINT('',#9189);
#2395=VERTEX_POINT('',#9191);
#2396=VERTEX_POINT('',#9195);
#2397=VERTEX_POINT('',#9197);
#2398=VERTEX_POINT('',#9201);
#2399=VERTEX_POINT('',#9203);
#2400=VERTEX_POINT('',#9207);
#2401=VERTEX_POINT('',#9209);
#2402=VERTEX_POINT('',#9213);
#2403=VERTEX_POINT('',#9215);
#2404=VERTEX_POINT('',#9219);
#2405=VERTEX_POINT('',#9221);
#2406=VERTEX_POINT('',#9225);
#2407=VERTEX_POINT('',#9227);
#2408=VERTEX_POINT('',#9231);
#2409=VERTEX_POINT('',#9233);
#2410=VERTEX_POINT('',#9237);
#2411=VERTEX_POINT('',#9239);
#2412=VERTEX_POINT('',#9243);
#2413=VERTEX_POINT('',#9245);
#2414=VERTEX_POINT('',#9249);
#2415=VERTEX_POINT('',#9251);
#2416=VERTEX_POINT('',#9255);
#2417=VERTEX_POINT('',#9257);
#2418=VERTEX_POINT('',#9261);
#2419=VERTEX_POINT('',#9263);
#2420=VERTEX_POINT('',#9267);
#2421=VERTEX_POINT('',#9269);
#2422=VERTEX_POINT('',#9273);
#2423=VERTEX_POINT('',#9275);
#2424=VERTEX_POINT('',#9279);
#2425=VERTEX_POINT('',#9281);
#2426=VERTEX_POINT('',#9285);
#2427=VERTEX_POINT('',#9287);
#2428=VERTEX_POINT('',#9291);
#2429=VERTEX_POINT('',#9293);
#2430=VERTEX_POINT('',#9297);
#2431=VERTEX_POINT('',#9299);
#2432=VERTEX_POINT('',#9303);
#2433=VERTEX_POINT('',#9305);
#2434=VERTEX_POINT('',#9309);
#2435=VERTEX_POINT('',#9311);
#2436=VERTEX_POINT('',#9315);
#2437=VERTEX_POINT('',#9317);
#2438=VERTEX_POINT('',#9321);
#2439=VERTEX_POINT('',#9323);
#2440=VERTEX_POINT('',#9327);
#2441=VERTEX_POINT('',#9329);
#2442=VERTEX_POINT('',#9333);
#2443=VERTEX_POINT('',#9335);
#2444=VERTEX_POINT('',#9339);
#2445=VERTEX_POINT('',#9341);
#2446=VERTEX_POINT('',#9345);
#2447=VERTEX_POINT('',#9347);
#2448=VERTEX_POINT('',#9351);
#2449=VERTEX_POINT('',#9353);
#2450=VERTEX_POINT('',#9357);
#2451=VERTEX_POINT('',#9359);
#2452=VERTEX_POINT('',#9363);
#2453=VERTEX_POINT('',#9365);
#2454=VERTEX_POINT('',#9369);
#2455=VERTEX_POINT('',#9371);
#2456=VERTEX_POINT('',#9375);
#2457=VERTEX_POINT('',#9377);
#2458=VERTEX_POINT('',#9381);
#2459=VERTEX_POINT('',#9383);
#2460=VERTEX_POINT('',#9387);
#2461=VERTEX_POINT('',#9389);
#2462=VERTEX_POINT('',#9393);
#2463=VERTEX_POINT('',#9395);
#2464=VERTEX_POINT('',#9399);
#2465=VERTEX_POINT('',#9401);
#2466=VERTEX_POINT('',#9405);
#2467=VERTEX_POINT('',#9407);
#2468=VERTEX_POINT('',#9411);
#2469=VERTEX_POINT('',#9413);
#2470=VERTEX_POINT('',#9417);
#2471=VERTEX_POINT('',#9419);
#2472=VERTEX_POINT('',#9423);
#2473=VERTEX_POINT('',#9425);
#2474=VERTEX_POINT('',#9429);
#2475=VERTEX_POINT('',#9431);
#2476=VERTEX_POINT('',#9435);
#2477=VERTEX_POINT('',#9437);
#2478=VERTEX_POINT('',#9441);
#2479=VERTEX_POINT('',#9443);
#2480=VERTEX_POINT('',#9447);
#2481=VERTEX_POINT('',#9449);
#2482=VERTEX_POINT('',#9453);
#2483=VERTEX_POINT('',#9455);
#2484=VERTEX_POINT('',#9459);
#2485=VERTEX_POINT('',#9461);
#2486=VERTEX_POINT('',#9465);
#2487=VERTEX_POINT('',#9467);
#2488=VERTEX_POINT('',#9471);
#2489=VERTEX_POINT('',#9473);
#2490=VERTEX_POINT('',#9477);
#2491=VERTEX_POINT('',#9479);
#2492=VERTEX_POINT('',#9483);
#2493=VERTEX_POINT('',#9485);
#2494=VERTEX_POINT('',#9489);
#2495=VERTEX_POINT('',#9491);
#2496=VERTEX_POINT('',#9495);
#2497=VERTEX_POINT('',#9497);
#2498=VERTEX_POINT('',#9501);
#2499=VERTEX_POINT('',#9503);
#2500=VERTEX_POINT('',#9507);
#2501=VERTEX_POINT('',#9509);
#2502=VERTEX_POINT('',#9513);
#2503=VERTEX_POINT('',#9515);
#2504=VERTEX_POINT('',#9519);
#2505=VERTEX_POINT('',#9521);
#2506=VERTEX_POINT('',#9525);
#2507=VERTEX_POINT('',#9527);
#2508=VERTEX_POINT('',#9531);
#2509=VERTEX_POINT('',#9533);
#2510=VERTEX_POINT('',#9537);
#2511=VERTEX_POINT('',#9539);
#2512=VERTEX_POINT('',#9543);
#2513=VERTEX_POINT('',#9545);
#2514=VERTEX_POINT('',#9549);
#2515=VERTEX_POINT('',#9551);
#2516=VERTEX_POINT('',#9555);
#2517=VERTEX_POINT('',#9557);
#2518=VERTEX_POINT('',#9561);
#2519=VERTEX_POINT('',#9563);
#2520=VERTEX_POINT('',#9567);
#2521=VERTEX_POINT('',#9569);
#2522=VERTEX_POINT('',#9573);
#2523=VERTEX_POINT('',#9575);
#2524=VERTEX_POINT('',#9579);
#2525=VERTEX_POINT('',#9581);
#2526=VERTEX_POINT('',#9585);
#2527=VERTEX_POINT('',#9587);
#2528=VERTEX_POINT('',#9591);
#2529=VERTEX_POINT('',#9593);
#2530=VERTEX_POINT('',#9597);
#2531=VERTEX_POINT('',#9599);
#2532=VERTEX_POINT('',#9603);
#2533=VERTEX_POINT('',#9605);
#2534=VERTEX_POINT('',#9609);
#2535=VERTEX_POINT('',#9611);
#2536=VERTEX_POINT('',#9615);
#2537=VERTEX_POINT('',#9617);
#2538=VERTEX_POINT('',#9621);
#2539=VERTEX_POINT('',#9623);
#2540=VERTEX_POINT('',#9627);
#2541=VERTEX_POINT('',#9629);
#2542=VERTEX_POINT('',#9633);
#2543=VERTEX_POINT('',#9635);
#2544=VERTEX_POINT('',#9639);
#2545=VERTEX_POINT('',#9641);
#2546=VERTEX_POINT('',#9645);
#2547=VERTEX_POINT('',#9647);
#2548=VERTEX_POINT('',#9651);
#2549=VERTEX_POINT('',#9653);
#2550=VERTEX_POINT('',#9657);
#2551=VERTEX_POINT('',#9659);
#2552=VERTEX_POINT('',#9663);
#2553=VERTEX_POINT('',#9665);
#2554=VERTEX_POINT('',#9669);
#2555=VERTEX_POINT('',#9671);
#2556=VERTEX_POINT('',#9675);
#2557=VERTEX_POINT('',#9677);
#2558=VERTEX_POINT('',#9681);
#2559=VERTEX_POINT('',#9683);
#2560=VERTEX_POINT('',#9687);
#2561=VERTEX_POINT('',#9689);
#2562=VERTEX_POINT('',#9693);
#2563=VERTEX_POINT('',#9695);
#2564=VERTEX_POINT('',#9699);
#2565=VERTEX_POINT('',#9701);
#2566=VERTEX_POINT('',#9705);
#2567=VERTEX_POINT('',#9707);
#2568=VERTEX_POINT('',#9711);
#2569=VERTEX_POINT('',#9713);
#2570=VERTEX_POINT('',#9717);
#2571=VERTEX_POINT('',#9719);
#2572=VERTEX_POINT('',#9723);
#2573=VERTEX_POINT('',#9725);
#2574=VERTEX_POINT('',#9729);
#2575=VERTEX_POINT('',#9731);
#2576=VERTEX_POINT('',#9735);
#2577=VERTEX_POINT('',#9737);
#2578=VERTEX_POINT('',#9741);
#2579=VERTEX_POINT('',#9743);
#2580=VERTEX_POINT('',#9747);
#2581=VERTEX_POINT('',#9749);
#2582=VERTEX_POINT('',#9753);
#2583=VERTEX_POINT('',#9755);
#2584=VERTEX_POINT('',#9759);
#2585=VERTEX_POINT('',#9761);
#2586=VERTEX_POINT('',#9765);
#2587=VERTEX_POINT('',#9767);
#2588=VERTEX_POINT('',#9771);
#2589=VERTEX_POINT('',#9773);
#2590=VERTEX_POINT('',#9777);
#2591=VERTEX_POINT('',#9779);
#2592=VERTEX_POINT('',#9783);
#2593=VERTEX_POINT('',#9785);
#2594=VERTEX_POINT('',#9789);
#2595=VERTEX_POINT('',#9791);
#2596=VERTEX_POINT('',#9795);
#2597=VERTEX_POINT('',#9797);
#2598=VERTEX_POINT('',#9801);
#2599=VERTEX_POINT('',#9803);
#2600=VERTEX_POINT('',#9807);
#2601=VERTEX_POINT('',#9809);
#2602=VERTEX_POINT('',#9813);
#2603=VERTEX_POINT('',#9815);
#2604=VERTEX_POINT('',#9819);
#2605=VERTEX_POINT('',#9821);
#2606=VERTEX_POINT('',#9825);
#2607=VERTEX_POINT('',#9827);
#2608=VERTEX_POINT('',#9831);
#2609=VERTEX_POINT('',#9833);
#2610=VERTEX_POINT('',#9837);
#2611=VERTEX_POINT('',#9839);
#2612=VERTEX_POINT('',#9843);
#2613=VERTEX_POINT('',#9845);
#2614=VERTEX_POINT('',#9849);
#2615=VERTEX_POINT('',#9851);
#2616=VERTEX_POINT('',#9855);
#2617=VERTEX_POINT('',#9857);
#2618=VERTEX_POINT('',#9861);
#2619=VERTEX_POINT('',#9863);
#2620=VERTEX_POINT('',#9867);
#2621=VERTEX_POINT('',#9869);
#2622=VERTEX_POINT('',#9873);
#2623=VERTEX_POINT('',#9875);
#2624=VERTEX_POINT('',#9879);
#2625=VERTEX_POINT('',#9881);
#2626=VERTEX_POINT('',#9885);
#2627=VERTEX_POINT('',#9887);
#2628=VERTEX_POINT('',#9891);
#2629=VERTEX_POINT('',#9893);
#2630=VERTEX_POINT('',#9897);
#2631=VERTEX_POINT('',#9899);
#2632=VERTEX_POINT('',#9903);
#2633=VERTEX_POINT('',#9905);
#2634=VERTEX_POINT('',#9909);
#2635=VERTEX_POINT('',#9911);
#2636=VERTEX_POINT('',#9915);
#2637=VERTEX_POINT('',#9917);
#2638=VERTEX_POINT('',#9921);
#2639=VERTEX_POINT('',#9923);
#2640=VERTEX_POINT('',#9927);
#2641=VERTEX_POINT('',#9929);
#2642=VERTEX_POINT('',#9933);
#2643=VERTEX_POINT('',#9935);
#2644=VERTEX_POINT('',#9939);
#2645=VERTEX_POINT('',#9941);
#2646=VERTEX_POINT('',#9945);
#2647=VERTEX_POINT('',#9947);
#2648=VERTEX_POINT('',#9951);
#2649=VERTEX_POINT('',#9953);
#2650=VERTEX_POINT('',#9957);
#2651=VERTEX_POINT('',#9959);
#2652=VERTEX_POINT('',#9963);
#2653=VERTEX_POINT('',#9965);
#2654=VERTEX_POINT('',#9969);
#2655=VERTEX_POINT('',#9971);
#2656=VERTEX_POINT('',#9975);
#2657=VERTEX_POINT('',#9977);
#2658=EDGE_CURVE('',#2088,#2088,#1694,.T.);
#2659=EDGE_CURVE('',#2088,#2089,#772,.T.);
#2660=EDGE_CURVE('',#2089,#2089,#1695,.T.);
#2661=EDGE_CURVE('',#2090,#2090,#1696,.T.);
#2662=EDGE_CURVE('',#2090,#2091,#773,.T.);
#2663=EDGE_CURVE('',#2091,#2091,#1697,.T.);
#2664=EDGE_CURVE('',#2092,#2092,#1698,.T.);
#2665=EDGE_CURVE('',#2092,#2093,#774,.T.);
#2666=EDGE_CURVE('',#2093,#2093,#1699,.T.);
#2667=EDGE_CURVE('',#2094,#2094,#1700,.F.);
#2668=EDGE_CURVE('',#2094,#2095,#775,.T.);
#2669=EDGE_CURVE('',#2095,#2095,#1701,.F.);
#2670=EDGE_CURVE('',#2096,#2096,#1702,.T.);
#2671=EDGE_CURVE('',#2096,#2097,#776,.T.);
#2672=EDGE_CURVE('',#2097,#2097,#1703,.T.);
#2673=EDGE_CURVE('',#2098,#2098,#1704,.T.);
#2674=EDGE_CURVE('',#2099,#2099,#1705,.T.);
#2675=EDGE_CURVE('',#2099,#2100,#777,.T.);
#2676=EDGE_CURVE('',#2100,#2100,#1706,.T.);
#2677=EDGE_CURVE('',#2101,#2101,#1707,.T.);
#2678=EDGE_CURVE('',#2102,#2102,#1708,.T.);
#2679=EDGE_CURVE('',#2102,#2103,#778,.T.);
#2680=EDGE_CURVE('',#2103,#2103,#1709,.T.);
#2681=EDGE_CURVE('',#2104,#2104,#1710,.T.);
#2682=EDGE_CURVE('',#2105,#2105,#1711,.T.);
#2683=EDGE_CURVE('',#2105,#2106,#779,.T.);
#2684=EDGE_CURVE('',#2106,#2106,#1712,.T.);
#2685=EDGE_CURVE('',#2107,#2107,#1713,.T.);
#2686=EDGE_CURVE('',#2108,#2108,#1714,.T.);
#2687=EDGE_CURVE('',#2108,#2109,#780,.T.);
#2688=EDGE_CURVE('',#2109,#2109,#1715,.T.);
#2689=EDGE_CURVE('',#2110,#2110,#1716,.T.);
#2690=EDGE_CURVE('',#2111,#2111,#1717,.T.);
#2691=EDGE_CURVE('',#2111,#2112,#781,.T.);
#2692=EDGE_CURVE('',#2112,#2112,#1718,.T.);
#2693=EDGE_CURVE('',#2113,#2113,#1719,.T.);
#2694=EDGE_CURVE('',#2114,#2114,#1720,.T.);
#2695=EDGE_CURVE('',#2114,#2115,#782,.T.);
#2696=EDGE_CURVE('',#2115,#2115,#1721,.T.);
#2697=EDGE_CURVE('',#2116,#2116,#1722,.T.);
#2698=EDGE_CURVE('',#2117,#2117,#1723,.T.);
#2699=EDGE_CURVE('',#2117,#2118,#783,.T.);
#2700=EDGE_CURVE('',#2118,#2118,#1724,.T.);
#2701=EDGE_CURVE('',#2119,#2119,#1725,.T.);
#2702=EDGE_CURVE('',#2120,#2120,#1726,.T.);
#2703=EDGE_CURVE('',#2120,#2113,#784,.T.);
#2704=EDGE_CURVE('',#2121,#2121,#1727,.T.);
#2705=EDGE_CURVE('',#2121,#2110,#785,.T.);
#2706=EDGE_CURVE('',#2122,#2122,#1728,.T.);
#2707=EDGE_CURVE('',#2122,#2098,#786,.T.);
#2708=EDGE_CURVE('',#2123,#2123,#1729,.T.);
#2709=EDGE_CURVE('',#2123,#2101,#787,.T.);
#2710=EDGE_CURVE('',#2124,#2124,#1730,.T.);
#2711=EDGE_CURVE('',#2124,#2119,#788,.T.);
#2712=EDGE_CURVE('',#2125,#2125,#1731,.T.);
#2713=EDGE_CURVE('',#2125,#2116,#789,.T.);
#2714=EDGE_CURVE('',#2126,#2126,#1732,.T.);
#2715=EDGE_CURVE('',#2126,#2107,#790,.T.);
#2716=EDGE_CURVE('',#2127,#2127,#1733,.T.);
#2717=EDGE_CURVE('',#2127,#2104,#791,.T.);
#2718=EDGE_CURVE('',#2128,#2128,#1734,.T.);
#2719=EDGE_CURVE('',#2128,#2129,#792,.T.);
#2720=EDGE_CURVE('',#2129,#2129,#1735,.T.);
#2721=EDGE_CURVE('',#2130,#2131,#793,.T.);
#2722=EDGE_CURVE('',#2130,#2132,#794,.T.);
#2723=EDGE_CURVE('',#2133,#2132,#795,.T.);
#2724=EDGE_CURVE('',#2131,#2133,#796,.T.);
#2725=EDGE_CURVE('',#2131,#2134,#1736,.T.);
#2726=EDGE_CURVE('',#2135,#2133,#1737,.T.);
#2727=EDGE_CURVE('',#2134,#2135,#797,.T.);
#2728=EDGE_CURVE('',#2134,#2136,#1738,.T.);
#2729=EDGE_CURVE('',#2137,#2135,#1739,.T.);
#2730=EDGE_CURVE('',#2136,#2137,#798,.T.);
#2731=EDGE_CURVE('',#2136,#2138,#1740,.T.);
#2732=EDGE_CURVE('',#2139,#2137,#1741,.T.);
#2733=EDGE_CURVE('',#2138,#2139,#799,.T.);
#2734=EDGE_CURVE('',#2138,#2140,#800,.T.);
#2735=EDGE_CURVE('',#2141,#2139,#801,.T.);
#2736=EDGE_CURVE('',#2140,#2141,#802,.T.);
#2737=EDGE_CURVE('',#2140,#2142,#1742,.T.);
#2738=EDGE_CURVE('',#2143,#2141,#1743,.T.);
#2739=EDGE_CURVE('',#2142,#2143,#803,.T.);
#2740=EDGE_CURVE('',#2142,#2144,#804,.T.);
#2741=EDGE_CURVE('',#2145,#2143,#805,.T.);
#2742=EDGE_CURVE('',#2144,#2145,#806,.T.);
#2743=EDGE_CURVE('',#2144,#2146,#1744,.T.);
#2744=EDGE_CURVE('',#2147,#2145,#1745,.T.);
#2745=EDGE_CURVE('',#2146,#2147,#807,.T.);
#2746=EDGE_CURVE('',#2146,#2148,#1746,.T.);
#2747=EDGE_CURVE('',#2149,#2147,#1747,.T.);
#2748=EDGE_CURVE('',#2148,#2149,#808,.T.);
#2749=EDGE_CURVE('',#2148,#2150,#1748,.T.);
#2750=EDGE_CURVE('',#2151,#2149,#1749,.T.);
#2751=EDGE_CURVE('',#2150,#2151,#809,.T.);
#2752=EDGE_CURVE('',#2150,#2152,#810,.T.);
#2753=EDGE_CURVE('',#2153,#2151,#811,.T.);
#2754=EDGE_CURVE('',#2152,#2153,#812,.T.);
#2755=EDGE_CURVE('',#2152,#2154,#1750,.T.);
#2756=EDGE_CURVE('',#2155,#2153,#1751,.T.);
#2757=EDGE_CURVE('',#2154,#2155,#813,.T.);
#2758=EDGE_CURVE('',#2154,#2156,#814,.T.);
#2759=EDGE_CURVE('',#2157,#2155,#815,.T.);
#2760=EDGE_CURVE('',#2156,#2157,#816,.T.);
#2761=EDGE_CURVE('',#2156,#2158,#1752,.T.);
#2762=EDGE_CURVE('',#2159,#2157,#1753,.T.);
#2763=EDGE_CURVE('',#2158,#2159,#817,.T.);
#2764=EDGE_CURVE('',#2158,#2160,#1754,.T.);
#2765=EDGE_CURVE('',#2161,#2159,#1755,.T.);
#2766=EDGE_CURVE('',#2160,#2161,#818,.T.);
#2767=EDGE_CURVE('',#2160,#2162,#1756,.T.);
#2768=EDGE_CURVE('',#2163,#2161,#1757,.T.);
#2769=EDGE_CURVE('',#2162,#2163,#819,.T.);
#2770=EDGE_CURVE('',#2162,#2164,#820,.T.);
#2771=EDGE_CURVE('',#2165,#2163,#821,.T.);
#2772=EDGE_CURVE('',#2164,#2165,#822,.T.);
#2773=EDGE_CURVE('',#2164,#2166,#1758,.T.);
#2774=EDGE_CURVE('',#2167,#2165,#1759,.T.);
#2775=EDGE_CURVE('',#2166,#2167,#823,.T.);
#2776=EDGE_CURVE('',#2166,#2168,#824,.T.);
#2777=EDGE_CURVE('',#2169,#2167,#825,.T.);
#2778=EDGE_CURVE('',#2168,#2169,#826,.T.);
#2779=EDGE_CURVE('',#2168,#2170,#1760,.T.);
#2780=EDGE_CURVE('',#2171,#2169,#1761,.T.);
#2781=EDGE_CURVE('',#2170,#2171,#827,.T.);
#2782=EDGE_CURVE('',#2170,#2172,#1762,.T.);
#2783=EDGE_CURVE('',#2173,#2171,#1763,.T.);
#2784=EDGE_CURVE('',#2172,#2173,#828,.T.);
#2785=EDGE_CURVE('',#2172,#2174,#1764,.T.);
#2786=EDGE_CURVE('',#2175,#2173,#1765,.T.);
#2787=EDGE_CURVE('',#2174,#2175,#829,.T.);
#2788=EDGE_CURVE('',#2174,#2176,#830,.T.);
#2789=EDGE_CURVE('',#2177,#2175,#831,.T.);
#2790=EDGE_CURVE('',#2176,#2177,#832,.T.);
#2791=EDGE_CURVE('',#2176,#2178,#1766,.T.);
#2792=EDGE_CURVE('',#2179,#2177,#1767,.T.);
#2793=EDGE_CURVE('',#2178,#2179,#833,.T.);
#2794=EDGE_CURVE('',#2178,#2180,#834,.T.);
#2795=EDGE_CURVE('',#2181,#2179,#835,.T.);
#2796=EDGE_CURVE('',#2180,#2181,#836,.T.);
#2797=EDGE_CURVE('',#2180,#2182,#1768,.T.);
#2798=EDGE_CURVE('',#2183,#2181,#1769,.T.);
#2799=EDGE_CURVE('',#2182,#2183,#837,.T.);
#2800=EDGE_CURVE('',#2182,#2184,#1770,.T.);
#2801=EDGE_CURVE('',#2185,#2183,#1771,.T.);
#2802=EDGE_CURVE('',#2184,#2185,#838,.T.);
#2803=EDGE_CURVE('',#2184,#2186,#1772,.T.);
#2804=EDGE_CURVE('',#2187,#2185,#1773,.T.);
#2805=EDGE_CURVE('',#2186,#2187,#839,.T.);
#2806=EDGE_CURVE('',#2186,#2188,#840,.T.);
#2807=EDGE_CURVE('',#2189,#2187,#841,.T.);
#2808=EDGE_CURVE('',#2188,#2189,#842,.T.);
#2809=EDGE_CURVE('',#2188,#2190,#1774,.T.);
#2810=EDGE_CURVE('',#2191,#2189,#1775,.T.);
#2811=EDGE_CURVE('',#2190,#2191,#843,.T.);
#2812=EDGE_CURVE('',#2190,#2192,#844,.T.);
#2813=EDGE_CURVE('',#2193,#2191,#845,.T.);
#2814=EDGE_CURVE('',#2192,#2193,#846,.T.);
#2815=EDGE_CURVE('',#2192,#2194,#1776,.T.);
#2816=EDGE_CURVE('',#2195,#2193,#1777,.T.);
#2817=EDGE_CURVE('',#2194,#2195,#847,.T.);
#2818=EDGE_CURVE('',#2194,#2196,#1778,.T.);
#2819=EDGE_CURVE('',#2197,#2195,#1779,.T.);
#2820=EDGE_CURVE('',#2196,#2197,#848,.T.);
#2821=EDGE_CURVE('',#2196,#2198,#1780,.T.);
#2822=EDGE_CURVE('',#2199,#2197,#1781,.T.);
#2823=EDGE_CURVE('',#2198,#2199,#849,.T.);
#2824=EDGE_CURVE('',#2198,#2200,#850,.T.);
#2825=EDGE_CURVE('',#2201,#2199,#851,.T.);
#2826=EDGE_CURVE('',#2200,#2201,#852,.T.);
#2827=EDGE_CURVE('',#2200,#2202,#1782,.T.);
#2828=EDGE_CURVE('',#2203,#2201,#1783,.T.);
#2829=EDGE_CURVE('',#2202,#2203,#853,.T.);
#2830=EDGE_CURVE('',#2202,#2204,#854,.T.);
#2831=EDGE_CURVE('',#2205,#2203,#855,.T.);
#2832=EDGE_CURVE('',#2204,#2205,#856,.T.);
#2833=EDGE_CURVE('',#2204,#2206,#1784,.T.);
#2834=EDGE_CURVE('',#2207,#2205,#1785,.T.);
#2835=EDGE_CURVE('',#2206,#2207,#857,.T.);
#2836=EDGE_CURVE('',#2206,#2208,#1786,.T.);
#2837=EDGE_CURVE('',#2209,#2207,#1787,.T.);
#2838=EDGE_CURVE('',#2208,#2209,#858,.T.);
#2839=EDGE_CURVE('',#2208,#2210,#1788,.T.);
#2840=EDGE_CURVE('',#2211,#2209,#1789,.T.);
#2841=EDGE_CURVE('',#2210,#2211,#859,.T.);
#2842=EDGE_CURVE('',#2210,#2212,#860,.T.);
#2843=EDGE_CURVE('',#2213,#2211,#861,.T.);
#2844=EDGE_CURVE('',#2212,#2213,#862,.T.);
#2845=EDGE_CURVE('',#2212,#2214,#1790,.T.);
#2846=EDGE_CURVE('',#2215,#2213,#1791,.T.);
#2847=EDGE_CURVE('',#2214,#2215,#863,.T.);
#2848=EDGE_CURVE('',#2214,#2216,#864,.T.);
#2849=EDGE_CURVE('',#2217,#2215,#865,.T.);
#2850=EDGE_CURVE('',#2216,#2217,#866,.T.);
#2851=EDGE_CURVE('',#2216,#2218,#1792,.T.);
#2852=EDGE_CURVE('',#2219,#2217,#1793,.T.);
#2853=EDGE_CURVE('',#2218,#2219,#867,.T.);
#2854=EDGE_CURVE('',#2218,#2220,#1794,.T.);
#2855=EDGE_CURVE('',#2221,#2219,#1795,.T.);
#2856=EDGE_CURVE('',#2220,#2221,#868,.T.);
#2857=EDGE_CURVE('',#2220,#2222,#1796,.T.);
#2858=EDGE_CURVE('',#2223,#2221,#1797,.T.);
#2859=EDGE_CURVE('',#2222,#2223,#869,.T.);
#2860=EDGE_CURVE('',#2222,#2224,#870,.T.);
#2861=EDGE_CURVE('',#2225,#2223,#871,.T.);
#2862=EDGE_CURVE('',#2224,#2225,#872,.T.);
#2863=EDGE_CURVE('',#2224,#2226,#1798,.T.);
#2864=EDGE_CURVE('',#2227,#2225,#1799,.T.);
#2865=EDGE_CURVE('',#2226,#2227,#873,.T.);
#2866=EDGE_CURVE('',#2226,#2228,#874,.T.);
#2867=EDGE_CURVE('',#2229,#2227,#875,.T.);
#2868=EDGE_CURVE('',#2228,#2229,#876,.T.);
#2869=EDGE_CURVE('',#2228,#2230,#1800,.T.);
#2870=EDGE_CURVE('',#2231,#2229,#1801,.T.);
#2871=EDGE_CURVE('',#2230,#2231,#877,.T.);
#2872=EDGE_CURVE('',#2230,#2232,#1802,.T.);
#2873=EDGE_CURVE('',#2233,#2231,#1803,.T.);
#2874=EDGE_CURVE('',#2232,#2233,#878,.T.);
#2875=EDGE_CURVE('',#2232,#2234,#1804,.T.);
#2876=EDGE_CURVE('',#2235,#2233,#1805,.T.);
#2877=EDGE_CURVE('',#2234,#2235,#879,.T.);
#2878=EDGE_CURVE('',#2234,#2236,#880,.T.);
#2879=EDGE_CURVE('',#2237,#2235,#881,.T.);
#2880=EDGE_CURVE('',#2236,#2237,#882,.T.);
#2881=EDGE_CURVE('',#2236,#2238,#1806,.T.);
#2882=EDGE_CURVE('',#2239,#2237,#1807,.T.);
#2883=EDGE_CURVE('',#2238,#2239,#883,.T.);
#2884=EDGE_CURVE('',#2238,#2240,#884,.T.);
#2885=EDGE_CURVE('',#2241,#2239,#885,.T.);
#2886=EDGE_CURVE('',#2240,#2241,#886,.T.);
#2887=EDGE_CURVE('',#2240,#2242,#1808,.T.);
#2888=EDGE_CURVE('',#2243,#2241,#1809,.T.);
#2889=EDGE_CURVE('',#2242,#2243,#887,.T.);
#2890=EDGE_CURVE('',#2242,#2244,#1810,.T.);
#2891=EDGE_CURVE('',#2245,#2243,#1811,.T.);
#2892=EDGE_CURVE('',#2244,#2245,#888,.T.);
#2893=EDGE_CURVE('',#2244,#2246,#1812,.T.);
#2894=EDGE_CURVE('',#2247,#2245,#1813,.T.);
#2895=EDGE_CURVE('',#2246,#2247,#889,.T.);
#2896=EDGE_CURVE('',#2246,#2248,#890,.T.);
#2897=EDGE_CURVE('',#2249,#2247,#891,.T.);
#2898=EDGE_CURVE('',#2248,#2249,#892,.T.);
#2899=EDGE_CURVE('',#2248,#2250,#1814,.T.);
#2900=EDGE_CURVE('',#2251,#2249,#1815,.T.);
#2901=EDGE_CURVE('',#2250,#2251,#893,.T.);
#2902=EDGE_CURVE('',#2250,#2252,#894,.T.);
#2903=EDGE_CURVE('',#2253,#2251,#895,.T.);
#2904=EDGE_CURVE('',#2252,#2253,#896,.T.);
#2905=EDGE_CURVE('',#2252,#2254,#1816,.T.);
#2906=EDGE_CURVE('',#2255,#2253,#1817,.T.);
#2907=EDGE_CURVE('',#2254,#2255,#897,.T.);
#2908=EDGE_CURVE('',#2254,#2256,#1818,.T.);
#2909=EDGE_CURVE('',#2257,#2255,#1819,.T.);
#2910=EDGE_CURVE('',#2256,#2257,#898,.T.);
#2911=EDGE_CURVE('',#2256,#2258,#1820,.T.);
#2912=EDGE_CURVE('',#2259,#2257,#1821,.T.);
#2913=EDGE_CURVE('',#2258,#2259,#899,.T.);
#2914=EDGE_CURVE('',#2258,#2260,#900,.T.);
#2915=EDGE_CURVE('',#2261,#2259,#901,.T.);
#2916=EDGE_CURVE('',#2260,#2261,#902,.T.);
#2917=EDGE_CURVE('',#2260,#2262,#1822,.T.);
#2918=EDGE_CURVE('',#2263,#2261,#1823,.T.);
#2919=EDGE_CURVE('',#2262,#2263,#903,.T.);
#2920=EDGE_CURVE('',#2262,#2264,#904,.T.);
#2921=EDGE_CURVE('',#2265,#2263,#905,.T.);
#2922=EDGE_CURVE('',#2264,#2265,#906,.T.);
#2923=EDGE_CURVE('',#2264,#2266,#1824,.T.);
#2924=EDGE_CURVE('',#2267,#2265,#1825,.T.);
#2925=EDGE_CURVE('',#2266,#2267,#907,.T.);
#2926=EDGE_CURVE('',#2266,#2268,#1826,.T.);
#2927=EDGE_CURVE('',#2269,#2267,#1827,.T.);
#2928=EDGE_CURVE('',#2268,#2269,#908,.T.);
#2929=EDGE_CURVE('',#2268,#2270,#1828,.T.);
#2930=EDGE_CURVE('',#2271,#2269,#1829,.T.);
#2931=EDGE_CURVE('',#2270,#2271,#909,.T.);
#2932=EDGE_CURVE('',#2270,#2272,#910,.T.);
#2933=EDGE_CURVE('',#2273,#2271,#911,.T.);
#2934=EDGE_CURVE('',#2272,#2273,#912,.T.);
#2935=EDGE_CURVE('',#2272,#2274,#1830,.T.);
#2936=EDGE_CURVE('',#2275,#2273,#1831,.T.);
#2937=EDGE_CURVE('',#2274,#2275,#913,.T.);
#2938=EDGE_CURVE('',#2274,#2276,#914,.T.);
#2939=EDGE_CURVE('',#2277,#2275,#915,.T.);
#2940=EDGE_CURVE('',#2276,#2277,#916,.T.);
#2941=EDGE_CURVE('',#2276,#2278,#1832,.T.);
#2942=EDGE_CURVE('',#2279,#2277,#1833,.T.);
#2943=EDGE_CURVE('',#2278,#2279,#917,.T.);
#2944=EDGE_CURVE('',#2278,#2280,#1834,.T.);
#2945=EDGE_CURVE('',#2281,#2279,#1835,.T.);
#2946=EDGE_CURVE('',#2280,#2281,#918,.T.);
#2947=EDGE_CURVE('',#2280,#2282,#1836,.T.);
#2948=EDGE_CURVE('',#2283,#2281,#1837,.T.);
#2949=EDGE_CURVE('',#2282,#2283,#919,.T.);
#2950=EDGE_CURVE('',#2282,#2284,#920,.T.);
#2951=EDGE_CURVE('',#2285,#2283,#921,.T.);
#2952=EDGE_CURVE('',#2284,#2285,#922,.T.);
#2953=EDGE_CURVE('',#2284,#2286,#1838,.T.);
#2954=EDGE_CURVE('',#2287,#2285,#1839,.T.);
#2955=EDGE_CURVE('',#2286,#2287,#923,.T.);
#2956=EDGE_CURVE('',#2286,#2288,#924,.T.);
#2957=EDGE_CURVE('',#2289,#2287,#925,.T.);
#2958=EDGE_CURVE('',#2288,#2289,#926,.T.);
#2959=EDGE_CURVE('',#2288,#2290,#1840,.T.);
#2960=EDGE_CURVE('',#2291,#2289,#1841,.T.);
#2961=EDGE_CURVE('',#2290,#2291,#927,.T.);
#2962=EDGE_CURVE('',#2290,#2292,#1842,.T.);
#2963=EDGE_CURVE('',#2293,#2291,#1843,.T.);
#2964=EDGE_CURVE('',#2292,#2293,#928,.T.);
#2965=EDGE_CURVE('',#2292,#2294,#1844,.T.);
#2966=EDGE_CURVE('',#2295,#2293,#1845,.T.);
#2967=EDGE_CURVE('',#2294,#2295,#929,.T.);
#2968=EDGE_CURVE('',#2294,#2296,#930,.T.);
#2969=EDGE_CURVE('',#2297,#2295,#931,.T.);
#2970=EDGE_CURVE('',#2296,#2297,#932,.T.);
#2971=EDGE_CURVE('',#2296,#2298,#1846,.T.);
#2972=EDGE_CURVE('',#2299,#2297,#1847,.T.);
#2973=EDGE_CURVE('',#2298,#2299,#933,.T.);
#2974=EDGE_CURVE('',#2298,#2300,#934,.T.);
#2975=EDGE_CURVE('',#2301,#2299,#935,.T.);
#2976=EDGE_CURVE('',#2300,#2301,#936,.T.);
#2977=EDGE_CURVE('',#2300,#2302,#1848,.T.);
#2978=EDGE_CURVE('',#2303,#2301,#1849,.T.);
#2979=EDGE_CURVE('',#2302,#2303,#937,.T.);
#2980=EDGE_CURVE('',#2302,#2304,#1850,.T.);
#2981=EDGE_CURVE('',#2305,#2303,#1851,.T.);
#2982=EDGE_CURVE('',#2304,#2305,#938,.T.);
#2983=EDGE_CURVE('',#2304,#2306,#1852,.T.);
#2984=EDGE_CURVE('',#2307,#2305,#1853,.T.);
#2985=EDGE_CURVE('',#2306,#2307,#939,.T.);
#2986=EDGE_CURVE('',#2306,#2308,#940,.T.);
#2987=EDGE_CURVE('',#2309,#2307,#941,.T.);
#2988=EDGE_CURVE('',#2308,#2309,#942,.T.);
#2989=EDGE_CURVE('',#2308,#2310,#1854,.T.);
#2990=EDGE_CURVE('',#2311,#2309,#1855,.T.);
#2991=EDGE_CURVE('',#2310,#2311,#943,.T.);
#2992=EDGE_CURVE('',#2310,#2312,#944,.T.);
#2993=EDGE_CURVE('',#2313,#2311,#945,.T.);
#2994=EDGE_CURVE('',#2312,#2313,#946,.T.);
#2995=EDGE_CURVE('',#2312,#2314,#1856,.T.);
#2996=EDGE_CURVE('',#2315,#2313,#1857,.T.);
#2997=EDGE_CURVE('',#2314,#2315,#947,.T.);
#2998=EDGE_CURVE('',#2314,#2316,#1858,.T.);
#2999=EDGE_CURVE('',#2317,#2315,#1859,.T.);
#3000=EDGE_CURVE('',#2316,#2317,#948,.T.);
#3001=EDGE_CURVE('',#2316,#2318,#1860,.T.);
#3002=EDGE_CURVE('',#2319,#2317,#1861,.T.);
#3003=EDGE_CURVE('',#2318,#2319,#949,.T.);
#3004=EDGE_CURVE('',#2318,#2320,#950,.T.);
#3005=EDGE_CURVE('',#2321,#2319,#951,.T.);
#3006=EDGE_CURVE('',#2320,#2321,#952,.T.);
#3007=EDGE_CURVE('',#2320,#2322,#1862,.T.);
#3008=EDGE_CURVE('',#2323,#2321,#1863,.T.);
#3009=EDGE_CURVE('',#2322,#2323,#953,.T.);
#3010=EDGE_CURVE('',#2322,#2324,#954,.T.);
#3011=EDGE_CURVE('',#2325,#2323,#955,.T.);
#3012=EDGE_CURVE('',#2324,#2325,#956,.T.);
#3013=EDGE_CURVE('',#2324,#2326,#1864,.T.);
#3014=EDGE_CURVE('',#2327,#2325,#1865,.T.);
#3015=EDGE_CURVE('',#2326,#2327,#957,.T.);
#3016=EDGE_CURVE('',#2326,#2328,#1866,.T.);
#3017=EDGE_CURVE('',#2329,#2327,#1867,.T.);
#3018=EDGE_CURVE('',#2328,#2329,#958,.T.);
#3019=EDGE_CURVE('',#2328,#2330,#1868,.T.);
#3020=EDGE_CURVE('',#2331,#2329,#1869,.T.);
#3021=EDGE_CURVE('',#2330,#2331,#959,.T.);
#3022=EDGE_CURVE('',#2330,#2332,#960,.T.);
#3023=EDGE_CURVE('',#2333,#2331,#961,.T.);
#3024=EDGE_CURVE('',#2332,#2333,#962,.T.);
#3025=EDGE_CURVE('',#2332,#2334,#1870,.T.);
#3026=EDGE_CURVE('',#2335,#2333,#1871,.T.);
#3027=EDGE_CURVE('',#2334,#2335,#963,.T.);
#3028=EDGE_CURVE('',#2334,#2336,#964,.T.);
#3029=EDGE_CURVE('',#2337,#2335,#965,.T.);
#3030=EDGE_CURVE('',#2336,#2337,#966,.T.);
#3031=EDGE_CURVE('',#2336,#2338,#1872,.T.);
#3032=EDGE_CURVE('',#2339,#2337,#1873,.T.);
#3033=EDGE_CURVE('',#2338,#2339,#967,.T.);
#3034=EDGE_CURVE('',#2338,#2340,#1874,.T.);
#3035=EDGE_CURVE('',#2341,#2339,#1875,.T.);
#3036=EDGE_CURVE('',#2340,#2341,#968,.T.);
#3037=EDGE_CURVE('',#2340,#2342,#1876,.T.);
#3038=EDGE_CURVE('',#2343,#2341,#1877,.T.);
#3039=EDGE_CURVE('',#2342,#2343,#969,.T.);
#3040=EDGE_CURVE('',#2342,#2344,#970,.T.);
#3041=EDGE_CURVE('',#2345,#2343,#971,.T.);
#3042=EDGE_CURVE('',#2344,#2345,#972,.T.);
#3043=EDGE_CURVE('',#2344,#2346,#1878,.T.);
#3044=EDGE_CURVE('',#2347,#2345,#1879,.T.);
#3045=EDGE_CURVE('',#2346,#2347,#973,.T.);
#3046=EDGE_CURVE('',#2346,#2348,#974,.T.);
#3047=EDGE_CURVE('',#2349,#2347,#975,.T.);
#3048=EDGE_CURVE('',#2348,#2349,#976,.T.);
#3049=EDGE_CURVE('',#2348,#2350,#1880,.T.);
#3050=EDGE_CURVE('',#2351,#2349,#1881,.T.);
#3051=EDGE_CURVE('',#2350,#2351,#977,.T.);
#3052=EDGE_CURVE('',#2350,#2352,#1882,.T.);
#3053=EDGE_CURVE('',#2353,#2351,#1883,.T.);
#3054=EDGE_CURVE('',#2352,#2353,#978,.T.);
#3055=EDGE_CURVE('',#2352,#2354,#1884,.T.);
#3056=EDGE_CURVE('',#2355,#2353,#1885,.T.);
#3057=EDGE_CURVE('',#2354,#2355,#979,.T.);
#3058=EDGE_CURVE('',#2354,#2356,#980,.T.);
#3059=EDGE_CURVE('',#2357,#2355,#981,.T.);
#3060=EDGE_CURVE('',#2356,#2357,#982,.T.);
#3061=EDGE_CURVE('',#2356,#2358,#1886,.T.);
#3062=EDGE_CURVE('',#2359,#2357,#1887,.T.);
#3063=EDGE_CURVE('',#2358,#2359,#983,.T.);
#3064=EDGE_CURVE('',#2358,#2360,#984,.T.);
#3065=EDGE_CURVE('',#2361,#2359,#985,.T.);
#3066=EDGE_CURVE('',#2360,#2361,#986,.T.);
#3067=EDGE_CURVE('',#2360,#2362,#1888,.T.);
#3068=EDGE_CURVE('',#2363,#2361,#1889,.T.);
#3069=EDGE_CURVE('',#2362,#2363,#987,.T.);
#3070=EDGE_CURVE('',#2362,#2364,#1890,.T.);
#3071=EDGE_CURVE('',#2365,#2363,#1891,.T.);
#3072=EDGE_CURVE('',#2364,#2365,#988,.T.);
#3073=EDGE_CURVE('',#2364,#2366,#1892,.T.);
#3074=EDGE_CURVE('',#2367,#2365,#1893,.T.);
#3075=EDGE_CURVE('',#2366,#2367,#989,.T.);
#3076=EDGE_CURVE('',#2366,#2368,#990,.T.);
#3077=EDGE_CURVE('',#2369,#2367,#991,.T.);
#3078=EDGE_CURVE('',#2368,#2369,#992,.T.);
#3079=EDGE_CURVE('',#2368,#2370,#1894,.T.);
#3080=EDGE_CURVE('',#2371,#2369,#1895,.T.);
#3081=EDGE_CURVE('',#2370,#2371,#993,.T.);
#3082=EDGE_CURVE('',#2370,#2372,#994,.T.);
#3083=EDGE_CURVE('',#2373,#2371,#995,.T.);
#3084=EDGE_CURVE('',#2372,#2373,#996,.T.);
#3085=EDGE_CURVE('',#2372,#2374,#1896,.T.);
#3086=EDGE_CURVE('',#2375,#2373,#1897,.T.);
#3087=EDGE_CURVE('',#2374,#2375,#997,.T.);
#3088=EDGE_CURVE('',#2374,#2376,#1898,.T.);
#3089=EDGE_CURVE('',#2377,#2375,#1899,.T.);
#3090=EDGE_CURVE('',#2376,#2377,#998,.T.);
#3091=EDGE_CURVE('',#2376,#2378,#1900,.T.);
#3092=EDGE_CURVE('',#2379,#2377,#1901,.T.);
#3093=EDGE_CURVE('',#2378,#2379,#999,.T.);
#3094=EDGE_CURVE('',#2378,#2380,#1000,.T.);
#3095=EDGE_CURVE('',#2381,#2379,#1001,.T.);
#3096=EDGE_CURVE('',#2380,#2381,#1002,.T.);
#3097=EDGE_CURVE('',#2380,#2382,#1902,.T.);
#3098=EDGE_CURVE('',#2383,#2381,#1903,.T.);
#3099=EDGE_CURVE('',#2382,#2383,#1003,.T.);
#3100=EDGE_CURVE('',#2382,#2384,#1004,.T.);
#3101=EDGE_CURVE('',#2385,#2383,#1005,.T.);
#3102=EDGE_CURVE('',#2384,#2385,#1006,.T.);
#3103=EDGE_CURVE('',#2384,#2386,#1904,.T.);
#3104=EDGE_CURVE('',#2387,#2385,#1905,.T.);
#3105=EDGE_CURVE('',#2386,#2387,#1007,.T.);
#3106=EDGE_CURVE('',#2386,#2388,#1906,.T.);
#3107=EDGE_CURVE('',#2389,#2387,#1907,.T.);
#3108=EDGE_CURVE('',#2388,#2389,#1008,.T.);
#3109=EDGE_CURVE('',#2388,#2390,#1908,.T.);
#3110=EDGE_CURVE('',#2391,#2389,#1909,.T.);
#3111=EDGE_CURVE('',#2390,#2391,#1009,.T.);
#3112=EDGE_CURVE('',#2390,#2392,#1010,.T.);
#3113=EDGE_CURVE('',#2393,#2391,#1011,.T.);
#3114=EDGE_CURVE('',#2392,#2393,#1012,.T.);
#3115=EDGE_CURVE('',#2392,#2394,#1910,.T.);
#3116=EDGE_CURVE('',#2395,#2393,#1911,.T.);
#3117=EDGE_CURVE('',#2394,#2395,#1013,.T.);
#3118=EDGE_CURVE('',#2394,#2396,#1014,.T.);
#3119=EDGE_CURVE('',#2397,#2395,#1015,.T.);
#3120=EDGE_CURVE('',#2396,#2397,#1016,.T.);
#3121=EDGE_CURVE('',#2396,#2398,#1912,.T.);
#3122=EDGE_CURVE('',#2399,#2397,#1913,.T.);
#3123=EDGE_CURVE('',#2398,#2399,#1017,.T.);
#3124=EDGE_CURVE('',#2398,#2400,#1914,.T.);
#3125=EDGE_CURVE('',#2401,#2399,#1915,.T.);
#3126=EDGE_CURVE('',#2400,#2401,#1018,.T.);
#3127=EDGE_CURVE('',#2400,#2402,#1916,.T.);
#3128=EDGE_CURVE('',#2403,#2401,#1917,.T.);
#3129=EDGE_CURVE('',#2402,#2403,#1019,.T.);
#3130=EDGE_CURVE('',#2402,#2404,#1020,.T.);
#3131=EDGE_CURVE('',#2405,#2403,#1021,.T.);
#3132=EDGE_CURVE('',#2404,#2405,#1022,.T.);
#3133=EDGE_CURVE('',#2404,#2406,#1918,.T.);
#3134=EDGE_CURVE('',#2407,#2405,#1919,.T.);
#3135=EDGE_CURVE('',#2406,#2407,#1023,.T.);
#3136=EDGE_CURVE('',#2406,#2408,#1024,.T.);
#3137=EDGE_CURVE('',#2409,#2407,#1025,.T.);
#3138=EDGE_CURVE('',#2408,#2409,#1026,.T.);
#3139=EDGE_CURVE('',#2408,#2410,#1920,.T.);
#3140=EDGE_CURVE('',#2411,#2409,#1921,.T.);
#3141=EDGE_CURVE('',#2410,#2411,#1027,.T.);
#3142=EDGE_CURVE('',#2410,#2412,#1922,.T.);
#3143=EDGE_CURVE('',#2413,#2411,#1923,.T.);
#3144=EDGE_CURVE('',#2412,#2413,#1028,.T.);
#3145=EDGE_CURVE('',#2412,#2414,#1924,.T.);
#3146=EDGE_CURVE('',#2415,#2413,#1925,.T.);
#3147=EDGE_CURVE('',#2414,#2415,#1029,.T.);
#3148=EDGE_CURVE('',#2414,#2416,#1030,.T.);
#3149=EDGE_CURVE('',#2417,#2415,#1031,.T.);
#3150=EDGE_CURVE('',#2416,#2417,#1032,.T.);
#3151=EDGE_CURVE('',#2416,#2418,#1926,.T.);
#3152=EDGE_CURVE('',#2419,#2417,#1927,.T.);
#3153=EDGE_CURVE('',#2418,#2419,#1033,.T.);
#3154=EDGE_CURVE('',#2418,#2420,#1034,.T.);
#3155=EDGE_CURVE('',#2421,#2419,#1035,.T.);
#3156=EDGE_CURVE('',#2420,#2421,#1036,.T.);
#3157=EDGE_CURVE('',#2420,#2422,#1928,.T.);
#3158=EDGE_CURVE('',#2423,#2421,#1929,.T.);
#3159=EDGE_CURVE('',#2422,#2423,#1037,.T.);
#3160=EDGE_CURVE('',#2422,#2424,#1930,.T.);
#3161=EDGE_CURVE('',#2425,#2423,#1931,.T.);
#3162=EDGE_CURVE('',#2424,#2425,#1038,.T.);
#3163=EDGE_CURVE('',#2424,#2426,#1932,.T.);
#3164=EDGE_CURVE('',#2427,#2425,#1933,.T.);
#3165=EDGE_CURVE('',#2426,#2427,#1039,.T.);
#3166=EDGE_CURVE('',#2426,#2428,#1040,.T.);
#3167=EDGE_CURVE('',#2429,#2427,#1041,.T.);
#3168=EDGE_CURVE('',#2428,#2429,#1042,.T.);
#3169=EDGE_CURVE('',#2428,#2430,#1934,.T.);
#3170=EDGE_CURVE('',#2431,#2429,#1935,.T.);
#3171=EDGE_CURVE('',#2430,#2431,#1043,.T.);
#3172=EDGE_CURVE('',#2430,#2432,#1044,.T.);
#3173=EDGE_CURVE('',#2433,#2431,#1045,.T.);
#3174=EDGE_CURVE('',#2432,#2433,#1046,.T.);
#3175=EDGE_CURVE('',#2432,#2434,#1936,.T.);
#3176=EDGE_CURVE('',#2435,#2433,#1937,.T.);
#3177=EDGE_CURVE('',#2434,#2435,#1047,.T.);
#3178=EDGE_CURVE('',#2434,#2436,#1938,.T.);
#3179=EDGE_CURVE('',#2437,#2435,#1939,.T.);
#3180=EDGE_CURVE('',#2436,#2437,#1048,.T.);
#3181=EDGE_CURVE('',#2436,#2438,#1940,.T.);
#3182=EDGE_CURVE('',#2439,#2437,#1941,.T.);
#3183=EDGE_CURVE('',#2438,#2439,#1049,.T.);
#3184=EDGE_CURVE('',#2438,#2440,#1050,.T.);
#3185=EDGE_CURVE('',#2441,#2439,#1051,.T.);
#3186=EDGE_CURVE('',#2440,#2441,#1052,.T.);
#3187=EDGE_CURVE('',#2440,#2442,#1942,.T.);
#3188=EDGE_CURVE('',#2443,#2441,#1943,.T.);
#3189=EDGE_CURVE('',#2442,#2443,#1053,.T.);
#3190=EDGE_CURVE('',#2442,#2444,#1054,.T.);
#3191=EDGE_CURVE('',#2445,#2443,#1055,.T.);
#3192=EDGE_CURVE('',#2444,#2445,#1056,.T.);
#3193=EDGE_CURVE('',#2444,#2446,#1944,.T.);
#3194=EDGE_CURVE('',#2447,#2445,#1945,.T.);
#3195=EDGE_CURVE('',#2446,#2447,#1057,.T.);
#3196=EDGE_CURVE('',#2446,#2448,#1946,.T.);
#3197=EDGE_CURVE('',#2449,#2447,#1947,.T.);
#3198=EDGE_CURVE('',#2448,#2449,#1058,.T.);
#3199=EDGE_CURVE('',#2448,#2450,#1948,.T.);
#3200=EDGE_CURVE('',#2451,#2449,#1949,.T.);
#3201=EDGE_CURVE('',#2450,#2451,#1059,.T.);
#3202=EDGE_CURVE('',#2450,#2452,#1060,.T.);
#3203=EDGE_CURVE('',#2453,#2451,#1061,.T.);
#3204=EDGE_CURVE('',#2452,#2453,#1062,.T.);
#3205=EDGE_CURVE('',#2452,#2454,#1950,.T.);
#3206=EDGE_CURVE('',#2455,#2453,#1951,.T.);
#3207=EDGE_CURVE('',#2454,#2455,#1063,.T.);
#3208=EDGE_CURVE('',#2454,#2456,#1064,.T.);
#3209=EDGE_CURVE('',#2457,#2455,#1065,.T.);
#3210=EDGE_CURVE('',#2456,#2457,#1066,.T.);
#3211=EDGE_CURVE('',#2456,#2458,#1952,.T.);
#3212=EDGE_CURVE('',#2459,#2457,#1953,.T.);
#3213=EDGE_CURVE('',#2458,#2459,#1067,.T.);
#3214=EDGE_CURVE('',#2458,#2460,#1954,.T.);
#3215=EDGE_CURVE('',#2461,#2459,#1955,.T.);
#3216=EDGE_CURVE('',#2460,#2461,#1068,.T.);
#3217=EDGE_CURVE('',#2460,#2462,#1956,.T.);
#3218=EDGE_CURVE('',#2463,#2461,#1957,.T.);
#3219=EDGE_CURVE('',#2462,#2463,#1069,.T.);
#3220=EDGE_CURVE('',#2462,#2464,#1070,.T.);
#3221=EDGE_CURVE('',#2465,#2463,#1071,.T.);
#3222=EDGE_CURVE('',#2464,#2465,#1072,.T.);
#3223=EDGE_CURVE('',#2464,#2466,#1958,.T.);
#3224=EDGE_CURVE('',#2467,#2465,#1959,.T.);
#3225=EDGE_CURVE('',#2466,#2467,#1073,.T.);
#3226=EDGE_CURVE('',#2466,#2468,#1074,.T.);
#3227=EDGE_CURVE('',#2469,#2467,#1075,.T.);
#3228=EDGE_CURVE('',#2468,#2469,#1076,.T.);
#3229=EDGE_CURVE('',#2468,#2470,#1960,.T.);
#3230=EDGE_CURVE('',#2471,#2469,#1961,.T.);
#3231=EDGE_CURVE('',#2470,#2471,#1077,.T.);
#3232=EDGE_CURVE('',#2470,#2472,#1962,.T.);
#3233=EDGE_CURVE('',#2473,#2471,#1963,.T.);
#3234=EDGE_CURVE('',#2472,#2473,#1078,.T.);
#3235=EDGE_CURVE('',#2472,#2474,#1964,.T.);
#3236=EDGE_CURVE('',#2475,#2473,#1965,.T.);
#3237=EDGE_CURVE('',#2474,#2475,#1079,.T.);
#3238=EDGE_CURVE('',#2474,#2476,#1080,.T.);
#3239=EDGE_CURVE('',#2477,#2475,#1081,.T.);
#3240=EDGE_CURVE('',#2476,#2477,#1082,.T.);
#3241=EDGE_CURVE('',#2476,#2478,#1966,.T.);
#3242=EDGE_CURVE('',#2479,#2477,#1967,.T.);
#3243=EDGE_CURVE('',#2478,#2479,#1083,.T.);
#3244=EDGE_CURVE('',#2478,#2480,#1084,.T.);
#3245=EDGE_CURVE('',#2481,#2479,#1085,.T.);
#3246=EDGE_CURVE('',#2480,#2481,#1086,.T.);
#3247=EDGE_CURVE('',#2480,#2482,#1968,.T.);
#3248=EDGE_CURVE('',#2483,#2481,#1969,.T.);
#3249=EDGE_CURVE('',#2482,#2483,#1087,.T.);
#3250=EDGE_CURVE('',#2482,#2484,#1970,.T.);
#3251=EDGE_CURVE('',#2485,#2483,#1971,.T.);
#3252=EDGE_CURVE('',#2484,#2485,#1088,.T.);
#3253=EDGE_CURVE('',#2484,#2486,#1972,.T.);
#3254=EDGE_CURVE('',#2487,#2485,#1973,.T.);
#3255=EDGE_CURVE('',#2486,#2487,#1089,.T.);
#3256=EDGE_CURVE('',#2486,#2488,#1090,.T.);
#3257=EDGE_CURVE('',#2489,#2487,#1091,.T.);
#3258=EDGE_CURVE('',#2488,#2489,#1092,.T.);
#3259=EDGE_CURVE('',#2488,#2490,#1974,.T.);
#3260=EDGE_CURVE('',#2491,#2489,#1975,.T.);
#3261=EDGE_CURVE('',#2490,#2491,#1093,.T.);
#3262=EDGE_CURVE('',#2490,#2492,#1094,.T.);
#3263=EDGE_CURVE('',#2493,#2491,#1095,.T.);
#3264=EDGE_CURVE('',#2492,#2493,#1096,.T.);
#3265=EDGE_CURVE('',#2492,#2494,#1976,.T.);
#3266=EDGE_CURVE('',#2495,#2493,#1977,.T.);
#3267=EDGE_CURVE('',#2494,#2495,#1097,.T.);
#3268=EDGE_CURVE('',#2494,#2496,#1978,.T.);
#3269=EDGE_CURVE('',#2497,#2495,#1979,.T.);
#3270=EDGE_CURVE('',#2496,#2497,#1098,.T.);
#3271=EDGE_CURVE('',#2496,#2498,#1980,.T.);
#3272=EDGE_CURVE('',#2499,#2497,#1981,.T.);
#3273=EDGE_CURVE('',#2498,#2499,#1099,.T.);
#3274=EDGE_CURVE('',#2498,#2500,#1100,.T.);
#3275=EDGE_CURVE('',#2501,#2499,#1101,.T.);
#3276=EDGE_CURVE('',#2500,#2501,#1102,.T.);
#3277=EDGE_CURVE('',#2500,#2502,#1982,.T.);
#3278=EDGE_CURVE('',#2503,#2501,#1983,.T.);
#3279=EDGE_CURVE('',#2502,#2503,#1103,.T.);
#3280=EDGE_CURVE('',#2502,#2504,#1104,.T.);
#3281=EDGE_CURVE('',#2505,#2503,#1105,.T.);
#3282=EDGE_CURVE('',#2504,#2505,#1106,.T.);
#3283=EDGE_CURVE('',#2504,#2506,#1984,.T.);
#3284=EDGE_CURVE('',#2507,#2505,#1985,.T.);
#3285=EDGE_CURVE('',#2506,#2507,#1107,.T.);
#3286=EDGE_CURVE('',#2506,#2508,#1986,.T.);
#3287=EDGE_CURVE('',#2509,#2507,#1987,.T.);
#3288=EDGE_CURVE('',#2508,#2509,#1108,.T.);
#3289=EDGE_CURVE('',#2508,#2510,#1988,.T.);
#3290=EDGE_CURVE('',#2511,#2509,#1989,.T.);
#3291=EDGE_CURVE('',#2510,#2511,#1109,.T.);
#3292=EDGE_CURVE('',#2510,#2512,#1110,.T.);
#3293=EDGE_CURVE('',#2513,#2511,#1111,.T.);
#3294=EDGE_CURVE('',#2512,#2513,#1112,.T.);
#3295=EDGE_CURVE('',#2512,#2514,#1990,.T.);
#3296=EDGE_CURVE('',#2515,#2513,#1991,.T.);
#3297=EDGE_CURVE('',#2514,#2515,#1113,.T.);
#3298=EDGE_CURVE('',#2514,#2516,#1114,.T.);
#3299=EDGE_CURVE('',#2517,#2515,#1115,.T.);
#3300=EDGE_CURVE('',#2516,#2517,#1116,.T.);
#3301=EDGE_CURVE('',#2516,#2518,#1992,.T.);
#3302=EDGE_CURVE('',#2519,#2517,#1993,.T.);
#3303=EDGE_CURVE('',#2518,#2519,#1117,.T.);
#3304=EDGE_CURVE('',#2518,#2520,#1994,.T.);
#3305=EDGE_CURVE('',#2521,#2519,#1995,.T.);
#3306=EDGE_CURVE('',#2520,#2521,#1118,.T.);
#3307=EDGE_CURVE('',#2522,#2520,#1996,.T.);
#3308=EDGE_CURVE('',#2523,#2521,#1997,.T.);
#3309=EDGE_CURVE('',#2522,#2523,#1119,.T.);
#3310=EDGE_CURVE('',#2522,#2524,#1120,.T.);
#3311=EDGE_CURVE('',#2525,#2523,#1121,.T.);
#3312=EDGE_CURVE('',#2524,#2525,#1122,.T.);
#3313=EDGE_CURVE('',#2524,#2526,#1998,.T.);
#3314=EDGE_CURVE('',#2527,#2525,#1999,.T.);
#3315=EDGE_CURVE('',#2526,#2527,#1123,.T.);
#3316=EDGE_CURVE('',#2526,#2528,#1124,.T.);
#3317=EDGE_CURVE('',#2529,#2527,#1125,.T.);
#3318=EDGE_CURVE('',#2528,#2529,#1126,.T.);
#3319=EDGE_CURVE('',#2530,#2528,#2000,.T.);
#3320=EDGE_CURVE('',#2531,#2529,#2001,.T.);
#3321=EDGE_CURVE('',#2530,#2531,#1127,.T.);
#3322=EDGE_CURVE('',#2530,#2532,#2002,.T.);
#3323=EDGE_CURVE('',#2533,#2531,#2003,.T.);
#3324=EDGE_CURVE('',#2532,#2533,#1128,.T.);
#3325=EDGE_CURVE('',#2532,#2534,#2004,.T.);
#3326=EDGE_CURVE('',#2535,#2533,#2005,.T.);
#3327=EDGE_CURVE('',#2534,#2535,#1129,.T.);
#3328=EDGE_CURVE('',#2534,#2536,#1130,.T.);
#3329=EDGE_CURVE('',#2537,#2535,#1131,.T.);
#3330=EDGE_CURVE('',#2536,#2537,#1132,.T.);
#3331=EDGE_CURVE('',#2536,#2538,#2006,.T.);
#3332=EDGE_CURVE('',#2539,#2537,#2007,.T.);
#3333=EDGE_CURVE('',#2538,#2539,#1133,.T.);
#3334=EDGE_CURVE('',#2538,#2540,#1134,.T.);
#3335=EDGE_CURVE('',#2541,#2539,#1135,.T.);
#3336=EDGE_CURVE('',#2540,#2541,#1136,.T.);
#3337=EDGE_CURVE('',#2540,#2542,#2008,.T.);
#3338=EDGE_CURVE('',#2543,#2541,#2009,.T.);
#3339=EDGE_CURVE('',#2542,#2543,#1137,.T.);
#3340=EDGE_CURVE('',#2542,#2544,#2010,.T.);
#3341=EDGE_CURVE('',#2545,#2543,#2011,.T.);
#3342=EDGE_CURVE('',#2544,#2545,#1138,.T.);
#3343=EDGE_CURVE('',#2544,#2546,#2012,.T.);
#3344=EDGE_CURVE('',#2547,#2545,#2013,.T.);
#3345=EDGE_CURVE('',#2546,#2547,#1139,.T.);
#3346=EDGE_CURVE('',#2546,#2548,#1140,.T.);
#3347=EDGE_CURVE('',#2549,#2547,#1141,.T.);
#3348=EDGE_CURVE('',#2548,#2549,#1142,.T.);
#3349=EDGE_CURVE('',#2548,#2550,#2014,.T.);
#3350=EDGE_CURVE('',#2551,#2549,#2015,.T.);
#3351=EDGE_CURVE('',#2550,#2551,#1143,.T.);
#3352=EDGE_CURVE('',#2550,#2552,#1144,.T.);
#3353=EDGE_CURVE('',#2553,#2551,#1145,.T.);
#3354=EDGE_CURVE('',#2552,#2553,#1146,.T.);
#3355=EDGE_CURVE('',#2552,#2554,#2016,.T.);
#3356=EDGE_CURVE('',#2555,#2553,#2017,.T.);
#3357=EDGE_CURVE('',#2554,#2555,#1147,.T.);
#3358=EDGE_CURVE('',#2554,#2556,#2018,.T.);
#3359=EDGE_CURVE('',#2557,#2555,#2019,.T.);
#3360=EDGE_CURVE('',#2556,#2557,#1148,.T.);
#3361=EDGE_CURVE('',#2556,#2558,#2020,.T.);
#3362=EDGE_CURVE('',#2559,#2557,#2021,.T.);
#3363=EDGE_CURVE('',#2558,#2559,#1149,.T.);
#3364=EDGE_CURVE('',#2558,#2560,#1150,.T.);
#3365=EDGE_CURVE('',#2561,#2559,#1151,.T.);
#3366=EDGE_CURVE('',#2560,#2561,#1152,.T.);
#3367=EDGE_CURVE('',#2560,#2562,#2022,.T.);
#3368=EDGE_CURVE('',#2563,#2561,#2023,.T.);
#3369=EDGE_CURVE('',#2562,#2563,#1153,.T.);
#3370=EDGE_CURVE('',#2562,#2564,#1154,.T.);
#3371=EDGE_CURVE('',#2565,#2563,#1155,.T.);
#3372=EDGE_CURVE('',#2564,#2565,#1156,.T.);
#3373=EDGE_CURVE('',#2564,#2566,#2024,.T.);
#3374=EDGE_CURVE('',#2567,#2565,#2025,.T.);
#3375=EDGE_CURVE('',#2566,#2567,#1157,.T.);
#3376=EDGE_CURVE('',#2566,#2568,#2026,.T.);
#3377=EDGE_CURVE('',#2569,#2567,#2027,.T.);
#3378=EDGE_CURVE('',#2568,#2569,#1158,.T.);
#3379=EDGE_CURVE('',#2568,#2570,#2028,.T.);
#3380=EDGE_CURVE('',#2571,#2569,#2029,.T.);
#3381=EDGE_CURVE('',#2570,#2571,#1159,.T.);
#3382=EDGE_CURVE('',#2570,#2572,#1160,.T.);
#3383=EDGE_CURVE('',#2573,#2571,#1161,.T.);
#3384=EDGE_CURVE('',#2572,#2573,#1162,.T.);
#3385=EDGE_CURVE('',#2572,#2574,#2030,.T.);
#3386=EDGE_CURVE('',#2575,#2573,#2031,.T.);
#3387=EDGE_CURVE('',#2574,#2575,#1163,.T.);
#3388=EDGE_CURVE('',#2574,#2576,#1164,.T.);
#3389=EDGE_CURVE('',#2577,#2575,#1165,.T.);
#3390=EDGE_CURVE('',#2576,#2577,#1166,.T.);
#3391=EDGE_CURVE('',#2576,#2578,#2032,.T.);
#3392=EDGE_CURVE('',#2579,#2577,#2033,.T.);
#3393=EDGE_CURVE('',#2578,#2579,#1167,.T.);
#3394=EDGE_CURVE('',#2578,#2580,#2034,.T.);
#3395=EDGE_CURVE('',#2581,#2579,#2035,.T.);
#3396=EDGE_CURVE('',#2580,#2581,#1168,.T.);
#3397=EDGE_CURVE('',#2580,#2582,#2036,.T.);
#3398=EDGE_CURVE('',#2583,#2581,#2037,.T.);
#3399=EDGE_CURVE('',#2582,#2583,#1169,.T.);
#3400=EDGE_CURVE('',#2582,#2584,#1170,.T.);
#3401=EDGE_CURVE('',#2585,#2583,#1171,.T.);
#3402=EDGE_CURVE('',#2584,#2585,#1172,.T.);
#3403=EDGE_CURVE('',#2584,#2586,#2038,.T.);
#3404=EDGE_CURVE('',#2587,#2585,#2039,.T.);
#3405=EDGE_CURVE('',#2586,#2587,#1173,.T.);
#3406=EDGE_CURVE('',#2586,#2588,#1174,.T.);
#3407=EDGE_CURVE('',#2589,#2587,#1175,.T.);
#3408=EDGE_CURVE('',#2588,#2589,#1176,.T.);
#3409=EDGE_CURVE('',#2588,#2590,#2040,.T.);
#3410=EDGE_CURVE('',#2591,#2589,#2041,.T.);
#3411=EDGE_CURVE('',#2590,#2591,#1177,.T.);
#3412=EDGE_CURVE('',#2590,#2592,#2042,.T.);
#3413=EDGE_CURVE('',#2593,#2591,#2043,.T.);
#3414=EDGE_CURVE('',#2592,#2593,#1178,.T.);
#3415=EDGE_CURVE('',#2592,#2594,#2044,.T.);
#3416=EDGE_CURVE('',#2595,#2593,#2045,.T.);
#3417=EDGE_CURVE('',#2594,#2595,#1179,.T.);
#3418=EDGE_CURVE('',#2594,#2596,#1180,.T.);
#3419=EDGE_CURVE('',#2597,#2595,#1181,.T.);
#3420=EDGE_CURVE('',#2596,#2597,#1182,.T.);
#3421=EDGE_CURVE('',#2596,#2598,#2046,.T.);
#3422=EDGE_CURVE('',#2599,#2597,#2047,.T.);
#3423=EDGE_CURVE('',#2598,#2599,#1183,.T.);
#3424=EDGE_CURVE('',#2598,#2600,#1184,.T.);
#3425=EDGE_CURVE('',#2601,#2599,#1185,.T.);
#3426=EDGE_CURVE('',#2600,#2601,#1186,.T.);
#3427=EDGE_CURVE('',#2600,#2602,#2048,.T.);
#3428=EDGE_CURVE('',#2603,#2601,#2049,.T.);
#3429=EDGE_CURVE('',#2602,#2603,#1187,.T.);
#3430=EDGE_CURVE('',#2602,#2604,#2050,.T.);
#3431=EDGE_CURVE('',#2605,#2603,#2051,.T.);
#3432=EDGE_CURVE('',#2604,#2605,#1188,.T.);
#3433=EDGE_CURVE('',#2604,#2606,#2052,.T.);
#3434=EDGE_CURVE('',#2607,#2605,#2053,.T.);
#3435=EDGE_CURVE('',#2606,#2607,#1189,.T.);
#3436=EDGE_CURVE('',#2606,#2608,#1190,.T.);
#3437=EDGE_CURVE('',#2609,#2607,#1191,.T.);
#3438=EDGE_CURVE('',#2608,#2609,#1192,.T.);
#3439=EDGE_CURVE('',#2608,#2610,#2054,.T.);
#3440=EDGE_CURVE('',#2611,#2609,#2055,.T.);
#3441=EDGE_CURVE('',#2610,#2611,#1193,.T.);
#3442=EDGE_CURVE('',#2610,#2612,#1194,.T.);
#3443=EDGE_CURVE('',#2613,#2611,#1195,.T.);
#3444=EDGE_CURVE('',#2612,#2613,#1196,.T.);
#3445=EDGE_CURVE('',#2612,#2614,#2056,.T.);
#3446=EDGE_CURVE('',#2615,#2613,#2057,.T.);
#3447=EDGE_CURVE('',#2614,#2615,#1197,.T.);
#3448=EDGE_CURVE('',#2614,#2616,#2058,.T.);
#3449=EDGE_CURVE('',#2617,#2615,#2059,.T.);
#3450=EDGE_CURVE('',#2616,#2617,#1198,.T.);
#3451=EDGE_CURVE('',#2616,#2618,#2060,.T.);
#3452=EDGE_CURVE('',#2619,#2617,#2061,.T.);
#3453=EDGE_CURVE('',#2618,#2619,#1199,.T.);
#3454=EDGE_CURVE('',#2618,#2620,#1200,.T.);
#3455=EDGE_CURVE('',#2621,#2619,#1201,.T.);
#3456=EDGE_CURVE('',#2620,#2621,#1202,.T.);
#3457=EDGE_CURVE('',#2620,#2622,#2062,.T.);
#3458=EDGE_CURVE('',#2623,#2621,#2063,.T.);
#3459=EDGE_CURVE('',#2622,#2623,#1203,.T.);
#3460=EDGE_CURVE('',#2622,#2624,#1204,.T.);
#3461=EDGE_CURVE('',#2625,#2623,#1205,.T.);
#3462=EDGE_CURVE('',#2624,#2625,#1206,.T.);
#3463=EDGE_CURVE('',#2624,#2626,#2064,.T.);
#3464=EDGE_CURVE('',#2627,#2625,#2065,.T.);
#3465=EDGE_CURVE('',#2626,#2627,#1207,.T.);
#3466=EDGE_CURVE('',#2626,#2628,#2066,.T.);
#3467=EDGE_CURVE('',#2629,#2627,#2067,.T.);
#3468=EDGE_CURVE('',#2628,#2629,#1208,.T.);
#3469=EDGE_CURVE('',#2628,#2630,#2068,.T.);
#3470=EDGE_CURVE('',#2631,#2629,#2069,.T.);
#3471=EDGE_CURVE('',#2630,#2631,#1209,.T.);
#3472=EDGE_CURVE('',#2630,#2632,#1210,.T.);
#3473=EDGE_CURVE('',#2633,#2631,#1211,.T.);
#3474=EDGE_CURVE('',#2632,#2633,#1212,.T.);
#3475=EDGE_CURVE('',#2632,#2634,#2070,.T.);
#3476=EDGE_CURVE('',#2635,#2633,#2071,.T.);
#3477=EDGE_CURVE('',#2634,#2635,#1213,.T.);
#3478=EDGE_CURVE('',#2634,#2636,#1214,.T.);
#3479=EDGE_CURVE('',#2637,#2635,#1215,.T.);
#3480=EDGE_CURVE('',#2636,#2637,#1216,.T.);
#3481=EDGE_CURVE('',#2636,#2638,#2072,.T.);
#3482=EDGE_CURVE('',#2639,#2637,#2073,.T.);
#3483=EDGE_CURVE('',#2638,#2639,#1217,.T.);
#3484=EDGE_CURVE('',#2638,#2640,#2074,.T.);
#3485=EDGE_CURVE('',#2641,#2639,#2075,.T.);
#3486=EDGE_CURVE('',#2640,#2641,#1218,.T.);
#3487=EDGE_CURVE('',#2640,#2642,#2076,.T.);
#3488=EDGE_CURVE('',#2643,#2641,#2077,.T.);
#3489=EDGE_CURVE('',#2642,#2643,#1219,.T.);
#3490=EDGE_CURVE('',#2642,#2644,#1220,.T.);
#3491=EDGE_CURVE('',#2645,#2643,#1221,.T.);
#3492=EDGE_CURVE('',#2644,#2645,#1222,.T.);
#3493=EDGE_CURVE('',#2644,#2646,#2078,.T.);
#3494=EDGE_CURVE('',#2647,#2645,#2079,.T.);
#3495=EDGE_CURVE('',#2646,#2647,#1223,.T.);
#3496=EDGE_CURVE('',#2646,#2648,#1224,.T.);
#3497=EDGE_CURVE('',#2649,#2647,#1225,.T.);
#3498=EDGE_CURVE('',#2648,#2649,#1226,.T.);
#3499=EDGE_CURVE('',#2648,#2650,#2080,.T.);
#3500=EDGE_CURVE('',#2651,#2649,#2081,.T.);
#3501=EDGE_CURVE('',#2650,#2651,#1227,.T.);
#3502=EDGE_CURVE('',#2650,#2652,#2082,.T.);
#3503=EDGE_CURVE('',#2653,#2651,#2083,.T.);
#3504=EDGE_CURVE('',#2652,#2653,#1228,.T.);
#3505=EDGE_CURVE('',#2652,#2654,#2084,.T.);
#3506=EDGE_CURVE('',#2655,#2653,#2085,.T.);
#3507=EDGE_CURVE('',#2654,#2655,#1229,.T.);
#3508=EDGE_CURVE('',#2654,#2656,#1230,.T.);
#3509=EDGE_CURVE('',#2657,#2655,#1231,.T.);
#3510=EDGE_CURVE('',#2656,#2657,#1232,.T.);
#3511=EDGE_CURVE('',#2656,#2130,#2086,.T.);
#3512=EDGE_CURVE('',#2132,#2657,#2087,.T.);
#3513=ORIENTED_EDGE('',*,*,#2658,.F.);
#3514=ORIENTED_EDGE('',*,*,#2659,.T.);
#3515=ORIENTED_EDGE('',*,*,#2660,.F.);
#3516=ORIENTED_EDGE('',*,*,#2659,.F.);
#3517=ORIENTED_EDGE('',*,*,#2661,.F.);
#3518=ORIENTED_EDGE('',*,*,#2662,.T.);
#3519=ORIENTED_EDGE('',*,*,#2663,.F.);
#3520=ORIENTED_EDGE('',*,*,#2662,.F.);
#3521=ORIENTED_EDGE('',*,*,#2664,.F.);
#3522=ORIENTED_EDGE('',*,*,#2665,.T.);
#3523=ORIENTED_EDGE('',*,*,#2666,.F.);
#3524=ORIENTED_EDGE('',*,*,#2665,.F.);
#3525=ORIENTED_EDGE('',*,*,#2667,.F.);
#3526=ORIENTED_EDGE('',*,*,#2668,.T.);
#3527=ORIENTED_EDGE('',*,*,#2669,.T.);
#3528=ORIENTED_EDGE('',*,*,#2668,.F.);
#3529=ORIENTED_EDGE('',*,*,#2670,.F.);
#3530=ORIENTED_EDGE('',*,*,#2671,.T.);
#3531=ORIENTED_EDGE('',*,*,#2672,.T.);
#3532=ORIENTED_EDGE('',*,*,#2671,.F.);
#3533=ORIENTED_EDGE('',*,*,#2672,.F.);
#3534=ORIENTED_EDGE('',*,*,#2673,.F.);
#3535=ORIENTED_EDGE('',*,*,#2674,.F.);
#3536=ORIENTED_EDGE('',*,*,#2675,.T.);
#3537=ORIENTED_EDGE('',*,*,#2676,.T.);
#3538=ORIENTED_EDGE('',*,*,#2675,.F.);
#3539=ORIENTED_EDGE('',*,*,#2676,.F.);
#3540=ORIENTED_EDGE('',*,*,#2677,.F.);
#3541=ORIENTED_EDGE('',*,*,#2678,.F.);
#3542=ORIENTED_EDGE('',*,*,#2679,.T.);
#3543=ORIENTED_EDGE('',*,*,#2680,.T.);
#3544=ORIENTED_EDGE('',*,*,#2679,.F.);
#3545=ORIENTED_EDGE('',*,*,#2680,.F.);
#3546=ORIENTED_EDGE('',*,*,#2681,.F.);
#3547=ORIENTED_EDGE('',*,*,#2682,.F.);
#3548=ORIENTED_EDGE('',*,*,#2683,.T.);
#3549=ORIENTED_EDGE('',*,*,#2684,.T.);
#3550=ORIENTED_EDGE('',*,*,#2683,.F.);
#3551=ORIENTED_EDGE('',*,*,#2684,.F.);
#3552=ORIENTED_EDGE('',*,*,#2685,.F.);
#3553=ORIENTED_EDGE('',*,*,#2686,.F.);
#3554=ORIENTED_EDGE('',*,*,#2687,.T.);
#3555=ORIENTED_EDGE('',*,*,#2688,.T.);
#3556=ORIENTED_EDGE('',*,*,#2687,.F.);
#3557=ORIENTED_EDGE('',*,*,#2688,.F.);
#3558=ORIENTED_EDGE('',*,*,#2689,.F.);
#3559=ORIENTED_EDGE('',*,*,#2690,.F.);
#3560=ORIENTED_EDGE('',*,*,#2691,.T.);
#3561=ORIENTED_EDGE('',*,*,#2692,.T.);
#3562=ORIENTED_EDGE('',*,*,#2691,.F.);
#3563=ORIENTED_EDGE('',*,*,#2692,.F.);
#3564=ORIENTED_EDGE('',*,*,#2693,.F.);
#3565=ORIENTED_EDGE('',*,*,#2694,.F.);
#3566=ORIENTED_EDGE('',*,*,#2695,.T.);
#3567=ORIENTED_EDGE('',*,*,#2696,.T.);
#3568=ORIENTED_EDGE('',*,*,#2695,.F.);
#3569=ORIENTED_EDGE('',*,*,#2696,.F.);
#3570=ORIENTED_EDGE('',*,*,#2697,.F.);
#3571=ORIENTED_EDGE('',*,*,#2698,.F.);
#3572=ORIENTED_EDGE('',*,*,#2699,.T.);
#3573=ORIENTED_EDGE('',*,*,#2700,.T.);
#3574=ORIENTED_EDGE('',*,*,#2699,.F.);
#3575=ORIENTED_EDGE('',*,*,#2700,.F.);
#3576=ORIENTED_EDGE('',*,*,#2701,.F.);
#3577=ORIENTED_EDGE('',*,*,#2702,.F.);
#3578=ORIENTED_EDGE('',*,*,#2703,.T.);
#3579=ORIENTED_EDGE('',*,*,#2693,.T.);
#3580=ORIENTED_EDGE('',*,*,#2703,.F.);
#3581=ORIENTED_EDGE('',*,*,#2704,.F.);
#3582=ORIENTED_EDGE('',*,*,#2705,.T.);
#3583=ORIENTED_EDGE('',*,*,#2689,.T.);
#3584=ORIENTED_EDGE('',*,*,#2705,.F.);
#3585=ORIENTED_EDGE('',*,*,#2706,.F.);
#3586=ORIENTED_EDGE('',*,*,#2707,.T.);
#3587=ORIENTED_EDGE('',*,*,#2673,.T.);
#3588=ORIENTED_EDGE('',*,*,#2707,.F.);
#3589=ORIENTED_EDGE('',*,*,#2708,.F.);
#3590=ORIENTED_EDGE('',*,*,#2709,.T.);
#3591=ORIENTED_EDGE('',*,*,#2677,.T.);
#3592=ORIENTED_EDGE('',*,*,#2709,.F.);
#3593=ORIENTED_EDGE('',*,*,#2710,.F.);
#3594=ORIENTED_EDGE('',*,*,#2711,.T.);
#3595=ORIENTED_EDGE('',*,*,#2701,.T.);
#3596=ORIENTED_EDGE('',*,*,#2711,.F.);
#3597=ORIENTED_EDGE('',*,*,#2712,.F.);
#3598=ORIENTED_EDGE('',*,*,#2713,.T.);
#3599=ORIENTED_EDGE('',*,*,#2697,.T.);
#3600=ORIENTED_EDGE('',*,*,#2713,.F.);
#3601=ORIENTED_EDGE('',*,*,#2714,.F.);
#3602=ORIENTED_EDGE('',*,*,#2715,.T.);
#3603=ORIENTED_EDGE('',*,*,#2685,.T.);
#3604=ORIENTED_EDGE('',*,*,#2715,.F.);
#3605=ORIENTED_EDGE('',*,*,#2716,.F.);
#3606=ORIENTED_EDGE('',*,*,#2717,.T.);
#3607=ORIENTED_EDGE('',*,*,#2681,.T.);
#3608=ORIENTED_EDGE('',*,*,#2717,.F.);
#3609=ORIENTED_EDGE('',*,*,#2718,.F.);
#3610=ORIENTED_EDGE('',*,*,#2664,.T.);
#3611=ORIENTED_EDGE('',*,*,#2658,.T.);
#3612=ORIENTED_EDGE('',*,*,#2661,.T.);
#3613=ORIENTED_EDGE('',*,*,#2669,.F.);
#3614=ORIENTED_EDGE('',*,*,#2718,.T.);
#3615=ORIENTED_EDGE('',*,*,#2719,.T.);
#3616=ORIENTED_EDGE('',*,*,#2720,.F.);
#3617=ORIENTED_EDGE('',*,*,#2719,.F.);
#3618=ORIENTED_EDGE('',*,*,#2721,.F.);
#3619=ORIENTED_EDGE('',*,*,#2722,.T.);
#3620=ORIENTED_EDGE('',*,*,#2723,.F.);
#3621=ORIENTED_EDGE('',*,*,#2724,.F.);
#3622=ORIENTED_EDGE('',*,*,#2725,.F.);
#3623=ORIENTED_EDGE('',*,*,#2724,.T.);
#3624=ORIENTED_EDGE('',*,*,#2726,.F.);
#3625=ORIENTED_EDGE('',*,*,#2727,.F.);
#3626=ORIENTED_EDGE('',*,*,#2728,.F.);
#3627=ORIENTED_EDGE('',*,*,#2727,.T.);
#3628=ORIENTED_EDGE('',*,*,#2729,.F.);
#3629=ORIENTED_EDGE('',*,*,#2730,.F.);
#3630=ORIENTED_EDGE('',*,*,#2731,.F.);
#3631=ORIENTED_EDGE('',*,*,#2730,.T.);
#3632=ORIENTED_EDGE('',*,*,#2732,.F.);
#3633=ORIENTED_EDGE('',*,*,#2733,.F.);
#3634=ORIENTED_EDGE('',*,*,#2734,.F.);
#3635=ORIENTED_EDGE('',*,*,#2733,.T.);
#3636=ORIENTED_EDGE('',*,*,#2735,.F.);
#3637=ORIENTED_EDGE('',*,*,#2736,.F.);
#3638=ORIENTED_EDGE('',*,*,#2737,.F.);
#3639=ORIENTED_EDGE('',*,*,#2736,.T.);
#3640=ORIENTED_EDGE('',*,*,#2738,.F.);
#3641=ORIENTED_EDGE('',*,*,#2739,.F.);
#3642=ORIENTED_EDGE('',*,*,#2740,.F.);
#3643=ORIENTED_EDGE('',*,*,#2739,.T.);
#3644=ORIENTED_EDGE('',*,*,#2741,.F.);
#3645=ORIENTED_EDGE('',*,*,#2742,.F.);
#3646=ORIENTED_EDGE('',*,*,#2743,.F.);
#3647=ORIENTED_EDGE('',*,*,#2742,.T.);
#3648=ORIENTED_EDGE('',*,*,#2744,.F.);
#3649=ORIENTED_EDGE('',*,*,#2745,.F.);
#3650=ORIENTED_EDGE('',*,*,#2746,.F.);
#3651=ORIENTED_EDGE('',*,*,#2745,.T.);
#3652=ORIENTED_EDGE('',*,*,#2747,.F.);
#3653=ORIENTED_EDGE('',*,*,#2748,.F.);
#3654=ORIENTED_EDGE('',*,*,#2749,.F.);
#3655=ORIENTED_EDGE('',*,*,#2748,.T.);
#3656=ORIENTED_EDGE('',*,*,#2750,.F.);
#3657=ORIENTED_EDGE('',*,*,#2751,.F.);
#3658=ORIENTED_EDGE('',*,*,#2752,.F.);
#3659=ORIENTED_EDGE('',*,*,#2751,.T.);
#3660=ORIENTED_EDGE('',*,*,#2753,.F.);
#3661=ORIENTED_EDGE('',*,*,#2754,.F.);
#3662=ORIENTED_EDGE('',*,*,#2755,.F.);
#3663=ORIENTED_EDGE('',*,*,#2754,.T.);
#3664=ORIENTED_EDGE('',*,*,#2756,.F.);
#3665=ORIENTED_EDGE('',*,*,#2757,.F.);
#3666=ORIENTED_EDGE('',*,*,#2758,.F.);
#3667=ORIENTED_EDGE('',*,*,#2757,.T.);
#3668=ORIENTED_EDGE('',*,*,#2759,.F.);
#3669=ORIENTED_EDGE('',*,*,#2760,.F.);
#3670=ORIENTED_EDGE('',*,*,#2761,.F.);
#3671=ORIENTED_EDGE('',*,*,#2760,.T.);
#3672=ORIENTED_EDGE('',*,*,#2762,.F.);
#3673=ORIENTED_EDGE('',*,*,#2763,.F.);
#3674=ORIENTED_EDGE('',*,*,#2764,.F.);
#3675=ORIENTED_EDGE('',*,*,#2763,.T.);
#3676=ORIENTED_EDGE('',*,*,#2765,.F.);
#3677=ORIENTED_EDGE('',*,*,#2766,.F.);
#3678=ORIENTED_EDGE('',*,*,#2767,.F.);
#3679=ORIENTED_EDGE('',*,*,#2766,.T.);
#3680=ORIENTED_EDGE('',*,*,#2768,.F.);
#3681=ORIENTED_EDGE('',*,*,#2769,.F.);
#3682=ORIENTED_EDGE('',*,*,#2770,.F.);
#3683=ORIENTED_EDGE('',*,*,#2769,.T.);
#3684=ORIENTED_EDGE('',*,*,#2771,.F.);
#3685=ORIENTED_EDGE('',*,*,#2772,.F.);
#3686=ORIENTED_EDGE('',*,*,#2773,.F.);
#3687=ORIENTED_EDGE('',*,*,#2772,.T.);
#3688=ORIENTED_EDGE('',*,*,#2774,.F.);
#3689=ORIENTED_EDGE('',*,*,#2775,.F.);
#3690=ORIENTED_EDGE('',*,*,#2776,.F.);
#3691=ORIENTED_EDGE('',*,*,#2775,.T.);
#3692=ORIENTED_EDGE('',*,*,#2777,.F.);
#3693=ORIENTED_EDGE('',*,*,#2778,.F.);
#3694=ORIENTED_EDGE('',*,*,#2779,.F.);
#3695=ORIENTED_EDGE('',*,*,#2778,.T.);
#3696=ORIENTED_EDGE('',*,*,#2780,.F.);
#3697=ORIENTED_EDGE('',*,*,#2781,.F.);
#3698=ORIENTED_EDGE('',*,*,#2782,.F.);
#3699=ORIENTED_EDGE('',*,*,#2781,.T.);
#3700=ORIENTED_EDGE('',*,*,#2783,.F.);
#3701=ORIENTED_EDGE('',*,*,#2784,.F.);
#3702=ORIENTED_EDGE('',*,*,#2785,.F.);
#3703=ORIENTED_EDGE('',*,*,#2784,.T.);
#3704=ORIENTED_EDGE('',*,*,#2786,.F.);
#3705=ORIENTED_EDGE('',*,*,#2787,.F.);
#3706=ORIENTED_EDGE('',*,*,#2788,.F.);
#3707=ORIENTED_EDGE('',*,*,#2787,.T.);
#3708=ORIENTED_EDGE('',*,*,#2789,.F.);
#3709=ORIENTED_EDGE('',*,*,#2790,.F.);
#3710=ORIENTED_EDGE('',*,*,#2791,.F.);
#3711=ORIENTED_EDGE('',*,*,#2790,.T.);
#3712=ORIENTED_EDGE('',*,*,#2792,.F.);
#3713=ORIENTED_EDGE('',*,*,#2793,.F.);
#3714=ORIENTED_EDGE('',*,*,#2794,.F.);
#3715=ORIENTED_EDGE('',*,*,#2793,.T.);
#3716=ORIENTED_EDGE('',*,*,#2795,.F.);
#3717=ORIENTED_EDGE('',*,*,#2796,.F.);
#3718=ORIENTED_EDGE('',*,*,#2797,.F.);
#3719=ORIENTED_EDGE('',*,*,#2796,.T.);
#3720=ORIENTED_EDGE('',*,*,#2798,.F.);
#3721=ORIENTED_EDGE('',*,*,#2799,.F.);
#3722=ORIENTED_EDGE('',*,*,#2800,.F.);
#3723=ORIENTED_EDGE('',*,*,#2799,.T.);
#3724=ORIENTED_EDGE('',*,*,#2801,.F.);
#3725=ORIENTED_EDGE('',*,*,#2802,.F.);
#3726=ORIENTED_EDGE('',*,*,#2803,.F.);
#3727=ORIENTED_EDGE('',*,*,#2802,.T.);
#3728=ORIENTED_EDGE('',*,*,#2804,.F.);
#3729=ORIENTED_EDGE('',*,*,#2805,.F.);
#3730=ORIENTED_EDGE('',*,*,#2806,.F.);
#3731=ORIENTED_EDGE('',*,*,#2805,.T.);
#3732=ORIENTED_EDGE('',*,*,#2807,.F.);
#3733=ORIENTED_EDGE('',*,*,#2808,.F.);
#3734=ORIENTED_EDGE('',*,*,#2809,.F.);
#3735=ORIENTED_EDGE('',*,*,#2808,.T.);
#3736=ORIENTED_EDGE('',*,*,#2810,.F.);
#3737=ORIENTED_EDGE('',*,*,#2811,.F.);
#3738=ORIENTED_EDGE('',*,*,#2812,.F.);
#3739=ORIENTED_EDGE('',*,*,#2811,.T.);
#3740=ORIENTED_EDGE('',*,*,#2813,.F.);
#3741=ORIENTED_EDGE('',*,*,#2814,.F.);
#3742=ORIENTED_EDGE('',*,*,#2815,.F.);
#3743=ORIENTED_EDGE('',*,*,#2814,.T.);
#3744=ORIENTED_EDGE('',*,*,#2816,.F.);
#3745=ORIENTED_EDGE('',*,*,#2817,.F.);
#3746=ORIENTED_EDGE('',*,*,#2818,.F.);
#3747=ORIENTED_EDGE('',*,*,#2817,.T.);
#3748=ORIENTED_EDGE('',*,*,#2819,.F.);
#3749=ORIENTED_EDGE('',*,*,#2820,.F.);
#3750=ORIENTED_EDGE('',*,*,#2821,.F.);
#3751=ORIENTED_EDGE('',*,*,#2820,.T.);
#3752=ORIENTED_EDGE('',*,*,#2822,.F.);
#3753=ORIENTED_EDGE('',*,*,#2823,.F.);
#3754=ORIENTED_EDGE('',*,*,#2824,.F.);
#3755=ORIENTED_EDGE('',*,*,#2823,.T.);
#3756=ORIENTED_EDGE('',*,*,#2825,.F.);
#3757=ORIENTED_EDGE('',*,*,#2826,.F.);
#3758=ORIENTED_EDGE('',*,*,#2827,.F.);
#3759=ORIENTED_EDGE('',*,*,#2826,.T.);
#3760=ORIENTED_EDGE('',*,*,#2828,.F.);
#3761=ORIENTED_EDGE('',*,*,#2829,.F.);
#3762=ORIENTED_EDGE('',*,*,#2830,.F.);
#3763=ORIENTED_EDGE('',*,*,#2829,.T.);
#3764=ORIENTED_EDGE('',*,*,#2831,.F.);
#3765=ORIENTED_EDGE('',*,*,#2832,.F.);
#3766=ORIENTED_EDGE('',*,*,#2833,.F.);
#3767=ORIENTED_EDGE('',*,*,#2832,.T.);
#3768=ORIENTED_EDGE('',*,*,#2834,.F.);
#3769=ORIENTED_EDGE('',*,*,#2835,.F.);
#3770=ORIENTED_EDGE('',*,*,#2836,.F.);
#3771=ORIENTED_EDGE('',*,*,#2835,.T.);
#3772=ORIENTED_EDGE('',*,*,#2837,.F.);
#3773=ORIENTED_EDGE('',*,*,#2838,.F.);
#3774=ORIENTED_EDGE('',*,*,#2839,.F.);
#3775=ORIENTED_EDGE('',*,*,#2838,.T.);
#3776=ORIENTED_EDGE('',*,*,#2840,.F.);
#3777=ORIENTED_EDGE('',*,*,#2841,.F.);
#3778=ORIENTED_EDGE('',*,*,#2842,.F.);
#3779=ORIENTED_EDGE('',*,*,#2841,.T.);
#3780=ORIENTED_EDGE('',*,*,#2843,.F.);
#3781=ORIENTED_EDGE('',*,*,#2844,.F.);
#3782=ORIENTED_EDGE('',*,*,#2845,.F.);
#3783=ORIENTED_EDGE('',*,*,#2844,.T.);
#3784=ORIENTED_EDGE('',*,*,#2846,.F.);
#3785=ORIENTED_EDGE('',*,*,#2847,.F.);
#3786=ORIENTED_EDGE('',*,*,#2848,.F.);
#3787=ORIENTED_EDGE('',*,*,#2847,.T.);
#3788=ORIENTED_EDGE('',*,*,#2849,.F.);
#3789=ORIENTED_EDGE('',*,*,#2850,.F.);
#3790=ORIENTED_EDGE('',*,*,#2851,.F.);
#3791=ORIENTED_EDGE('',*,*,#2850,.T.);
#3792=ORIENTED_EDGE('',*,*,#2852,.F.);
#3793=ORIENTED_EDGE('',*,*,#2853,.F.);
#3794=ORIENTED_EDGE('',*,*,#2854,.F.);
#3795=ORIENTED_EDGE('',*,*,#2853,.T.);
#3796=ORIENTED_EDGE('',*,*,#2855,.F.);
#3797=ORIENTED_EDGE('',*,*,#2856,.F.);
#3798=ORIENTED_EDGE('',*,*,#2857,.F.);
#3799=ORIENTED_EDGE('',*,*,#2856,.T.);
#3800=ORIENTED_EDGE('',*,*,#2858,.F.);
#3801=ORIENTED_EDGE('',*,*,#2859,.F.);
#3802=ORIENTED_EDGE('',*,*,#2860,.F.);
#3803=ORIENTED_EDGE('',*,*,#2859,.T.);
#3804=ORIENTED_EDGE('',*,*,#2861,.F.);
#3805=ORIENTED_EDGE('',*,*,#2862,.F.);
#3806=ORIENTED_EDGE('',*,*,#2863,.F.);
#3807=ORIENTED_EDGE('',*,*,#2862,.T.);
#3808=ORIENTED_EDGE('',*,*,#2864,.F.);
#3809=ORIENTED_EDGE('',*,*,#2865,.F.);
#3810=ORIENTED_EDGE('',*,*,#2866,.F.);
#3811=ORIENTED_EDGE('',*,*,#2865,.T.);
#3812=ORIENTED_EDGE('',*,*,#2867,.F.);
#3813=ORIENTED_EDGE('',*,*,#2868,.F.);
#3814=ORIENTED_EDGE('',*,*,#2869,.F.);
#3815=ORIENTED_EDGE('',*,*,#2868,.T.);
#3816=ORIENTED_EDGE('',*,*,#2870,.F.);
#3817=ORIENTED_EDGE('',*,*,#2871,.F.);
#3818=ORIENTED_EDGE('',*,*,#2872,.F.);
#3819=ORIENTED_EDGE('',*,*,#2871,.T.);
#3820=ORIENTED_EDGE('',*,*,#2873,.F.);
#3821=ORIENTED_EDGE('',*,*,#2874,.F.);
#3822=ORIENTED_EDGE('',*,*,#2875,.F.);
#3823=ORIENTED_EDGE('',*,*,#2874,.T.);
#3824=ORIENTED_EDGE('',*,*,#2876,.F.);
#3825=ORIENTED_EDGE('',*,*,#2877,.F.);
#3826=ORIENTED_EDGE('',*,*,#2878,.F.);
#3827=ORIENTED_EDGE('',*,*,#2877,.T.);
#3828=ORIENTED_EDGE('',*,*,#2879,.F.);
#3829=ORIENTED_EDGE('',*,*,#2880,.F.);
#3830=ORIENTED_EDGE('',*,*,#2881,.F.);
#3831=ORIENTED_EDGE('',*,*,#2880,.T.);
#3832=ORIENTED_EDGE('',*,*,#2882,.F.);
#3833=ORIENTED_EDGE('',*,*,#2883,.F.);
#3834=ORIENTED_EDGE('',*,*,#2884,.F.);
#3835=ORIENTED_EDGE('',*,*,#2883,.T.);
#3836=ORIENTED_EDGE('',*,*,#2885,.F.);
#3837=ORIENTED_EDGE('',*,*,#2886,.F.);
#3838=ORIENTED_EDGE('',*,*,#2887,.F.);
#3839=ORIENTED_EDGE('',*,*,#2886,.T.);
#3840=ORIENTED_EDGE('',*,*,#2888,.F.);
#3841=ORIENTED_EDGE('',*,*,#2889,.F.);
#3842=ORIENTED_EDGE('',*,*,#2890,.F.);
#3843=ORIENTED_EDGE('',*,*,#2889,.T.);
#3844=ORIENTED_EDGE('',*,*,#2891,.F.);
#3845=ORIENTED_EDGE('',*,*,#2892,.F.);
#3846=ORIENTED_EDGE('',*,*,#2893,.F.);
#3847=ORIENTED_EDGE('',*,*,#2892,.T.);
#3848=ORIENTED_EDGE('',*,*,#2894,.F.);
#3849=ORIENTED_EDGE('',*,*,#2895,.F.);
#3850=ORIENTED_EDGE('',*,*,#2896,.F.);
#3851=ORIENTED_EDGE('',*,*,#2895,.T.);
#3852=ORIENTED_EDGE('',*,*,#2897,.F.);
#3853=ORIENTED_EDGE('',*,*,#2898,.F.);
#3854=ORIENTED_EDGE('',*,*,#2899,.F.);
#3855=ORIENTED_EDGE('',*,*,#2898,.T.);
#3856=ORIENTED_EDGE('',*,*,#2900,.F.);
#3857=ORIENTED_EDGE('',*,*,#2901,.F.);
#3858=ORIENTED_EDGE('',*,*,#2902,.F.);
#3859=ORIENTED_EDGE('',*,*,#2901,.T.);
#3860=ORIENTED_EDGE('',*,*,#2903,.F.);
#3861=ORIENTED_EDGE('',*,*,#2904,.F.);
#3862=ORIENTED_EDGE('',*,*,#2905,.F.);
#3863=ORIENTED_EDGE('',*,*,#2904,.T.);
#3864=ORIENTED_EDGE('',*,*,#2906,.F.);
#3865=ORIENTED_EDGE('',*,*,#2907,.F.);
#3866=ORIENTED_EDGE('',*,*,#2908,.F.);
#3867=ORIENTED_EDGE('',*,*,#2907,.T.);
#3868=ORIENTED_EDGE('',*,*,#2909,.F.);
#3869=ORIENTED_EDGE('',*,*,#2910,.F.);
#3870=ORIENTED_EDGE('',*,*,#2911,.F.);
#3871=ORIENTED_EDGE('',*,*,#2910,.T.);
#3872=ORIENTED_EDGE('',*,*,#2912,.F.);
#3873=ORIENTED_EDGE('',*,*,#2913,.F.);
#3874=ORIENTED_EDGE('',*,*,#2914,.F.);
#3875=ORIENTED_EDGE('',*,*,#2913,.T.);
#3876=ORIENTED_EDGE('',*,*,#2915,.F.);
#3877=ORIENTED_EDGE('',*,*,#2916,.F.);
#3878=ORIENTED_EDGE('',*,*,#2917,.F.);
#3879=ORIENTED_EDGE('',*,*,#2916,.T.);
#3880=ORIENTED_EDGE('',*,*,#2918,.F.);
#3881=ORIENTED_EDGE('',*,*,#2919,.F.);
#3882=ORIENTED_EDGE('',*,*,#2920,.F.);
#3883=ORIENTED_EDGE('',*,*,#2919,.T.);
#3884=ORIENTED_EDGE('',*,*,#2921,.F.);
#3885=ORIENTED_EDGE('',*,*,#2922,.F.);
#3886=ORIENTED_EDGE('',*,*,#2923,.F.);
#3887=ORIENTED_EDGE('',*,*,#2922,.T.);
#3888=ORIENTED_EDGE('',*,*,#2924,.F.);
#3889=ORIENTED_EDGE('',*,*,#2925,.F.);
#3890=ORIENTED_EDGE('',*,*,#2926,.F.);
#3891=ORIENTED_EDGE('',*,*,#2925,.T.);
#3892=ORIENTED_EDGE('',*,*,#2927,.F.);
#3893=ORIENTED_EDGE('',*,*,#2928,.F.);
#3894=ORIENTED_EDGE('',*,*,#2929,.F.);
#3895=ORIENTED_EDGE('',*,*,#2928,.T.);
#3896=ORIENTED_EDGE('',*,*,#2930,.F.);
#3897=ORIENTED_EDGE('',*,*,#2931,.F.);
#3898=ORIENTED_EDGE('',*,*,#2932,.F.);
#3899=ORIENTED_EDGE('',*,*,#2931,.T.);
#3900=ORIENTED_EDGE('',*,*,#2933,.F.);
#3901=ORIENTED_EDGE('',*,*,#2934,.F.);
#3902=ORIENTED_EDGE('',*,*,#2935,.F.);
#3903=ORIENTED_EDGE('',*,*,#2934,.T.);
#3904=ORIENTED_EDGE('',*,*,#2936,.F.);
#3905=ORIENTED_EDGE('',*,*,#2937,.F.);
#3906=ORIENTED_EDGE('',*,*,#2938,.F.);
#3907=ORIENTED_EDGE('',*,*,#2937,.T.);
#3908=ORIENTED_EDGE('',*,*,#2939,.F.);
#3909=ORIENTED_EDGE('',*,*,#2940,.F.);
#3910=ORIENTED_EDGE('',*,*,#2941,.F.);
#3911=ORIENTED_EDGE('',*,*,#2940,.T.);
#3912=ORIENTED_EDGE('',*,*,#2942,.F.);
#3913=ORIENTED_EDGE('',*,*,#2943,.F.);
#3914=ORIENTED_EDGE('',*,*,#2944,.F.);
#3915=ORIENTED_EDGE('',*,*,#2943,.T.);
#3916=ORIENTED_EDGE('',*,*,#2945,.F.);
#3917=ORIENTED_EDGE('',*,*,#2946,.F.);
#3918=ORIENTED_EDGE('',*,*,#2947,.F.);
#3919=ORIENTED_EDGE('',*,*,#2946,.T.);
#3920=ORIENTED_EDGE('',*,*,#2948,.F.);
#3921=ORIENTED_EDGE('',*,*,#2949,.F.);
#3922=ORIENTED_EDGE('',*,*,#2950,.F.);
#3923=ORIENTED_EDGE('',*,*,#2949,.T.);
#3924=ORIENTED_EDGE('',*,*,#2951,.F.);
#3925=ORIENTED_EDGE('',*,*,#2952,.F.);
#3926=ORIENTED_EDGE('',*,*,#2953,.F.);
#3927=ORIENTED_EDGE('',*,*,#2952,.T.);
#3928=ORIENTED_EDGE('',*,*,#2954,.F.);
#3929=ORIENTED_EDGE('',*,*,#2955,.F.);
#3930=ORIENTED_EDGE('',*,*,#2956,.F.);
#3931=ORIENTED_EDGE('',*,*,#2955,.T.);
#3932=ORIENTED_EDGE('',*,*,#2957,.F.);
#3933=ORIENTED_EDGE('',*,*,#2958,.F.);
#3934=ORIENTED_EDGE('',*,*,#2959,.F.);
#3935=ORIENTED_EDGE('',*,*,#2958,.T.);
#3936=ORIENTED_EDGE('',*,*,#2960,.F.);
#3937=ORIENTED_EDGE('',*,*,#2961,.F.);
#3938=ORIENTED_EDGE('',*,*,#2962,.F.);
#3939=ORIENTED_EDGE('',*,*,#2961,.T.);
#3940=ORIENTED_EDGE('',*,*,#2963,.F.);
#3941=ORIENTED_EDGE('',*,*,#2964,.F.);
#3942=ORIENTED_EDGE('',*,*,#2965,.F.);
#3943=ORIENTED_EDGE('',*,*,#2964,.T.);
#3944=ORIENTED_EDGE('',*,*,#2966,.F.);
#3945=ORIENTED_EDGE('',*,*,#2967,.F.);
#3946=ORIENTED_EDGE('',*,*,#2968,.F.);
#3947=ORIENTED_EDGE('',*,*,#2967,.T.);
#3948=ORIENTED_EDGE('',*,*,#2969,.F.);
#3949=ORIENTED_EDGE('',*,*,#2970,.F.);
#3950=ORIENTED_EDGE('',*,*,#2971,.F.);
#3951=ORIENTED_EDGE('',*,*,#2970,.T.);
#3952=ORIENTED_EDGE('',*,*,#2972,.F.);
#3953=ORIENTED_EDGE('',*,*,#2973,.F.);
#3954=ORIENTED_EDGE('',*,*,#2974,.F.);
#3955=ORIENTED_EDGE('',*,*,#2973,.T.);
#3956=ORIENTED_EDGE('',*,*,#2975,.F.);
#3957=ORIENTED_EDGE('',*,*,#2976,.F.);
#3958=ORIENTED_EDGE('',*,*,#2977,.F.);
#3959=ORIENTED_EDGE('',*,*,#2976,.T.);
#3960=ORIENTED_EDGE('',*,*,#2978,.F.);
#3961=ORIENTED_EDGE('',*,*,#2979,.F.);
#3962=ORIENTED_EDGE('',*,*,#2980,.F.);
#3963=ORIENTED_EDGE('',*,*,#2979,.T.);
#3964=ORIENTED_EDGE('',*,*,#2981,.F.);
#3965=ORIENTED_EDGE('',*,*,#2982,.F.);
#3966=ORIENTED_EDGE('',*,*,#2983,.F.);
#3967=ORIENTED_EDGE('',*,*,#2982,.T.);
#3968=ORIENTED_EDGE('',*,*,#2984,.F.);
#3969=ORIENTED_EDGE('',*,*,#2985,.F.);
#3970=ORIENTED_EDGE('',*,*,#2986,.F.);
#3971=ORIENTED_EDGE('',*,*,#2985,.T.);
#3972=ORIENTED_EDGE('',*,*,#2987,.F.);
#3973=ORIENTED_EDGE('',*,*,#2988,.F.);
#3974=ORIENTED_EDGE('',*,*,#2989,.F.);
#3975=ORIENTED_EDGE('',*,*,#2988,.T.);
#3976=ORIENTED_EDGE('',*,*,#2990,.F.);
#3977=ORIENTED_EDGE('',*,*,#2991,.F.);
#3978=ORIENTED_EDGE('',*,*,#2992,.F.);
#3979=ORIENTED_EDGE('',*,*,#2991,.T.);
#3980=ORIENTED_EDGE('',*,*,#2993,.F.);
#3981=ORIENTED_EDGE('',*,*,#2994,.F.);
#3982=ORIENTED_EDGE('',*,*,#2995,.F.);
#3983=ORIENTED_EDGE('',*,*,#2994,.T.);
#3984=ORIENTED_EDGE('',*,*,#2996,.F.);
#3985=ORIENTED_EDGE('',*,*,#2997,.F.);
#3986=ORIENTED_EDGE('',*,*,#2998,.F.);
#3987=ORIENTED_EDGE('',*,*,#2997,.T.);
#3988=ORIENTED_EDGE('',*,*,#2999,.F.);
#3989=ORIENTED_EDGE('',*,*,#3000,.F.);
#3990=ORIENTED_EDGE('',*,*,#3001,.F.);
#3991=ORIENTED_EDGE('',*,*,#3000,.T.);
#3992=ORIENTED_EDGE('',*,*,#3002,.F.);
#3993=ORIENTED_EDGE('',*,*,#3003,.F.);
#3994=ORIENTED_EDGE('',*,*,#3004,.F.);
#3995=ORIENTED_EDGE('',*,*,#3003,.T.);
#3996=ORIENTED_EDGE('',*,*,#3005,.F.);
#3997=ORIENTED_EDGE('',*,*,#3006,.F.);
#3998=ORIENTED_EDGE('',*,*,#3007,.F.);
#3999=ORIENTED_EDGE('',*,*,#3006,.T.);
#4000=ORIENTED_EDGE('',*,*,#3008,.F.);
#4001=ORIENTED_EDGE('',*,*,#3009,.F.);
#4002=ORIENTED_EDGE('',*,*,#3010,.F.);
#4003=ORIENTED_EDGE('',*,*,#3009,.T.);
#4004=ORIENTED_EDGE('',*,*,#3011,.F.);
#4005=ORIENTED_EDGE('',*,*,#3012,.F.);
#4006=ORIENTED_EDGE('',*,*,#3013,.F.);
#4007=ORIENTED_EDGE('',*,*,#3012,.T.);
#4008=ORIENTED_EDGE('',*,*,#3014,.F.);
#4009=ORIENTED_EDGE('',*,*,#3015,.F.);
#4010=ORIENTED_EDGE('',*,*,#3016,.F.);
#4011=ORIENTED_EDGE('',*,*,#3015,.T.);
#4012=ORIENTED_EDGE('',*,*,#3017,.F.);
#4013=ORIENTED_EDGE('',*,*,#3018,.F.);
#4014=ORIENTED_EDGE('',*,*,#3019,.F.);
#4015=ORIENTED_EDGE('',*,*,#3018,.T.);
#4016=ORIENTED_EDGE('',*,*,#3020,.F.);
#4017=ORIENTED_EDGE('',*,*,#3021,.F.);
#4018=ORIENTED_EDGE('',*,*,#3022,.F.);
#4019=ORIENTED_EDGE('',*,*,#3021,.T.);
#4020=ORIENTED_EDGE('',*,*,#3023,.F.);
#4021=ORIENTED_EDGE('',*,*,#3024,.F.);
#4022=ORIENTED_EDGE('',*,*,#3025,.F.);
#4023=ORIENTED_EDGE('',*,*,#3024,.T.);
#4024=ORIENTED_EDGE('',*,*,#3026,.F.);
#4025=ORIENTED_EDGE('',*,*,#3027,.F.);
#4026=ORIENTED_EDGE('',*,*,#3028,.F.);
#4027=ORIENTED_EDGE('',*,*,#3027,.T.);
#4028=ORIENTED_EDGE('',*,*,#3029,.F.);
#4029=ORIENTED_EDGE('',*,*,#3030,.F.);
#4030=ORIENTED_EDGE('',*,*,#3031,.F.);
#4031=ORIENTED_EDGE('',*,*,#3030,.T.);
#4032=ORIENTED_EDGE('',*,*,#3032,.F.);
#4033=ORIENTED_EDGE('',*,*,#3033,.F.);
#4034=ORIENTED_EDGE('',*,*,#3034,.F.);
#4035=ORIENTED_EDGE('',*,*,#3033,.T.);
#4036=ORIENTED_EDGE('',*,*,#3035,.F.);
#4037=ORIENTED_EDGE('',*,*,#3036,.F.);
#4038=ORIENTED_EDGE('',*,*,#3037,.F.);
#4039=ORIENTED_EDGE('',*,*,#3036,.T.);
#4040=ORIENTED_EDGE('',*,*,#3038,.F.);
#4041=ORIENTED_EDGE('',*,*,#3039,.F.);
#4042=ORIENTED_EDGE('',*,*,#3040,.F.);
#4043=ORIENTED_EDGE('',*,*,#3039,.T.);
#4044=ORIENTED_EDGE('',*,*,#3041,.F.);
#4045=ORIENTED_EDGE('',*,*,#3042,.F.);
#4046=ORIENTED_EDGE('',*,*,#3043,.F.);
#4047=ORIENTED_EDGE('',*,*,#3042,.T.);
#4048=ORIENTED_EDGE('',*,*,#3044,.F.);
#4049=ORIENTED_EDGE('',*,*,#3045,.F.);
#4050=ORIENTED_EDGE('',*,*,#3046,.F.);
#4051=ORIENTED_EDGE('',*,*,#3045,.T.);
#4052=ORIENTED_EDGE('',*,*,#3047,.F.);
#4053=ORIENTED_EDGE('',*,*,#3048,.F.);
#4054=ORIENTED_EDGE('',*,*,#3049,.F.);
#4055=ORIENTED_EDGE('',*,*,#3048,.T.);
#4056=ORIENTED_EDGE('',*,*,#3050,.F.);
#4057=ORIENTED_EDGE('',*,*,#3051,.F.);
#4058=ORIENTED_EDGE('',*,*,#3052,.F.);
#4059=ORIENTED_EDGE('',*,*,#3051,.T.);
#4060=ORIENTED_EDGE('',*,*,#3053,.F.);
#4061=ORIENTED_EDGE('',*,*,#3054,.F.);
#4062=ORIENTED_EDGE('',*,*,#3055,.F.);
#4063=ORIENTED_EDGE('',*,*,#3054,.T.);
#4064=ORIENTED_EDGE('',*,*,#3056,.F.);
#4065=ORIENTED_EDGE('',*,*,#3057,.F.);
#4066=ORIENTED_EDGE('',*,*,#3058,.F.);
#4067=ORIENTED_EDGE('',*,*,#3057,.T.);
#4068=ORIENTED_EDGE('',*,*,#3059,.F.);
#4069=ORIENTED_EDGE('',*,*,#3060,.F.);
#4070=ORIENTED_EDGE('',*,*,#3061,.F.);
#4071=ORIENTED_EDGE('',*,*,#3060,.T.);
#4072=ORIENTED_EDGE('',*,*,#3062,.F.);
#4073=ORIENTED_EDGE('',*,*,#3063,.F.);
#4074=ORIENTED_EDGE('',*,*,#3064,.F.);
#4075=ORIENTED_EDGE('',*,*,#3063,.T.);
#4076=ORIENTED_EDGE('',*,*,#3065,.F.);
#4077=ORIENTED_EDGE('',*,*,#3066,.F.);
#4078=ORIENTED_EDGE('',*,*,#3067,.F.);
#4079=ORIENTED_EDGE('',*,*,#3066,.T.);
#4080=ORIENTED_EDGE('',*,*,#3068,.F.);
#4081=ORIENTED_EDGE('',*,*,#3069,.F.);
#4082=ORIENTED_EDGE('',*,*,#3070,.F.);
#4083=ORIENTED_EDGE('',*,*,#3069,.T.);
#4084=ORIENTED_EDGE('',*,*,#3071,.F.);
#4085=ORIENTED_EDGE('',*,*,#3072,.F.);
#4086=ORIENTED_EDGE('',*,*,#3073,.F.);
#4087=ORIENTED_EDGE('',*,*,#3072,.T.);
#4088=ORIENTED_EDGE('',*,*,#3074,.F.);
#4089=ORIENTED_EDGE('',*,*,#3075,.F.);
#4090=ORIENTED_EDGE('',*,*,#3076,.F.);
#4091=ORIENTED_EDGE('',*,*,#3075,.T.);
#4092=ORIENTED_EDGE('',*,*,#3077,.F.);
#4093=ORIENTED_EDGE('',*,*,#3078,.F.);
#4094=ORIENTED_EDGE('',*,*,#3079,.F.);
#4095=ORIENTED_EDGE('',*,*,#3078,.T.);
#4096=ORIENTED_EDGE('',*,*,#3080,.F.);
#4097=ORIENTED_EDGE('',*,*,#3081,.F.);
#4098=ORIENTED_EDGE('',*,*,#3082,.F.);
#4099=ORIENTED_EDGE('',*,*,#3081,.T.);
#4100=ORIENTED_EDGE('',*,*,#3083,.F.);
#4101=ORIENTED_EDGE('',*,*,#3084,.F.);
#4102=ORIENTED_EDGE('',*,*,#3085,.F.);
#4103=ORIENTED_EDGE('',*,*,#3084,.T.);
#4104=ORIENTED_EDGE('',*,*,#3086,.F.);
#4105=ORIENTED_EDGE('',*,*,#3087,.F.);
#4106=ORIENTED_EDGE('',*,*,#3088,.F.);
#4107=ORIENTED_EDGE('',*,*,#3087,.T.);
#4108=ORIENTED_EDGE('',*,*,#3089,.F.);
#4109=ORIENTED_EDGE('',*,*,#3090,.F.);
#4110=ORIENTED_EDGE('',*,*,#3091,.F.);
#4111=ORIENTED_EDGE('',*,*,#3090,.T.);
#4112=ORIENTED_EDGE('',*,*,#3092,.F.);
#4113=ORIENTED_EDGE('',*,*,#3093,.F.);
#4114=ORIENTED_EDGE('',*,*,#3094,.F.);
#4115=ORIENTED_EDGE('',*,*,#3093,.T.);
#4116=ORIENTED_EDGE('',*,*,#3095,.F.);
#4117=ORIENTED_EDGE('',*,*,#3096,.F.);
#4118=ORIENTED_EDGE('',*,*,#3097,.F.);
#4119=ORIENTED_EDGE('',*,*,#3096,.T.);
#4120=ORIENTED_EDGE('',*,*,#3098,.F.);
#4121=ORIENTED_EDGE('',*,*,#3099,.F.);
#4122=ORIENTED_EDGE('',*,*,#3100,.F.);
#4123=ORIENTED_EDGE('',*,*,#3099,.T.);
#4124=ORIENTED_EDGE('',*,*,#3101,.F.);
#4125=ORIENTED_EDGE('',*,*,#3102,.F.);
#4126=ORIENTED_EDGE('',*,*,#3103,.F.);
#4127=ORIENTED_EDGE('',*,*,#3102,.T.);
#4128=ORIENTED_EDGE('',*,*,#3104,.F.);
#4129=ORIENTED_EDGE('',*,*,#3105,.F.);
#4130=ORIENTED_EDGE('',*,*,#3106,.F.);
#4131=ORIENTED_EDGE('',*,*,#3105,.T.);
#4132=ORIENTED_EDGE('',*,*,#3107,.F.);
#4133=ORIENTED_EDGE('',*,*,#3108,.F.);
#4134=ORIENTED_EDGE('',*,*,#3109,.F.);
#4135=ORIENTED_EDGE('',*,*,#3108,.T.);
#4136=ORIENTED_EDGE('',*,*,#3110,.F.);
#4137=ORIENTED_EDGE('',*,*,#3111,.F.);
#4138=ORIENTED_EDGE('',*,*,#3112,.F.);
#4139=ORIENTED_EDGE('',*,*,#3111,.T.);
#4140=ORIENTED_EDGE('',*,*,#3113,.F.);
#4141=ORIENTED_EDGE('',*,*,#3114,.F.);
#4142=ORIENTED_EDGE('',*,*,#3115,.F.);
#4143=ORIENTED_EDGE('',*,*,#3114,.T.);
#4144=ORIENTED_EDGE('',*,*,#3116,.F.);
#4145=ORIENTED_EDGE('',*,*,#3117,.F.);
#4146=ORIENTED_EDGE('',*,*,#3118,.F.);
#4147=ORIENTED_EDGE('',*,*,#3117,.T.);
#4148=ORIENTED_EDGE('',*,*,#3119,.F.);
#4149=ORIENTED_EDGE('',*,*,#3120,.F.);
#4150=ORIENTED_EDGE('',*,*,#3121,.F.);
#4151=ORIENTED_EDGE('',*,*,#3120,.T.);
#4152=ORIENTED_EDGE('',*,*,#3122,.F.);
#4153=ORIENTED_EDGE('',*,*,#3123,.F.);
#4154=ORIENTED_EDGE('',*,*,#3124,.F.);
#4155=ORIENTED_EDGE('',*,*,#3123,.T.);
#4156=ORIENTED_EDGE('',*,*,#3125,.F.);
#4157=ORIENTED_EDGE('',*,*,#3126,.F.);
#4158=ORIENTED_EDGE('',*,*,#3127,.F.);
#4159=ORIENTED_EDGE('',*,*,#3126,.T.);
#4160=ORIENTED_EDGE('',*,*,#3128,.F.);
#4161=ORIENTED_EDGE('',*,*,#3129,.F.);
#4162=ORIENTED_EDGE('',*,*,#3130,.F.);
#4163=ORIENTED_EDGE('',*,*,#3129,.T.);
#4164=ORIENTED_EDGE('',*,*,#3131,.F.);
#4165=ORIENTED_EDGE('',*,*,#3132,.F.);
#4166=ORIENTED_EDGE('',*,*,#3133,.F.);
#4167=ORIENTED_EDGE('',*,*,#3132,.T.);
#4168=ORIENTED_EDGE('',*,*,#3134,.F.);
#4169=ORIENTED_EDGE('',*,*,#3135,.F.);
#4170=ORIENTED_EDGE('',*,*,#3136,.F.);
#4171=ORIENTED_EDGE('',*,*,#3135,.T.);
#4172=ORIENTED_EDGE('',*,*,#3137,.F.);
#4173=ORIENTED_EDGE('',*,*,#3138,.F.);
#4174=ORIENTED_EDGE('',*,*,#3139,.F.);
#4175=ORIENTED_EDGE('',*,*,#3138,.T.);
#4176=ORIENTED_EDGE('',*,*,#3140,.F.);
#4177=ORIENTED_EDGE('',*,*,#3141,.F.);
#4178=ORIENTED_EDGE('',*,*,#3142,.F.);
#4179=ORIENTED_EDGE('',*,*,#3141,.T.);
#4180=ORIENTED_EDGE('',*,*,#3143,.F.);
#4181=ORIENTED_EDGE('',*,*,#3144,.F.);
#4182=ORIENTED_EDGE('',*,*,#3145,.F.);
#4183=ORIENTED_EDGE('',*,*,#3144,.T.);
#4184=ORIENTED_EDGE('',*,*,#3146,.F.);
#4185=ORIENTED_EDGE('',*,*,#3147,.F.);
#4186=ORIENTED_EDGE('',*,*,#3148,.F.);
#4187=ORIENTED_EDGE('',*,*,#3147,.T.);
#4188=ORIENTED_EDGE('',*,*,#3149,.F.);
#4189=ORIENTED_EDGE('',*,*,#3150,.F.);
#4190=ORIENTED_EDGE('',*,*,#3151,.F.);
#4191=ORIENTED_EDGE('',*,*,#3150,.T.);
#4192=ORIENTED_EDGE('',*,*,#3152,.F.);
#4193=ORIENTED_EDGE('',*,*,#3153,.F.);
#4194=ORIENTED_EDGE('',*,*,#3154,.F.);
#4195=ORIENTED_EDGE('',*,*,#3153,.T.);
#4196=ORIENTED_EDGE('',*,*,#3155,.F.);
#4197=ORIENTED_EDGE('',*,*,#3156,.F.);
#4198=ORIENTED_EDGE('',*,*,#3157,.F.);
#4199=ORIENTED_EDGE('',*,*,#3156,.T.);
#4200=ORIENTED_EDGE('',*,*,#3158,.F.);
#4201=ORIENTED_EDGE('',*,*,#3159,.F.);
#4202=ORIENTED_EDGE('',*,*,#3160,.F.);
#4203=ORIENTED_EDGE('',*,*,#3159,.T.);
#4204=ORIENTED_EDGE('',*,*,#3161,.F.);
#4205=ORIENTED_EDGE('',*,*,#3162,.F.);
#4206=ORIENTED_EDGE('',*,*,#3163,.F.);
#4207=ORIENTED_EDGE('',*,*,#3162,.T.);
#4208=ORIENTED_EDGE('',*,*,#3164,.F.);
#4209=ORIENTED_EDGE('',*,*,#3165,.F.);
#4210=ORIENTED_EDGE('',*,*,#3166,.F.);
#4211=ORIENTED_EDGE('',*,*,#3165,.T.);
#4212=ORIENTED_EDGE('',*,*,#3167,.F.);
#4213=ORIENTED_EDGE('',*,*,#3168,.F.);
#4214=ORIENTED_EDGE('',*,*,#3169,.F.);
#4215=ORIENTED_EDGE('',*,*,#3168,.T.);
#4216=ORIENTED_EDGE('',*,*,#3170,.F.);
#4217=ORIENTED_EDGE('',*,*,#3171,.F.);
#4218=ORIENTED_EDGE('',*,*,#3172,.F.);
#4219=ORIENTED_EDGE('',*,*,#3171,.T.);
#4220=ORIENTED_EDGE('',*,*,#3173,.F.);
#4221=ORIENTED_EDGE('',*,*,#3174,.F.);
#4222=ORIENTED_EDGE('',*,*,#3175,.F.);
#4223=ORIENTED_EDGE('',*,*,#3174,.T.);
#4224=ORIENTED_EDGE('',*,*,#3176,.F.);
#4225=ORIENTED_EDGE('',*,*,#3177,.F.);
#4226=ORIENTED_EDGE('',*,*,#3178,.F.);
#4227=ORIENTED_EDGE('',*,*,#3177,.T.);
#4228=ORIENTED_EDGE('',*,*,#3179,.F.);
#4229=ORIENTED_EDGE('',*,*,#3180,.F.);
#4230=ORIENTED_EDGE('',*,*,#3181,.F.);
#4231=ORIENTED_EDGE('',*,*,#3180,.T.);
#4232=ORIENTED_EDGE('',*,*,#3182,.F.);
#4233=ORIENTED_EDGE('',*,*,#3183,.F.);
#4234=ORIENTED_EDGE('',*,*,#3184,.F.);
#4235=ORIENTED_EDGE('',*,*,#3183,.T.);
#4236=ORIENTED_EDGE('',*,*,#3185,.F.);
#4237=ORIENTED_EDGE('',*,*,#3186,.F.);
#4238=ORIENTED_EDGE('',*,*,#3187,.F.);
#4239=ORIENTED_EDGE('',*,*,#3186,.T.);
#4240=ORIENTED_EDGE('',*,*,#3188,.F.);
#4241=ORIENTED_EDGE('',*,*,#3189,.F.);
#4242=ORIENTED_EDGE('',*,*,#3190,.F.);
#4243=ORIENTED_EDGE('',*,*,#3189,.T.);
#4244=ORIENTED_EDGE('',*,*,#3191,.F.);
#4245=ORIENTED_EDGE('',*,*,#3192,.F.);
#4246=ORIENTED_EDGE('',*,*,#3193,.F.);
#4247=ORIENTED_EDGE('',*,*,#3192,.T.);
#4248=ORIENTED_EDGE('',*,*,#3194,.F.);
#4249=ORIENTED_EDGE('',*,*,#3195,.F.);
#4250=ORIENTED_EDGE('',*,*,#3196,.F.);
#4251=ORIENTED_EDGE('',*,*,#3195,.T.);
#4252=ORIENTED_EDGE('',*,*,#3197,.F.);
#4253=ORIENTED_EDGE('',*,*,#3198,.F.);
#4254=ORIENTED_EDGE('',*,*,#3199,.F.);
#4255=ORIENTED_EDGE('',*,*,#3198,.T.);
#4256=ORIENTED_EDGE('',*,*,#3200,.F.);
#4257=ORIENTED_EDGE('',*,*,#3201,.F.);
#4258=ORIENTED_EDGE('',*,*,#3202,.F.);
#4259=ORIENTED_EDGE('',*,*,#3201,.T.);
#4260=ORIENTED_EDGE('',*,*,#3203,.F.);
#4261=ORIENTED_EDGE('',*,*,#3204,.F.);
#4262=ORIENTED_EDGE('',*,*,#3205,.F.);
#4263=ORIENTED_EDGE('',*,*,#3204,.T.);
#4264=ORIENTED_EDGE('',*,*,#3206,.F.);
#4265=ORIENTED_EDGE('',*,*,#3207,.F.);
#4266=ORIENTED_EDGE('',*,*,#3208,.F.);
#4267=ORIENTED_EDGE('',*,*,#3207,.T.);
#4268=ORIENTED_EDGE('',*,*,#3209,.F.);
#4269=ORIENTED_EDGE('',*,*,#3210,.F.);
#4270=ORIENTED_EDGE('',*,*,#3211,.F.);
#4271=ORIENTED_EDGE('',*,*,#3210,.T.);
#4272=ORIENTED_EDGE('',*,*,#3212,.F.);
#4273=ORIENTED_EDGE('',*,*,#3213,.F.);
#4274=ORIENTED_EDGE('',*,*,#3214,.F.);
#4275=ORIENTED_EDGE('',*,*,#3213,.T.);
#4276=ORIENTED_EDGE('',*,*,#3215,.F.);
#4277=ORIENTED_EDGE('',*,*,#3216,.F.);
#4278=ORIENTED_EDGE('',*,*,#3217,.F.);
#4279=ORIENTED_EDGE('',*,*,#3216,.T.);
#4280=ORIENTED_EDGE('',*,*,#3218,.F.);
#4281=ORIENTED_EDGE('',*,*,#3219,.F.);
#4282=ORIENTED_EDGE('',*,*,#3220,.F.);
#4283=ORIENTED_EDGE('',*,*,#3219,.T.);
#4284=ORIENTED_EDGE('',*,*,#3221,.F.);
#4285=ORIENTED_EDGE('',*,*,#3222,.F.);
#4286=ORIENTED_EDGE('',*,*,#3223,.F.);
#4287=ORIENTED_EDGE('',*,*,#3222,.T.);
#4288=ORIENTED_EDGE('',*,*,#3224,.F.);
#4289=ORIENTED_EDGE('',*,*,#3225,.F.);
#4290=ORIENTED_EDGE('',*,*,#3226,.F.);
#4291=ORIENTED_EDGE('',*,*,#3225,.T.);
#4292=ORIENTED_EDGE('',*,*,#3227,.F.);
#4293=ORIENTED_EDGE('',*,*,#3228,.F.);
#4294=ORIENTED_EDGE('',*,*,#3229,.F.);
#4295=ORIENTED_EDGE('',*,*,#3228,.T.);
#4296=ORIENTED_EDGE('',*,*,#3230,.F.);
#4297=ORIENTED_EDGE('',*,*,#3231,.F.);
#4298=ORIENTED_EDGE('',*,*,#3232,.F.);
#4299=ORIENTED_EDGE('',*,*,#3231,.T.);
#4300=ORIENTED_EDGE('',*,*,#3233,.F.);
#4301=ORIENTED_EDGE('',*,*,#3234,.F.);
#4302=ORIENTED_EDGE('',*,*,#3235,.F.);
#4303=ORIENTED_EDGE('',*,*,#3234,.T.);
#4304=ORIENTED_EDGE('',*,*,#3236,.F.);
#4305=ORIENTED_EDGE('',*,*,#3237,.F.);
#4306=ORIENTED_EDGE('',*,*,#3238,.F.);
#4307=ORIENTED_EDGE('',*,*,#3237,.T.);
#4308=ORIENTED_EDGE('',*,*,#3239,.F.);
#4309=ORIENTED_EDGE('',*,*,#3240,.F.);
#4310=ORIENTED_EDGE('',*,*,#3241,.F.);
#4311=ORIENTED_EDGE('',*,*,#3240,.T.);
#4312=ORIENTED_EDGE('',*,*,#3242,.F.);
#4313=ORIENTED_EDGE('',*,*,#3243,.F.);
#4314=ORIENTED_EDGE('',*,*,#3244,.F.);
#4315=ORIENTED_EDGE('',*,*,#3243,.T.);
#4316=ORIENTED_EDGE('',*,*,#3245,.F.);
#4317=ORIENTED_EDGE('',*,*,#3246,.F.);
#4318=ORIENTED_EDGE('',*,*,#3247,.F.);
#4319=ORIENTED_EDGE('',*,*,#3246,.T.);
#4320=ORIENTED_EDGE('',*,*,#3248,.F.);
#4321=ORIENTED_EDGE('',*,*,#3249,.F.);
#4322=ORIENTED_EDGE('',*,*,#3250,.F.);
#4323=ORIENTED_EDGE('',*,*,#3249,.T.);
#4324=ORIENTED_EDGE('',*,*,#3251,.F.);
#4325=ORIENTED_EDGE('',*,*,#3252,.F.);
#4326=ORIENTED_EDGE('',*,*,#3253,.F.);
#4327=ORIENTED_EDGE('',*,*,#3252,.T.);
#4328=ORIENTED_EDGE('',*,*,#3254,.F.);
#4329=ORIENTED_EDGE('',*,*,#3255,.F.);
#4330=ORIENTED_EDGE('',*,*,#3256,.F.);
#4331=ORIENTED_EDGE('',*,*,#3255,.T.);
#4332=ORIENTED_EDGE('',*,*,#3257,.F.);
#4333=ORIENTED_EDGE('',*,*,#3258,.F.);
#4334=ORIENTED_EDGE('',*,*,#3259,.F.);
#4335=ORIENTED_EDGE('',*,*,#3258,.T.);
#4336=ORIENTED_EDGE('',*,*,#3260,.F.);
#4337=ORIENTED_EDGE('',*,*,#3261,.F.);
#4338=ORIENTED_EDGE('',*,*,#3262,.F.);
#4339=ORIENTED_EDGE('',*,*,#3261,.T.);
#4340=ORIENTED_EDGE('',*,*,#3263,.F.);
#4341=ORIENTED_EDGE('',*,*,#3264,.F.);
#4342=ORIENTED_EDGE('',*,*,#3265,.F.);
#4343=ORIENTED_EDGE('',*,*,#3264,.T.);
#4344=ORIENTED_EDGE('',*,*,#3266,.F.);
#4345=ORIENTED_EDGE('',*,*,#3267,.F.);
#4346=ORIENTED_EDGE('',*,*,#3268,.F.);
#4347=ORIENTED_EDGE('',*,*,#3267,.T.);
#4348=ORIENTED_EDGE('',*,*,#3269,.F.);
#4349=ORIENTED_EDGE('',*,*,#3270,.F.);
#4350=ORIENTED_EDGE('',*,*,#3271,.F.);
#4351=ORIENTED_EDGE('',*,*,#3270,.T.);
#4352=ORIENTED_EDGE('',*,*,#3272,.F.);
#4353=ORIENTED_EDGE('',*,*,#3273,.F.);
#4354=ORIENTED_EDGE('',*,*,#3274,.F.);
#4355=ORIENTED_EDGE('',*,*,#3273,.T.);
#4356=ORIENTED_EDGE('',*,*,#3275,.F.);
#4357=ORIENTED_EDGE('',*,*,#3276,.F.);
#4358=ORIENTED_EDGE('',*,*,#3277,.F.);
#4359=ORIENTED_EDGE('',*,*,#3276,.T.);
#4360=ORIENTED_EDGE('',*,*,#3278,.F.);
#4361=ORIENTED_EDGE('',*,*,#3279,.F.);
#4362=ORIENTED_EDGE('',*,*,#3280,.F.);
#4363=ORIENTED_EDGE('',*,*,#3279,.T.);
#4364=ORIENTED_EDGE('',*,*,#3281,.F.);
#4365=ORIENTED_EDGE('',*,*,#3282,.F.);
#4366=ORIENTED_EDGE('',*,*,#3283,.F.);
#4367=ORIENTED_EDGE('',*,*,#3282,.T.);
#4368=ORIENTED_EDGE('',*,*,#3284,.F.);
#4369=ORIENTED_EDGE('',*,*,#3285,.F.);
#4370=ORIENTED_EDGE('',*,*,#3286,.F.);
#4371=ORIENTED_EDGE('',*,*,#3285,.T.);
#4372=ORIENTED_EDGE('',*,*,#3287,.F.);
#4373=ORIENTED_EDGE('',*,*,#3288,.F.);
#4374=ORIENTED_EDGE('',*,*,#3289,.F.);
#4375=ORIENTED_EDGE('',*,*,#3288,.T.);
#4376=ORIENTED_EDGE('',*,*,#3290,.F.);
#4377=ORIENTED_EDGE('',*,*,#3291,.F.);
#4378=ORIENTED_EDGE('',*,*,#3292,.F.);
#4379=ORIENTED_EDGE('',*,*,#3291,.T.);
#4380=ORIENTED_EDGE('',*,*,#3293,.F.);
#4381=ORIENTED_EDGE('',*,*,#3294,.F.);
#4382=ORIENTED_EDGE('',*,*,#3295,.F.);
#4383=ORIENTED_EDGE('',*,*,#3294,.T.);
#4384=ORIENTED_EDGE('',*,*,#3296,.F.);
#4385=ORIENTED_EDGE('',*,*,#3297,.F.);
#4386=ORIENTED_EDGE('',*,*,#3298,.F.);
#4387=ORIENTED_EDGE('',*,*,#3297,.T.);
#4388=ORIENTED_EDGE('',*,*,#3299,.F.);
#4389=ORIENTED_EDGE('',*,*,#3300,.F.);
#4390=ORIENTED_EDGE('',*,*,#3301,.F.);
#4391=ORIENTED_EDGE('',*,*,#3300,.T.);
#4392=ORIENTED_EDGE('',*,*,#3302,.F.);
#4393=ORIENTED_EDGE('',*,*,#3303,.F.);
#4394=ORIENTED_EDGE('',*,*,#3304,.F.);
#4395=ORIENTED_EDGE('',*,*,#3303,.T.);
#4396=ORIENTED_EDGE('',*,*,#3305,.F.);
#4397=ORIENTED_EDGE('',*,*,#3306,.F.);
#4398=ORIENTED_EDGE('',*,*,#3307,.T.);
#4399=ORIENTED_EDGE('',*,*,#3306,.T.);
#4400=ORIENTED_EDGE('',*,*,#3308,.F.);
#4401=ORIENTED_EDGE('',*,*,#3309,.F.);
#4402=ORIENTED_EDGE('',*,*,#3310,.F.);
#4403=ORIENTED_EDGE('',*,*,#3309,.T.);
#4404=ORIENTED_EDGE('',*,*,#3311,.F.);
#4405=ORIENTED_EDGE('',*,*,#3312,.F.);
#4406=ORIENTED_EDGE('',*,*,#3313,.F.);
#4407=ORIENTED_EDGE('',*,*,#3312,.T.);
#4408=ORIENTED_EDGE('',*,*,#3314,.F.);
#4409=ORIENTED_EDGE('',*,*,#3315,.F.);
#4410=ORIENTED_EDGE('',*,*,#3316,.F.);
#4411=ORIENTED_EDGE('',*,*,#3315,.T.);
#4412=ORIENTED_EDGE('',*,*,#3317,.F.);
#4413=ORIENTED_EDGE('',*,*,#3318,.F.);
#4414=ORIENTED_EDGE('',*,*,#3319,.T.);
#4415=ORIENTED_EDGE('',*,*,#3318,.T.);
#4416=ORIENTED_EDGE('',*,*,#3320,.F.);
#4417=ORIENTED_EDGE('',*,*,#3321,.F.);
#4418=ORIENTED_EDGE('',*,*,#3322,.F.);
#4419=ORIENTED_EDGE('',*,*,#3321,.T.);
#4420=ORIENTED_EDGE('',*,*,#3323,.F.);
#4421=ORIENTED_EDGE('',*,*,#3324,.F.);
#4422=ORIENTED_EDGE('',*,*,#3325,.F.);
#4423=ORIENTED_EDGE('',*,*,#3324,.T.);
#4424=ORIENTED_EDGE('',*,*,#3326,.F.);
#4425=ORIENTED_EDGE('',*,*,#3327,.F.);
#4426=ORIENTED_EDGE('',*,*,#3328,.F.);
#4427=ORIENTED_EDGE('',*,*,#3327,.T.);
#4428=ORIENTED_EDGE('',*,*,#3329,.F.);
#4429=ORIENTED_EDGE('',*,*,#3330,.F.);
#4430=ORIENTED_EDGE('',*,*,#3331,.F.);
#4431=ORIENTED_EDGE('',*,*,#3330,.T.);
#4432=ORIENTED_EDGE('',*,*,#3332,.F.);
#4433=ORIENTED_EDGE('',*,*,#3333,.F.);
#4434=ORIENTED_EDGE('',*,*,#3334,.F.);
#4435=ORIENTED_EDGE('',*,*,#3333,.T.);
#4436=ORIENTED_EDGE('',*,*,#3335,.F.);
#4437=ORIENTED_EDGE('',*,*,#3336,.F.);
#4438=ORIENTED_EDGE('',*,*,#3337,.F.);
#4439=ORIENTED_EDGE('',*,*,#3336,.T.);
#4440=ORIENTED_EDGE('',*,*,#3338,.F.);
#4441=ORIENTED_EDGE('',*,*,#3339,.F.);
#4442=ORIENTED_EDGE('',*,*,#3340,.F.);
#4443=ORIENTED_EDGE('',*,*,#3339,.T.);
#4444=ORIENTED_EDGE('',*,*,#3341,.F.);
#4445=ORIENTED_EDGE('',*,*,#3342,.F.);
#4446=ORIENTED_EDGE('',*,*,#3343,.F.);
#4447=ORIENTED_EDGE('',*,*,#3342,.T.);
#4448=ORIENTED_EDGE('',*,*,#3344,.F.);
#4449=ORIENTED_EDGE('',*,*,#3345,.F.);
#4450=ORIENTED_EDGE('',*,*,#3346,.F.);
#4451=ORIENTED_EDGE('',*,*,#3345,.T.);
#4452=ORIENTED_EDGE('',*,*,#3347,.F.);
#4453=ORIENTED_EDGE('',*,*,#3348,.F.);
#4454=ORIENTED_EDGE('',*,*,#3349,.F.);
#4455=ORIENTED_EDGE('',*,*,#3348,.T.);
#4456=ORIENTED_EDGE('',*,*,#3350,.F.);
#4457=ORIENTED_EDGE('',*,*,#3351,.F.);
#4458=ORIENTED_EDGE('',*,*,#3352,.F.);
#4459=ORIENTED_EDGE('',*,*,#3351,.T.);
#4460=ORIENTED_EDGE('',*,*,#3353,.F.);
#4461=ORIENTED_EDGE('',*,*,#3354,.F.);
#4462=ORIENTED_EDGE('',*,*,#3355,.F.);
#4463=ORIENTED_EDGE('',*,*,#3354,.T.);
#4464=ORIENTED_EDGE('',*,*,#3356,.F.);
#4465=ORIENTED_EDGE('',*,*,#3357,.F.);
#4466=ORIENTED_EDGE('',*,*,#3358,.F.);
#4467=ORIENTED_EDGE('',*,*,#3357,.T.);
#4468=ORIENTED_EDGE('',*,*,#3359,.F.);
#4469=ORIENTED_EDGE('',*,*,#3360,.F.);
#4470=ORIENTED_EDGE('',*,*,#3361,.F.);
#4471=ORIENTED_EDGE('',*,*,#3360,.T.);
#4472=ORIENTED_EDGE('',*,*,#3362,.F.);
#4473=ORIENTED_EDGE('',*,*,#3363,.F.);
#4474=ORIENTED_EDGE('',*,*,#3364,.F.);
#4475=ORIENTED_EDGE('',*,*,#3363,.T.);
#4476=ORIENTED_EDGE('',*,*,#3365,.F.);
#4477=ORIENTED_EDGE('',*,*,#3366,.F.);
#4478=ORIENTED_EDGE('',*,*,#3367,.F.);
#4479=ORIENTED_EDGE('',*,*,#3366,.T.);
#4480=ORIENTED_EDGE('',*,*,#3368,.F.);
#4481=ORIENTED_EDGE('',*,*,#3369,.F.);
#4482=ORIENTED_EDGE('',*,*,#3370,.F.);
#4483=ORIENTED_EDGE('',*,*,#3369,.T.);
#4484=ORIENTED_EDGE('',*,*,#3371,.F.);
#4485=ORIENTED_EDGE('',*,*,#3372,.F.);
#4486=ORIENTED_EDGE('',*,*,#3373,.F.);
#4487=ORIENTED_EDGE('',*,*,#3372,.T.);
#4488=ORIENTED_EDGE('',*,*,#3374,.F.);
#4489=ORIENTED_EDGE('',*,*,#3375,.F.);
#4490=ORIENTED_EDGE('',*,*,#3376,.F.);
#4491=ORIENTED_EDGE('',*,*,#3375,.T.);
#4492=ORIENTED_EDGE('',*,*,#3377,.F.);
#4493=ORIENTED_EDGE('',*,*,#3378,.F.);
#4494=ORIENTED_EDGE('',*,*,#3379,.F.);
#4495=ORIENTED_EDGE('',*,*,#3378,.T.);
#4496=ORIENTED_EDGE('',*,*,#3380,.F.);
#4497=ORIENTED_EDGE('',*,*,#3381,.F.);
#4498=ORIENTED_EDGE('',*,*,#3382,.F.);
#4499=ORIENTED_EDGE('',*,*,#3381,.T.);
#4500=ORIENTED_EDGE('',*,*,#3383,.F.);
#4501=ORIENTED_EDGE('',*,*,#3384,.F.);
#4502=ORIENTED_EDGE('',*,*,#3385,.F.);
#4503=ORIENTED_EDGE('',*,*,#3384,.T.);
#4504=ORIENTED_EDGE('',*,*,#3386,.F.);
#4505=ORIENTED_EDGE('',*,*,#3387,.F.);
#4506=ORIENTED_EDGE('',*,*,#3388,.F.);
#4507=ORIENTED_EDGE('',*,*,#3387,.T.);
#4508=ORIENTED_EDGE('',*,*,#3389,.F.);
#4509=ORIENTED_EDGE('',*,*,#3390,.F.);
#4510=ORIENTED_EDGE('',*,*,#3391,.F.);
#4511=ORIENTED_EDGE('',*,*,#3390,.T.);
#4512=ORIENTED_EDGE('',*,*,#3392,.F.);
#4513=ORIENTED_EDGE('',*,*,#3393,.F.);
#4514=ORIENTED_EDGE('',*,*,#3394,.F.);
#4515=ORIENTED_EDGE('',*,*,#3393,.T.);
#4516=ORIENTED_EDGE('',*,*,#3395,.F.);
#4517=ORIENTED_EDGE('',*,*,#3396,.F.);
#4518=ORIENTED_EDGE('',*,*,#3397,.F.);
#4519=ORIENTED_EDGE('',*,*,#3396,.T.);
#4520=ORIENTED_EDGE('',*,*,#3398,.F.);
#4521=ORIENTED_EDGE('',*,*,#3399,.F.);
#4522=ORIENTED_EDGE('',*,*,#3400,.F.);
#4523=ORIENTED_EDGE('',*,*,#3399,.T.);
#4524=ORIENTED_EDGE('',*,*,#3401,.F.);
#4525=ORIENTED_EDGE('',*,*,#3402,.F.);
#4526=ORIENTED_EDGE('',*,*,#3403,.F.);
#4527=ORIENTED_EDGE('',*,*,#3402,.T.);
#4528=ORIENTED_EDGE('',*,*,#3404,.F.);
#4529=ORIENTED_EDGE('',*,*,#3405,.F.);
#4530=ORIENTED_EDGE('',*,*,#3406,.F.);
#4531=ORIENTED_EDGE('',*,*,#3405,.T.);
#4532=ORIENTED_EDGE('',*,*,#3407,.F.);
#4533=ORIENTED_EDGE('',*,*,#3408,.F.);
#4534=ORIENTED_EDGE('',*,*,#3409,.F.);
#4535=ORIENTED_EDGE('',*,*,#3408,.T.);
#4536=ORIENTED_EDGE('',*,*,#3410,.F.);
#4537=ORIENTED_EDGE('',*,*,#3411,.F.);
#4538=ORIENTED_EDGE('',*,*,#3412,.F.);
#4539=ORIENTED_EDGE('',*,*,#3411,.T.);
#4540=ORIENTED_EDGE('',*,*,#3413,.F.);
#4541=ORIENTED_EDGE('',*,*,#3414,.F.);
#4542=ORIENTED_EDGE('',*,*,#3415,.F.);
#4543=ORIENTED_EDGE('',*,*,#3414,.T.);
#4544=ORIENTED_EDGE('',*,*,#3416,.F.);
#4545=ORIENTED_EDGE('',*,*,#3417,.F.);
#4546=ORIENTED_EDGE('',*,*,#3418,.F.);
#4547=ORIENTED_EDGE('',*,*,#3417,.T.);
#4548=ORIENTED_EDGE('',*,*,#3419,.F.);
#4549=ORIENTED_EDGE('',*,*,#3420,.F.);
#4550=ORIENTED_EDGE('',*,*,#3421,.F.);
#4551=ORIENTED_EDGE('',*,*,#3420,.T.);
#4552=ORIENTED_EDGE('',*,*,#3422,.F.);
#4553=ORIENTED_EDGE('',*,*,#3423,.F.);
#4554=ORIENTED_EDGE('',*,*,#3424,.F.);
#4555=ORIENTED_EDGE('',*,*,#3423,.T.);
#4556=ORIENTED_EDGE('',*,*,#3425,.F.);
#4557=ORIENTED_EDGE('',*,*,#3426,.F.);
#4558=ORIENTED_EDGE('',*,*,#3427,.F.);
#4559=ORIENTED_EDGE('',*,*,#3426,.T.);
#4560=ORIENTED_EDGE('',*,*,#3428,.F.);
#4561=ORIENTED_EDGE('',*,*,#3429,.F.);
#4562=ORIENTED_EDGE('',*,*,#3430,.F.);
#4563=ORIENTED_EDGE('',*,*,#3429,.T.);
#4564=ORIENTED_EDGE('',*,*,#3431,.F.);
#4565=ORIENTED_EDGE('',*,*,#3432,.F.);
#4566=ORIENTED_EDGE('',*,*,#3433,.F.);
#4567=ORIENTED_EDGE('',*,*,#3432,.T.);
#4568=ORIENTED_EDGE('',*,*,#3434,.F.);
#4569=ORIENTED_EDGE('',*,*,#3435,.F.);
#4570=ORIENTED_EDGE('',*,*,#3436,.F.);
#4571=ORIENTED_EDGE('',*,*,#3435,.T.);
#4572=ORIENTED_EDGE('',*,*,#3437,.F.);
#4573=ORIENTED_EDGE('',*,*,#3438,.F.);
#4574=ORIENTED_EDGE('',*,*,#3439,.F.);
#4575=ORIENTED_EDGE('',*,*,#3438,.T.);
#4576=ORIENTED_EDGE('',*,*,#3440,.F.);
#4577=ORIENTED_EDGE('',*,*,#3441,.F.);
#4578=ORIENTED_EDGE('',*,*,#3442,.F.);
#4579=ORIENTED_EDGE('',*,*,#3441,.T.);
#4580=ORIENTED_EDGE('',*,*,#3443,.F.);
#4581=ORIENTED_EDGE('',*,*,#3444,.F.);
#4582=ORIENTED_EDGE('',*,*,#3445,.F.);
#4583=ORIENTED_EDGE('',*,*,#3444,.T.);
#4584=ORIENTED_EDGE('',*,*,#3446,.F.);
#4585=ORIENTED_EDGE('',*,*,#3447,.F.);
#4586=ORIENTED_EDGE('',*,*,#3448,.F.);
#4587=ORIENTED_EDGE('',*,*,#3447,.T.);
#4588=ORIENTED_EDGE('',*,*,#3449,.F.);
#4589=ORIENTED_EDGE('',*,*,#3450,.F.);
#4590=ORIENTED_EDGE('',*,*,#3451,.F.);
#4591=ORIENTED_EDGE('',*,*,#3450,.T.);
#4592=ORIENTED_EDGE('',*,*,#3452,.F.);
#4593=ORIENTED_EDGE('',*,*,#3453,.F.);
#4594=ORIENTED_EDGE('',*,*,#3454,.F.);
#4595=ORIENTED_EDGE('',*,*,#3453,.T.);
#4596=ORIENTED_EDGE('',*,*,#3455,.F.);
#4597=ORIENTED_EDGE('',*,*,#3456,.F.);
#4598=ORIENTED_EDGE('',*,*,#3457,.F.);
#4599=ORIENTED_EDGE('',*,*,#3456,.T.);
#4600=ORIENTED_EDGE('',*,*,#3458,.F.);
#4601=ORIENTED_EDGE('',*,*,#3459,.F.);
#4602=ORIENTED_EDGE('',*,*,#3460,.F.);
#4603=ORIENTED_EDGE('',*,*,#3459,.T.);
#4604=ORIENTED_EDGE('',*,*,#3461,.F.);
#4605=ORIENTED_EDGE('',*,*,#3462,.F.);
#4606=ORIENTED_EDGE('',*,*,#3463,.F.);
#4607=ORIENTED_EDGE('',*,*,#3462,.T.);
#4608=ORIENTED_EDGE('',*,*,#3464,.F.);
#4609=ORIENTED_EDGE('',*,*,#3465,.F.);
#4610=ORIENTED_EDGE('',*,*,#3466,.F.);
#4611=ORIENTED_EDGE('',*,*,#3465,.T.);
#4612=ORIENTED_EDGE('',*,*,#3467,.F.);
#4613=ORIENTED_EDGE('',*,*,#3468,.F.);
#4614=ORIENTED_EDGE('',*,*,#3469,.F.);
#4615=ORIENTED_EDGE('',*,*,#3468,.T.);
#4616=ORIENTED_EDGE('',*,*,#3470,.F.);
#4617=ORIENTED_EDGE('',*,*,#3471,.F.);
#4618=ORIENTED_EDGE('',*,*,#3472,.F.);
#4619=ORIENTED_EDGE('',*,*,#3471,.T.);
#4620=ORIENTED_EDGE('',*,*,#3473,.F.);
#4621=ORIENTED_EDGE('',*,*,#3474,.F.);
#4622=ORIENTED_EDGE('',*,*,#3475,.F.);
#4623=ORIENTED_EDGE('',*,*,#3474,.T.);
#4624=ORIENTED_EDGE('',*,*,#3476,.F.);
#4625=ORIENTED_EDGE('',*,*,#3477,.F.);
#4626=ORIENTED_EDGE('',*,*,#3478,.F.);
#4627=ORIENTED_EDGE('',*,*,#3477,.T.);
#4628=ORIENTED_EDGE('',*,*,#3479,.F.);
#4629=ORIENTED_EDGE('',*,*,#3480,.F.);
#4630=ORIENTED_EDGE('',*,*,#3481,.F.);
#4631=ORIENTED_EDGE('',*,*,#3480,.T.);
#4632=ORIENTED_EDGE('',*,*,#3482,.F.);
#4633=ORIENTED_EDGE('',*,*,#3483,.F.);
#4634=ORIENTED_EDGE('',*,*,#3484,.F.);
#4635=ORIENTED_EDGE('',*,*,#3483,.T.);
#4636=ORIENTED_EDGE('',*,*,#3485,.F.);
#4637=ORIENTED_EDGE('',*,*,#3486,.F.);
#4638=ORIENTED_EDGE('',*,*,#3487,.F.);
#4639=ORIENTED_EDGE('',*,*,#3486,.T.);
#4640=ORIENTED_EDGE('',*,*,#3488,.F.);
#4641=ORIENTED_EDGE('',*,*,#3489,.F.);
#4642=ORIENTED_EDGE('',*,*,#3490,.F.);
#4643=ORIENTED_EDGE('',*,*,#3489,.T.);
#4644=ORIENTED_EDGE('',*,*,#3491,.F.);
#4645=ORIENTED_EDGE('',*,*,#3492,.F.);
#4646=ORIENTED_EDGE('',*,*,#3493,.F.);
#4647=ORIENTED_EDGE('',*,*,#3492,.T.);
#4648=ORIENTED_EDGE('',*,*,#3494,.F.);
#4649=ORIENTED_EDGE('',*,*,#3495,.F.);
#4650=ORIENTED_EDGE('',*,*,#3496,.F.);
#4651=ORIENTED_EDGE('',*,*,#3495,.T.);
#4652=ORIENTED_EDGE('',*,*,#3497,.F.);
#4653=ORIENTED_EDGE('',*,*,#3498,.F.);
#4654=ORIENTED_EDGE('',*,*,#3499,.F.);
#4655=ORIENTED_EDGE('',*,*,#3498,.T.);
#4656=ORIENTED_EDGE('',*,*,#3500,.F.);
#4657=ORIENTED_EDGE('',*,*,#3501,.F.);
#4658=ORIENTED_EDGE('',*,*,#3502,.F.);
#4659=ORIENTED_EDGE('',*,*,#3501,.T.);
#4660=ORIENTED_EDGE('',*,*,#3503,.F.);
#4661=ORIENTED_EDGE('',*,*,#3504,.F.);
#4662=ORIENTED_EDGE('',*,*,#3505,.F.);
#4663=ORIENTED_EDGE('',*,*,#3504,.T.);
#4664=ORIENTED_EDGE('',*,*,#3506,.F.);
#4665=ORIENTED_EDGE('',*,*,#3507,.F.);
#4666=ORIENTED_EDGE('',*,*,#3508,.F.);
#4667=ORIENTED_EDGE('',*,*,#3507,.T.);
#4668=ORIENTED_EDGE('',*,*,#3509,.F.);
#4669=ORIENTED_EDGE('',*,*,#3510,.F.);
#4670=ORIENTED_EDGE('',*,*,#3511,.F.);
#4671=ORIENTED_EDGE('',*,*,#3510,.T.);
#4672=ORIENTED_EDGE('',*,*,#3512,.F.);
#4673=ORIENTED_EDGE('',*,*,#2722,.F.);
#4674=ORIENTED_EDGE('',*,*,#3511,.T.);
#4675=ORIENTED_EDGE('',*,*,#2721,.T.);
#4676=ORIENTED_EDGE('',*,*,#2725,.T.);
#4677=ORIENTED_EDGE('',*,*,#2728,.T.);
#4678=ORIENTED_EDGE('',*,*,#2731,.T.);
#4679=ORIENTED_EDGE('',*,*,#2734,.T.);
#4680=ORIENTED_EDGE('',*,*,#2737,.T.);
#4681=ORIENTED_EDGE('',*,*,#2740,.T.);
#4682=ORIENTED_EDGE('',*,*,#2743,.T.);
#4683=ORIENTED_EDGE('',*,*,#2746,.T.);
#4684=ORIENTED_EDGE('',*,*,#2749,.T.);
#4685=ORIENTED_EDGE('',*,*,#2752,.T.);
#4686=ORIENTED_EDGE('',*,*,#2755,.T.);
#4687=ORIENTED_EDGE('',*,*,#2758,.T.);
#4688=ORIENTED_EDGE('',*,*,#2761,.T.);
#4689=ORIENTED_EDGE('',*,*,#2764,.T.);
#4690=ORIENTED_EDGE('',*,*,#2767,.T.);
#4691=ORIENTED_EDGE('',*,*,#2770,.T.);
#4692=ORIENTED_EDGE('',*,*,#2773,.T.);
#4693=ORIENTED_EDGE('',*,*,#2776,.T.);
#4694=ORIENTED_EDGE('',*,*,#2779,.T.);
#4695=ORIENTED_EDGE('',*,*,#2782,.T.);
#4696=ORIENTED_EDGE('',*,*,#2785,.T.);
#4697=ORIENTED_EDGE('',*,*,#2788,.T.);
#4698=ORIENTED_EDGE('',*,*,#2791,.T.);
#4699=ORIENTED_EDGE('',*,*,#2794,.T.);
#4700=ORIENTED_EDGE('',*,*,#2797,.T.);
#4701=ORIENTED_EDGE('',*,*,#2800,.T.);
#4702=ORIENTED_EDGE('',*,*,#2803,.T.);
#4703=ORIENTED_EDGE('',*,*,#2806,.T.);
#4704=ORIENTED_EDGE('',*,*,#2809,.T.);
#4705=ORIENTED_EDGE('',*,*,#2812,.T.);
#4706=ORIENTED_EDGE('',*,*,#2815,.T.);
#4707=ORIENTED_EDGE('',*,*,#2818,.T.);
#4708=ORIENTED_EDGE('',*,*,#2821,.T.);
#4709=ORIENTED_EDGE('',*,*,#2824,.T.);
#4710=ORIENTED_EDGE('',*,*,#2827,.T.);
#4711=ORIENTED_EDGE('',*,*,#2830,.T.);
#4712=ORIENTED_EDGE('',*,*,#2833,.T.);
#4713=ORIENTED_EDGE('',*,*,#2836,.T.);
#4714=ORIENTED_EDGE('',*,*,#2839,.T.);
#4715=ORIENTED_EDGE('',*,*,#2842,.T.);
#4716=ORIENTED_EDGE('',*,*,#2845,.T.);
#4717=ORIENTED_EDGE('',*,*,#2848,.T.);
#4718=ORIENTED_EDGE('',*,*,#2851,.T.);
#4719=ORIENTED_EDGE('',*,*,#2854,.T.);
#4720=ORIENTED_EDGE('',*,*,#2857,.T.);
#4721=ORIENTED_EDGE('',*,*,#2860,.T.);
#4722=ORIENTED_EDGE('',*,*,#2863,.T.);
#4723=ORIENTED_EDGE('',*,*,#2866,.T.);
#4724=ORIENTED_EDGE('',*,*,#2869,.T.);
#4725=ORIENTED_EDGE('',*,*,#2872,.T.);
#4726=ORIENTED_EDGE('',*,*,#2875,.T.);
#4727=ORIENTED_EDGE('',*,*,#2878,.T.);
#4728=ORIENTED_EDGE('',*,*,#2881,.T.);
#4729=ORIENTED_EDGE('',*,*,#2884,.T.);
#4730=ORIENTED_EDGE('',*,*,#2887,.T.);
#4731=ORIENTED_EDGE('',*,*,#2890,.T.);
#4732=ORIENTED_EDGE('',*,*,#2893,.T.);
#4733=ORIENTED_EDGE('',*,*,#2896,.T.);
#4734=ORIENTED_EDGE('',*,*,#2899,.T.);
#4735=ORIENTED_EDGE('',*,*,#2902,.T.);
#4736=ORIENTED_EDGE('',*,*,#2905,.T.);
#4737=ORIENTED_EDGE('',*,*,#2908,.T.);
#4738=ORIENTED_EDGE('',*,*,#2911,.T.);
#4739=ORIENTED_EDGE('',*,*,#2914,.T.);
#4740=ORIENTED_EDGE('',*,*,#2917,.T.);
#4741=ORIENTED_EDGE('',*,*,#2920,.T.);
#4742=ORIENTED_EDGE('',*,*,#2923,.T.);
#4743=ORIENTED_EDGE('',*,*,#2926,.T.);
#4744=ORIENTED_EDGE('',*,*,#2929,.T.);
#4745=ORIENTED_EDGE('',*,*,#2932,.T.);
#4746=ORIENTED_EDGE('',*,*,#2935,.T.);
#4747=ORIENTED_EDGE('',*,*,#2938,.T.);
#4748=ORIENTED_EDGE('',*,*,#2941,.T.);
#4749=ORIENTED_EDGE('',*,*,#2944,.T.);
#4750=ORIENTED_EDGE('',*,*,#2947,.T.);
#4751=ORIENTED_EDGE('',*,*,#2950,.T.);
#4752=ORIENTED_EDGE('',*,*,#2953,.T.);
#4753=ORIENTED_EDGE('',*,*,#2956,.T.);
#4754=ORIENTED_EDGE('',*,*,#2959,.T.);
#4755=ORIENTED_EDGE('',*,*,#2962,.T.);
#4756=ORIENTED_EDGE('',*,*,#2965,.T.);
#4757=ORIENTED_EDGE('',*,*,#2968,.T.);
#4758=ORIENTED_EDGE('',*,*,#2971,.T.);
#4759=ORIENTED_EDGE('',*,*,#2974,.T.);
#4760=ORIENTED_EDGE('',*,*,#2977,.T.);
#4761=ORIENTED_EDGE('',*,*,#2980,.T.);
#4762=ORIENTED_EDGE('',*,*,#2983,.T.);
#4763=ORIENTED_EDGE('',*,*,#2986,.T.);
#4764=ORIENTED_EDGE('',*,*,#2989,.T.);
#4765=ORIENTED_EDGE('',*,*,#2992,.T.);
#4766=ORIENTED_EDGE('',*,*,#2995,.T.);
#4767=ORIENTED_EDGE('',*,*,#2998,.T.);
#4768=ORIENTED_EDGE('',*,*,#3001,.T.);
#4769=ORIENTED_EDGE('',*,*,#3004,.T.);
#4770=ORIENTED_EDGE('',*,*,#3007,.T.);
#4771=ORIENTED_EDGE('',*,*,#3010,.T.);
#4772=ORIENTED_EDGE('',*,*,#3013,.T.);
#4773=ORIENTED_EDGE('',*,*,#3016,.T.);
#4774=ORIENTED_EDGE('',*,*,#3019,.T.);
#4775=ORIENTED_EDGE('',*,*,#3022,.T.);
#4776=ORIENTED_EDGE('',*,*,#3025,.T.);
#4777=ORIENTED_EDGE('',*,*,#3028,.T.);
#4778=ORIENTED_EDGE('',*,*,#3031,.T.);
#4779=ORIENTED_EDGE('',*,*,#3034,.T.);
#4780=ORIENTED_EDGE('',*,*,#3037,.T.);
#4781=ORIENTED_EDGE('',*,*,#3040,.T.);
#4782=ORIENTED_EDGE('',*,*,#3043,.T.);
#4783=ORIENTED_EDGE('',*,*,#3046,.T.);
#4784=ORIENTED_EDGE('',*,*,#3049,.T.);
#4785=ORIENTED_EDGE('',*,*,#3052,.T.);
#4786=ORIENTED_EDGE('',*,*,#3055,.T.);
#4787=ORIENTED_EDGE('',*,*,#3058,.T.);
#4788=ORIENTED_EDGE('',*,*,#3061,.T.);
#4789=ORIENTED_EDGE('',*,*,#3064,.T.);
#4790=ORIENTED_EDGE('',*,*,#3067,.T.);
#4791=ORIENTED_EDGE('',*,*,#3070,.T.);
#4792=ORIENTED_EDGE('',*,*,#3073,.T.);
#4793=ORIENTED_EDGE('',*,*,#3076,.T.);
#4794=ORIENTED_EDGE('',*,*,#3079,.T.);
#4795=ORIENTED_EDGE('',*,*,#3082,.T.);
#4796=ORIENTED_EDGE('',*,*,#3085,.T.);
#4797=ORIENTED_EDGE('',*,*,#3088,.T.);
#4798=ORIENTED_EDGE('',*,*,#3091,.T.);
#4799=ORIENTED_EDGE('',*,*,#3094,.T.);
#4800=ORIENTED_EDGE('',*,*,#3097,.T.);
#4801=ORIENTED_EDGE('',*,*,#3100,.T.);
#4802=ORIENTED_EDGE('',*,*,#3103,.T.);
#4803=ORIENTED_EDGE('',*,*,#3106,.T.);
#4804=ORIENTED_EDGE('',*,*,#3109,.T.);
#4805=ORIENTED_EDGE('',*,*,#3112,.T.);
#4806=ORIENTED_EDGE('',*,*,#3115,.T.);
#4807=ORIENTED_EDGE('',*,*,#3118,.T.);
#4808=ORIENTED_EDGE('',*,*,#3121,.T.);
#4809=ORIENTED_EDGE('',*,*,#3124,.T.);
#4810=ORIENTED_EDGE('',*,*,#3127,.T.);
#4811=ORIENTED_EDGE('',*,*,#3130,.T.);
#4812=ORIENTED_EDGE('',*,*,#3133,.T.);
#4813=ORIENTED_EDGE('',*,*,#3136,.T.);
#4814=ORIENTED_EDGE('',*,*,#3139,.T.);
#4815=ORIENTED_EDGE('',*,*,#3142,.T.);
#4816=ORIENTED_EDGE('',*,*,#3145,.T.);
#4817=ORIENTED_EDGE('',*,*,#3148,.T.);
#4818=ORIENTED_EDGE('',*,*,#3151,.T.);
#4819=ORIENTED_EDGE('',*,*,#3154,.T.);
#4820=ORIENTED_EDGE('',*,*,#3157,.T.);
#4821=ORIENTED_EDGE('',*,*,#3160,.T.);
#4822=ORIENTED_EDGE('',*,*,#3163,.T.);
#4823=ORIENTED_EDGE('',*,*,#3166,.T.);
#4824=ORIENTED_EDGE('',*,*,#3169,.T.);
#4825=ORIENTED_EDGE('',*,*,#3172,.T.);
#4826=ORIENTED_EDGE('',*,*,#3175,.T.);
#4827=ORIENTED_EDGE('',*,*,#3178,.T.);
#4828=ORIENTED_EDGE('',*,*,#3181,.T.);
#4829=ORIENTED_EDGE('',*,*,#3184,.T.);
#4830=ORIENTED_EDGE('',*,*,#3187,.T.);
#4831=ORIENTED_EDGE('',*,*,#3190,.T.);
#4832=ORIENTED_EDGE('',*,*,#3193,.T.);
#4833=ORIENTED_EDGE('',*,*,#3196,.T.);
#4834=ORIENTED_EDGE('',*,*,#3199,.T.);
#4835=ORIENTED_EDGE('',*,*,#3202,.T.);
#4836=ORIENTED_EDGE('',*,*,#3205,.T.);
#4837=ORIENTED_EDGE('',*,*,#3208,.T.);
#4838=ORIENTED_EDGE('',*,*,#3211,.T.);
#4839=ORIENTED_EDGE('',*,*,#3214,.T.);
#4840=ORIENTED_EDGE('',*,*,#3217,.T.);
#4841=ORIENTED_EDGE('',*,*,#3220,.T.);
#4842=ORIENTED_EDGE('',*,*,#3223,.T.);
#4843=ORIENTED_EDGE('',*,*,#3226,.T.);
#4844=ORIENTED_EDGE('',*,*,#3229,.T.);
#4845=ORIENTED_EDGE('',*,*,#3232,.T.);
#4846=ORIENTED_EDGE('',*,*,#3235,.T.);
#4847=ORIENTED_EDGE('',*,*,#3238,.T.);
#4848=ORIENTED_EDGE('',*,*,#3241,.T.);
#4849=ORIENTED_EDGE('',*,*,#3244,.T.);
#4850=ORIENTED_EDGE('',*,*,#3247,.T.);
#4851=ORIENTED_EDGE('',*,*,#3250,.T.);
#4852=ORIENTED_EDGE('',*,*,#3253,.T.);
#4853=ORIENTED_EDGE('',*,*,#3256,.T.);
#4854=ORIENTED_EDGE('',*,*,#3259,.T.);
#4855=ORIENTED_EDGE('',*,*,#3262,.T.);
#4856=ORIENTED_EDGE('',*,*,#3265,.T.);
#4857=ORIENTED_EDGE('',*,*,#3268,.T.);
#4858=ORIENTED_EDGE('',*,*,#3271,.T.);
#4859=ORIENTED_EDGE('',*,*,#3274,.T.);
#4860=ORIENTED_EDGE('',*,*,#3277,.T.);
#4861=ORIENTED_EDGE('',*,*,#3280,.T.);
#4862=ORIENTED_EDGE('',*,*,#3283,.T.);
#4863=ORIENTED_EDGE('',*,*,#3286,.T.);
#4864=ORIENTED_EDGE('',*,*,#3289,.T.);
#4865=ORIENTED_EDGE('',*,*,#3292,.T.);
#4866=ORIENTED_EDGE('',*,*,#3295,.T.);
#4867=ORIENTED_EDGE('',*,*,#3298,.T.);
#4868=ORIENTED_EDGE('',*,*,#3301,.T.);
#4869=ORIENTED_EDGE('',*,*,#3304,.T.);
#4870=ORIENTED_EDGE('',*,*,#3307,.F.);
#4871=ORIENTED_EDGE('',*,*,#3310,.T.);
#4872=ORIENTED_EDGE('',*,*,#3313,.T.);
#4873=ORIENTED_EDGE('',*,*,#3316,.T.);
#4874=ORIENTED_EDGE('',*,*,#3319,.F.);
#4875=ORIENTED_EDGE('',*,*,#3322,.T.);
#4876=ORIENTED_EDGE('',*,*,#3325,.T.);
#4877=ORIENTED_EDGE('',*,*,#3328,.T.);
#4878=ORIENTED_EDGE('',*,*,#3331,.T.);
#4879=ORIENTED_EDGE('',*,*,#3334,.T.);
#4880=ORIENTED_EDGE('',*,*,#3337,.T.);
#4881=ORIENTED_EDGE('',*,*,#3340,.T.);
#4882=ORIENTED_EDGE('',*,*,#3343,.T.);
#4883=ORIENTED_EDGE('',*,*,#3346,.T.);
#4884=ORIENTED_EDGE('',*,*,#3349,.T.);
#4885=ORIENTED_EDGE('',*,*,#3352,.T.);
#4886=ORIENTED_EDGE('',*,*,#3355,.T.);
#4887=ORIENTED_EDGE('',*,*,#3358,.T.);
#4888=ORIENTED_EDGE('',*,*,#3361,.T.);
#4889=ORIENTED_EDGE('',*,*,#3364,.T.);
#4890=ORIENTED_EDGE('',*,*,#3367,.T.);
#4891=ORIENTED_EDGE('',*,*,#3370,.T.);
#4892=ORIENTED_EDGE('',*,*,#3373,.T.);
#4893=ORIENTED_EDGE('',*,*,#3376,.T.);
#4894=ORIENTED_EDGE('',*,*,#3379,.T.);
#4895=ORIENTED_EDGE('',*,*,#3382,.T.);
#4896=ORIENTED_EDGE('',*,*,#3385,.T.);
#4897=ORIENTED_EDGE('',*,*,#3388,.T.);
#4898=ORIENTED_EDGE('',*,*,#3391,.T.);
#4899=ORIENTED_EDGE('',*,*,#3394,.T.);
#4900=ORIENTED_EDGE('',*,*,#3397,.T.);
#4901=ORIENTED_EDGE('',*,*,#3400,.T.);
#4902=ORIENTED_EDGE('',*,*,#3403,.T.);
#4903=ORIENTED_EDGE('',*,*,#3406,.T.);
#4904=ORIENTED_EDGE('',*,*,#3409,.T.);
#4905=ORIENTED_EDGE('',*,*,#3412,.T.);
#4906=ORIENTED_EDGE('',*,*,#3415,.T.);
#4907=ORIENTED_EDGE('',*,*,#3418,.T.);
#4908=ORIENTED_EDGE('',*,*,#3421,.T.);
#4909=ORIENTED_EDGE('',*,*,#3424,.T.);
#4910=ORIENTED_EDGE('',*,*,#3427,.T.);
#4911=ORIENTED_EDGE('',*,*,#3430,.T.);
#4912=ORIENTED_EDGE('',*,*,#3433,.T.);
#4913=ORIENTED_EDGE('',*,*,#3436,.T.);
#4914=ORIENTED_EDGE('',*,*,#3439,.T.);
#4915=ORIENTED_EDGE('',*,*,#3442,.T.);
#4916=ORIENTED_EDGE('',*,*,#3445,.T.);
#4917=ORIENTED_EDGE('',*,*,#3448,.T.);
#4918=ORIENTED_EDGE('',*,*,#3451,.T.);
#4919=ORIENTED_EDGE('',*,*,#3454,.T.);
#4920=ORIENTED_EDGE('',*,*,#3457,.T.);
#4921=ORIENTED_EDGE('',*,*,#3460,.T.);
#4922=ORIENTED_EDGE('',*,*,#3463,.T.);
#4923=ORIENTED_EDGE('',*,*,#3466,.T.);
#4924=ORIENTED_EDGE('',*,*,#3469,.T.);
#4925=ORIENTED_EDGE('',*,*,#3472,.T.);
#4926=ORIENTED_EDGE('',*,*,#3475,.T.);
#4927=ORIENTED_EDGE('',*,*,#3478,.T.);
#4928=ORIENTED_EDGE('',*,*,#3481,.T.);
#4929=ORIENTED_EDGE('',*,*,#3484,.T.);
#4930=ORIENTED_EDGE('',*,*,#3487,.T.);
#4931=ORIENTED_EDGE('',*,*,#3490,.T.);
#4932=ORIENTED_EDGE('',*,*,#3493,.T.);
#4933=ORIENTED_EDGE('',*,*,#3496,.T.);
#4934=ORIENTED_EDGE('',*,*,#3499,.T.);
#4935=ORIENTED_EDGE('',*,*,#3502,.T.);
#4936=ORIENTED_EDGE('',*,*,#3505,.T.);
#4937=ORIENTED_EDGE('',*,*,#3508,.T.);
#4938=ORIENTED_EDGE('',*,*,#2720,.T.);
#4939=ORIENTED_EDGE('',*,*,#2698,.T.);
#4940=ORIENTED_EDGE('',*,*,#2694,.T.);
#4941=ORIENTED_EDGE('',*,*,#2690,.T.);
#4942=ORIENTED_EDGE('',*,*,#2686,.T.);
#4943=ORIENTED_EDGE('',*,*,#2682,.T.);
#4944=ORIENTED_EDGE('',*,*,#2678,.T.);
#4945=ORIENTED_EDGE('',*,*,#2674,.T.);
#4946=ORIENTED_EDGE('',*,*,#2670,.T.);
#4947=ORIENTED_EDGE('',*,*,#3512,.T.);
#4948=ORIENTED_EDGE('',*,*,#3509,.T.);
#4949=ORIENTED_EDGE('',*,*,#3506,.T.);
#4950=ORIENTED_EDGE('',*,*,#3503,.T.);
#4951=ORIENTED_EDGE('',*,*,#3500,.T.);
#4952=ORIENTED_EDGE('',*,*,#3497,.T.);
#4953=ORIENTED_EDGE('',*,*,#3494,.T.);
#4954=ORIENTED_EDGE('',*,*,#3491,.T.);
#4955=ORIENTED_EDGE('',*,*,#3488,.T.);
#4956=ORIENTED_EDGE('',*,*,#3485,.T.);
#4957=ORIENTED_EDGE('',*,*,#3482,.T.);
#4958=ORIENTED_EDGE('',*,*,#3479,.T.);
#4959=ORIENTED_EDGE('',*,*,#3476,.T.);
#4960=ORIENTED_EDGE('',*,*,#3473,.T.);
#4961=ORIENTED_EDGE('',*,*,#3470,.T.);
#4962=ORIENTED_EDGE('',*,*,#3467,.T.);
#4963=ORIENTED_EDGE('',*,*,#3464,.T.);
#4964=ORIENTED_EDGE('',*,*,#3461,.T.);
#4965=ORIENTED_EDGE('',*,*,#3458,.T.);
#4966=ORIENTED_EDGE('',*,*,#3455,.T.);
#4967=ORIENTED_EDGE('',*,*,#3452,.T.);
#4968=ORIENTED_EDGE('',*,*,#3449,.T.);
#4969=ORIENTED_EDGE('',*,*,#3446,.T.);
#4970=ORIENTED_EDGE('',*,*,#3443,.T.);
#4971=ORIENTED_EDGE('',*,*,#3440,.T.);
#4972=ORIENTED_EDGE('',*,*,#3437,.T.);
#4973=ORIENTED_EDGE('',*,*,#3434,.T.);
#4974=ORIENTED_EDGE('',*,*,#3431,.T.);
#4975=ORIENTED_EDGE('',*,*,#3428,.T.);
#4976=ORIENTED_EDGE('',*,*,#3425,.T.);
#4977=ORIENTED_EDGE('',*,*,#3422,.T.);
#4978=ORIENTED_EDGE('',*,*,#3419,.T.);
#4979=ORIENTED_EDGE('',*,*,#3416,.T.);
#4980=ORIENTED_EDGE('',*,*,#3413,.T.);
#4981=ORIENTED_EDGE('',*,*,#3410,.T.);
#4982=ORIENTED_EDGE('',*,*,#3407,.T.);
#4983=ORIENTED_EDGE('',*,*,#3404,.T.);
#4984=ORIENTED_EDGE('',*,*,#3401,.T.);
#4985=ORIENTED_EDGE('',*,*,#3398,.T.);
#4986=ORIENTED_EDGE('',*,*,#3395,.T.);
#4987=ORIENTED_EDGE('',*,*,#3392,.T.);
#4988=ORIENTED_EDGE('',*,*,#3389,.T.);
#4989=ORIENTED_EDGE('',*,*,#3386,.T.);
#4990=ORIENTED_EDGE('',*,*,#3383,.T.);
#4991=ORIENTED_EDGE('',*,*,#3380,.T.);
#4992=ORIENTED_EDGE('',*,*,#3377,.T.);
#4993=ORIENTED_EDGE('',*,*,#3374,.T.);
#4994=ORIENTED_EDGE('',*,*,#3371,.T.);
#4995=ORIENTED_EDGE('',*,*,#3368,.T.);
#4996=ORIENTED_EDGE('',*,*,#3365,.T.);
#4997=ORIENTED_EDGE('',*,*,#3362,.T.);
#4998=ORIENTED_EDGE('',*,*,#3359,.T.);
#4999=ORIENTED_EDGE('',*,*,#3356,.T.);
#5000=ORIENTED_EDGE('',*,*,#3353,.T.);
#5001=ORIENTED_EDGE('',*,*,#3350,.T.);
#5002=ORIENTED_EDGE('',*,*,#3347,.T.);
#5003=ORIENTED_EDGE('',*,*,#3344,.T.);
#5004=ORIENTED_EDGE('',*,*,#3341,.T.);
#5005=ORIENTED_EDGE('',*,*,#3338,.T.);
#5006=ORIENTED_EDGE('',*,*,#3335,.T.);
#5007=ORIENTED_EDGE('',*,*,#3332,.T.);
#5008=ORIENTED_EDGE('',*,*,#3329,.T.);
#5009=ORIENTED_EDGE('',*,*,#3326,.T.);
#5010=ORIENTED_EDGE('',*,*,#3323,.T.);
#5011=ORIENTED_EDGE('',*,*,#3320,.T.);
#5012=ORIENTED_EDGE('',*,*,#3317,.T.);
#5013=ORIENTED_EDGE('',*,*,#3314,.T.);
#5014=ORIENTED_EDGE('',*,*,#3311,.T.);
#5015=ORIENTED_EDGE('',*,*,#3308,.T.);
#5016=ORIENTED_EDGE('',*,*,#3305,.T.);
#5017=ORIENTED_EDGE('',*,*,#3302,.T.);
#5018=ORIENTED_EDGE('',*,*,#3299,.T.);
#5019=ORIENTED_EDGE('',*,*,#3296,.T.);
#5020=ORIENTED_EDGE('',*,*,#3293,.T.);
#5021=ORIENTED_EDGE('',*,*,#3290,.T.);
#5022=ORIENTED_EDGE('',*,*,#3287,.T.);
#5023=ORIENTED_EDGE('',*,*,#3284,.T.);
#5024=ORIENTED_EDGE('',*,*,#3281,.T.);
#5025=ORIENTED_EDGE('',*,*,#3278,.T.);
#5026=ORIENTED_EDGE('',*,*,#3275,.T.);
#5027=ORIENTED_EDGE('',*,*,#3272,.T.);
#5028=ORIENTED_EDGE('',*,*,#3269,.T.);
#5029=ORIENTED_EDGE('',*,*,#3266,.T.);
#5030=ORIENTED_EDGE('',*,*,#3263,.T.);
#5031=ORIENTED_EDGE('',*,*,#3260,.T.);
#5032=ORIENTED_EDGE('',*,*,#3257,.T.);
#5033=ORIENTED_EDGE('',*,*,#3254,.T.);
#5034=ORIENTED_EDGE('',*,*,#3251,.T.);
#5035=ORIENTED_EDGE('',*,*,#3248,.T.);
#5036=ORIENTED_EDGE('',*,*,#3245,.T.);
#5037=ORIENTED_EDGE('',*,*,#3242,.T.);
#5038=ORIENTED_EDGE('',*,*,#3239,.T.);
#5039=ORIENTED_EDGE('',*,*,#3236,.T.);
#5040=ORIENTED_EDGE('',*,*,#3233,.T.);
#5041=ORIENTED_EDGE('',*,*,#3230,.T.);
#5042=ORIENTED_EDGE('',*,*,#3227,.T.);
#5043=ORIENTED_EDGE('',*,*,#3224,.T.);
#5044=ORIENTED_EDGE('',*,*,#3221,.T.);
#5045=ORIENTED_EDGE('',*,*,#3218,.T.);
#5046=ORIENTED_EDGE('',*,*,#3215,.T.);
#5047=ORIENTED_EDGE('',*,*,#3212,.T.);
#5048=ORIENTED_EDGE('',*,*,#3209,.T.);
#5049=ORIENTED_EDGE('',*,*,#3206,.T.);
#5050=ORIENTED_EDGE('',*,*,#3203,.T.);
#5051=ORIENTED_EDGE('',*,*,#3200,.T.);
#5052=ORIENTED_EDGE('',*,*,#3197,.T.);
#5053=ORIENTED_EDGE('',*,*,#3194,.T.);
#5054=ORIENTED_EDGE('',*,*,#3191,.T.);
#5055=ORIENTED_EDGE('',*,*,#3188,.T.);
#5056=ORIENTED_EDGE('',*,*,#3185,.T.);
#5057=ORIENTED_EDGE('',*,*,#3182,.T.);
#5058=ORIENTED_EDGE('',*,*,#3179,.T.);
#5059=ORIENTED_EDGE('',*,*,#3176,.T.);
#5060=ORIENTED_EDGE('',*,*,#3173,.T.);
#5061=ORIENTED_EDGE('',*,*,#3170,.T.);
#5062=ORIENTED_EDGE('',*,*,#3167,.T.);
#5063=ORIENTED_EDGE('',*,*,#3164,.T.);
#5064=ORIENTED_EDGE('',*,*,#3161,.T.);
#5065=ORIENTED_EDGE('',*,*,#3158,.T.);
#5066=ORIENTED_EDGE('',*,*,#3155,.T.);
#5067=ORIENTED_EDGE('',*,*,#3152,.T.);
#5068=ORIENTED_EDGE('',*,*,#3149,.T.);
#5069=ORIENTED_EDGE('',*,*,#3146,.T.);
#5070=ORIENTED_EDGE('',*,*,#3143,.T.);
#5071=ORIENTED_EDGE('',*,*,#3140,.T.);
#5072=ORIENTED_EDGE('',*,*,#3137,.T.);
#5073=ORIENTED_EDGE('',*,*,#3134,.T.);
#5074=ORIENTED_EDGE('',*,*,#3131,.T.);
#5075=ORIENTED_EDGE('',*,*,#3128,.T.);
#5076=ORIENTED_EDGE('',*,*,#3125,.T.);
#5077=ORIENTED_EDGE('',*,*,#3122,.T.);
#5078=ORIENTED_EDGE('',*,*,#3119,.T.);
#5079=ORIENTED_EDGE('',*,*,#3116,.T.);
#5080=ORIENTED_EDGE('',*,*,#3113,.T.);
#5081=ORIENTED_EDGE('',*,*,#3110,.T.);
#5082=ORIENTED_EDGE('',*,*,#3107,.T.);
#5083=ORIENTED_EDGE('',*,*,#3104,.T.);
#5084=ORIENTED_EDGE('',*,*,#3101,.T.);
#5085=ORIENTED_EDGE('',*,*,#3098,.T.);
#5086=ORIENTED_EDGE('',*,*,#3095,.T.);
#5087=ORIENTED_EDGE('',*,*,#3092,.T.);
#5088=ORIENTED_EDGE('',*,*,#3089,.T.);
#5089=ORIENTED_EDGE('',*,*,#3086,.T.);
#5090=ORIENTED_EDGE('',*,*,#3083,.T.);
#5091=ORIENTED_EDGE('',*,*,#3080,.T.);
#5092=ORIENTED_EDGE('',*,*,#3077,.T.);
#5093=ORIENTED_EDGE('',*,*,#3074,.T.);
#5094=ORIENTED_EDGE('',*,*,#3071,.T.);
#5095=ORIENTED_EDGE('',*,*,#3068,.T.);
#5096=ORIENTED_EDGE('',*,*,#3065,.T.);
#5097=ORIENTED_EDGE('',*,*,#3062,.T.);
#5098=ORIENTED_EDGE('',*,*,#3059,.T.);
#5099=ORIENTED_EDGE('',*,*,#3056,.T.);
#5100=ORIENTED_EDGE('',*,*,#3053,.T.);
#5101=ORIENTED_EDGE('',*,*,#3050,.T.);
#5102=ORIENTED_EDGE('',*,*,#3047,.T.);
#5103=ORIENTED_EDGE('',*,*,#3044,.T.);
#5104=ORIENTED_EDGE('',*,*,#3041,.T.);
#5105=ORIENTED_EDGE('',*,*,#3038,.T.);
#5106=ORIENTED_EDGE('',*,*,#3035,.T.);
#5107=ORIENTED_EDGE('',*,*,#3032,.T.);
#5108=ORIENTED_EDGE('',*,*,#3029,.T.);
#5109=ORIENTED_EDGE('',*,*,#3026,.T.);
#5110=ORIENTED_EDGE('',*,*,#3023,.T.);
#5111=ORIENTED_EDGE('',*,*,#3020,.T.);
#5112=ORIENTED_EDGE('',*,*,#3017,.T.);
#5113=ORIENTED_EDGE('',*,*,#3014,.T.);
#5114=ORIENTED_EDGE('',*,*,#3011,.T.);
#5115=ORIENTED_EDGE('',*,*,#3008,.T.);
#5116=ORIENTED_EDGE('',*,*,#3005,.T.);
#5117=ORIENTED_EDGE('',*,*,#3002,.T.);
#5118=ORIENTED_EDGE('',*,*,#2999,.T.);
#5119=ORIENTED_EDGE('',*,*,#2996,.T.);
#5120=ORIENTED_EDGE('',*,*,#2993,.T.);
#5121=ORIENTED_EDGE('',*,*,#2990,.T.);
#5122=ORIENTED_EDGE('',*,*,#2987,.T.);
#5123=ORIENTED_EDGE('',*,*,#2984,.T.);
#5124=ORIENTED_EDGE('',*,*,#2981,.T.);
#5125=ORIENTED_EDGE('',*,*,#2978,.T.);
#5126=ORIENTED_EDGE('',*,*,#2975,.T.);
#5127=ORIENTED_EDGE('',*,*,#2972,.T.);
#5128=ORIENTED_EDGE('',*,*,#2969,.T.);
#5129=ORIENTED_EDGE('',*,*,#2966,.T.);
#5130=ORIENTED_EDGE('',*,*,#2963,.T.);
#5131=ORIENTED_EDGE('',*,*,#2960,.T.);
#5132=ORIENTED_EDGE('',*,*,#2957,.T.);
#5133=ORIENTED_EDGE('',*,*,#2954,.T.);
#5134=ORIENTED_EDGE('',*,*,#2951,.T.);
#5135=ORIENTED_EDGE('',*,*,#2948,.T.);
#5136=ORIENTED_EDGE('',*,*,#2945,.T.);
#5137=ORIENTED_EDGE('',*,*,#2942,.T.);
#5138=ORIENTED_EDGE('',*,*,#2939,.T.);
#5139=ORIENTED_EDGE('',*,*,#2936,.T.);
#5140=ORIENTED_EDGE('',*,*,#2933,.T.);
#5141=ORIENTED_EDGE('',*,*,#2930,.T.);
#5142=ORIENTED_EDGE('',*,*,#2927,.T.);
#5143=ORIENTED_EDGE('',*,*,#2924,.T.);
#5144=ORIENTED_EDGE('',*,*,#2921,.T.);
#5145=ORIENTED_EDGE('',*,*,#2918,.T.);
#5146=ORIENTED_EDGE('',*,*,#2915,.T.);
#5147=ORIENTED_EDGE('',*,*,#2912,.T.);
#5148=ORIENTED_EDGE('',*,*,#2909,.T.);
#5149=ORIENTED_EDGE('',*,*,#2906,.T.);
#5150=ORIENTED_EDGE('',*,*,#2903,.T.);
#5151=ORIENTED_EDGE('',*,*,#2900,.T.);
#5152=ORIENTED_EDGE('',*,*,#2897,.T.);
#5153=ORIENTED_EDGE('',*,*,#2894,.T.);
#5154=ORIENTED_EDGE('',*,*,#2891,.T.);
#5155=ORIENTED_EDGE('',*,*,#2888,.T.);
#5156=ORIENTED_EDGE('',*,*,#2885,.T.);
#5157=ORIENTED_EDGE('',*,*,#2882,.T.);
#5158=ORIENTED_EDGE('',*,*,#2879,.T.);
#5159=ORIENTED_EDGE('',*,*,#2876,.T.);
#5160=ORIENTED_EDGE('',*,*,#2873,.T.);
#5161=ORIENTED_EDGE('',*,*,#2870,.T.);
#5162=ORIENTED_EDGE('',*,*,#2867,.T.);
#5163=ORIENTED_EDGE('',*,*,#2864,.T.);
#5164=ORIENTED_EDGE('',*,*,#2861,.T.);
#5165=ORIENTED_EDGE('',*,*,#2858,.T.);
#5166=ORIENTED_EDGE('',*,*,#2855,.T.);
#5167=ORIENTED_EDGE('',*,*,#2852,.T.);
#5168=ORIENTED_EDGE('',*,*,#2849,.T.);
#5169=ORIENTED_EDGE('',*,*,#2846,.T.);
#5170=ORIENTED_EDGE('',*,*,#2843,.T.);
#5171=ORIENTED_EDGE('',*,*,#2840,.T.);
#5172=ORIENTED_EDGE('',*,*,#2837,.T.);
#5173=ORIENTED_EDGE('',*,*,#2834,.T.);
#5174=ORIENTED_EDGE('',*,*,#2831,.T.);
#5175=ORIENTED_EDGE('',*,*,#2828,.T.);
#5176=ORIENTED_EDGE('',*,*,#2825,.T.);
#5177=ORIENTED_EDGE('',*,*,#2822,.T.);
#5178=ORIENTED_EDGE('',*,*,#2819,.T.);
#5179=ORIENTED_EDGE('',*,*,#2816,.T.);
#5180=ORIENTED_EDGE('',*,*,#2813,.T.);
#5181=ORIENTED_EDGE('',*,*,#2810,.T.);
#5182=ORIENTED_EDGE('',*,*,#2807,.T.);
#5183=ORIENTED_EDGE('',*,*,#2804,.T.);
#5184=ORIENTED_EDGE('',*,*,#2801,.T.);
#5185=ORIENTED_EDGE('',*,*,#2798,.T.);
#5186=ORIENTED_EDGE('',*,*,#2795,.T.);
#5187=ORIENTED_EDGE('',*,*,#2792,.T.);
#5188=ORIENTED_EDGE('',*,*,#2789,.T.);
#5189=ORIENTED_EDGE('',*,*,#2786,.T.);
#5190=ORIENTED_EDGE('',*,*,#2783,.T.);
#5191=ORIENTED_EDGE('',*,*,#2780,.T.);
#5192=ORIENTED_EDGE('',*,*,#2777,.T.);
#5193=ORIENTED_EDGE('',*,*,#2774,.T.);
#5194=ORIENTED_EDGE('',*,*,#2771,.T.);
#5195=ORIENTED_EDGE('',*,*,#2768,.T.);
#5196=ORIENTED_EDGE('',*,*,#2765,.T.);
#5197=ORIENTED_EDGE('',*,*,#2762,.T.);
#5198=ORIENTED_EDGE('',*,*,#2759,.T.);
#5199=ORIENTED_EDGE('',*,*,#2756,.T.);
#5200=ORIENTED_EDGE('',*,*,#2753,.T.);
#5201=ORIENTED_EDGE('',*,*,#2750,.T.);
#5202=ORIENTED_EDGE('',*,*,#2747,.T.);
#5203=ORIENTED_EDGE('',*,*,#2744,.T.);
#5204=ORIENTED_EDGE('',*,*,#2741,.T.);
#5205=ORIENTED_EDGE('',*,*,#2738,.T.);
#5206=ORIENTED_EDGE('',*,*,#2735,.T.);
#5207=ORIENTED_EDGE('',*,*,#2732,.T.);
#5208=ORIENTED_EDGE('',*,*,#2729,.T.);
#5209=ORIENTED_EDGE('',*,*,#2726,.T.);
#5210=ORIENTED_EDGE('',*,*,#2723,.T.);
#5211=ORIENTED_EDGE('',*,*,#2663,.T.);
#5212=ORIENTED_EDGE('',*,*,#2702,.T.);
#5213=ORIENTED_EDGE('',*,*,#2704,.T.);
#5214=ORIENTED_EDGE('',*,*,#2706,.T.);
#5215=ORIENTED_EDGE('',*,*,#2708,.T.);
#5216=ORIENTED_EDGE('',*,*,#2710,.T.);
#5217=ORIENTED_EDGE('',*,*,#2712,.T.);
#5218=ORIENTED_EDGE('',*,*,#2714,.T.);
#5219=ORIENTED_EDGE('',*,*,#2716,.T.);
#5220=ORIENTED_EDGE('',*,*,#2667,.T.);
#5221=ORIENTED_EDGE('',*,*,#2666,.T.);
#5222=ORIENTED_EDGE('',*,*,#2660,.T.);
#5223=CYLINDRICAL_SURFACE('',#5730,2.25);
#5224=CYLINDRICAL_SURFACE('',#5733,2.25);
#5225=CYLINDRICAL_SURFACE('',#5736,2.25);
#5226=CYLINDRICAL_SURFACE('',#5739,13.);
#5227=CYLINDRICAL_SURFACE('',#5742,4.325);
#5228=CYLINDRICAL_SURFACE('',#5747,4.32500000000001);
#5229=CYLINDRICAL_SURFACE('',#5752,4.32500000000001);
#5230=CYLINDRICAL_SURFACE('',#5757,4.32499999999999);
#5231=CYLINDRICAL_SURFACE('',#5762,4.325);
#5232=CYLINDRICAL_SURFACE('',#5767,4.32499999999999);
#5233=CYLINDRICAL_SURFACE('',#5772,4.32499999999999);
#5234=CYLINDRICAL_SURFACE('',#5777,4.32500000000001);
#5235=CYLINDRICAL_SURFACE('',#5782,2.25);
#5236=CYLINDRICAL_SURFACE('',#5784,2.25);
#5237=CYLINDRICAL_SURFACE('',#5786,2.25);
#5238=CYLINDRICAL_SURFACE('',#5788,2.25);
#5239=CYLINDRICAL_SURFACE('',#5790,2.25);
#5240=CYLINDRICAL_SURFACE('',#5792,2.25);
#5241=CYLINDRICAL_SURFACE('',#5794,2.25);
#5242=CYLINDRICAL_SURFACE('',#5796,2.25);
#5243=CYLINDRICAL_SURFACE('',#5800,35.);
#5244=CYLINDRICAL_SURFACE('',#5803,3.00000000000002);
#5245=CYLINDRICAL_SURFACE('',#5806,167.5);
#5246=CYLINDRICAL_SURFACE('',#5809,3.00000000000001);
#5247=CYLINDRICAL_SURFACE('',#5813,6.5);
#5248=CYLINDRICAL_SURFACE('',#5817,3.00000000000002);
#5249=CYLINDRICAL_SURFACE('',#5820,167.5);
#5250=CYLINDRICAL_SURFACE('',#5823,3.00000000000001);
#5251=CYLINDRICAL_SURFACE('',#5827,6.5);
#5252=CYLINDRICAL_SURFACE('',#5831,3.00000000000002);
#5253=CYLINDRICAL_SURFACE('',#5834,167.5);
#5254=CYLINDRICAL_SURFACE('',#5837,3.00000000000001);
#5255=CYLINDRICAL_SURFACE('',#5841,6.5);
#5256=CYLINDRICAL_SURFACE('',#5845,3.00000000000002);
#5257=CYLINDRICAL_SURFACE('',#5848,167.5);
#5258=CYLINDRICAL_SURFACE('',#5851,3.00000000000001);
#5259=CYLINDRICAL_SURFACE('',#5855,6.5);
#5260=CYLINDRICAL_SURFACE('',#5859,3.00000000000002);
#5261=CYLINDRICAL_SURFACE('',#5862,167.5);
#5262=CYLINDRICAL_SURFACE('',#5865,3.00000000000001);
#5263=CYLINDRICAL_SURFACE('',#5869,6.5);
#5264=CYLINDRICAL_SURFACE('',#5873,3.00000000000002);
#5265=CYLINDRICAL_SURFACE('',#5876,167.5);
#5266=CYLINDRICAL_SURFACE('',#5879,3.00000000000001);
#5267=CYLINDRICAL_SURFACE('',#5883,6.5);
#5268=CYLINDRICAL_SURFACE('',#5887,3.00000000000002);
#5269=CYLINDRICAL_SURFACE('',#5890,167.5);
#5270=CYLINDRICAL_SURFACE('',#5893,3.00000000000001);
#5271=CYLINDRICAL_SURFACE('',#5897,6.5);
#5272=CYLINDRICAL_SURFACE('',#5901,3.00000000000002);
#5273=CYLINDRICAL_SURFACE('',#5904,167.5);
#5274=CYLINDRICAL_SURFACE('',#5907,3.00000000000001);
#5275=CYLINDRICAL_SURFACE('',#5911,6.5);
#5276=CYLINDRICAL_SURFACE('',#5915,3.00000000000002);
#5277=CYLINDRICAL_SURFACE('',#5918,167.5);
#5278=CYLINDRICAL_SURFACE('',#5921,3.00000000000001);
#5279=CYLINDRICAL_SURFACE('',#5925,6.5);
#5280=CYLINDRICAL_SURFACE('',#5929,3.00000000000002);
#5281=CYLINDRICAL_SURFACE('',#5932,167.5);
#5282=CYLINDRICAL_SURFACE('',#5935,3.00000000000001);
#5283=CYLINDRICAL_SURFACE('',#5939,6.5);
#5284=CYLINDRICAL_SURFACE('',#5943,3.00000000000002);
#5285=CYLINDRICAL_SURFACE('',#5946,167.5);
#5286=CYLINDRICAL_SURFACE('',#5949,3.00000000000001);
#5287=CYLINDRICAL_SURFACE('',#5953,6.5);
#5288=CYLINDRICAL_SURFACE('',#5957,3.00000000000002);
#5289=CYLINDRICAL_SURFACE('',#5960,167.5);
#5290=CYLINDRICAL_SURFACE('',#5963,3.00000000000001);
#5291=CYLINDRICAL_SURFACE('',#5967,6.5);
#5292=CYLINDRICAL_SURFACE('',#5971,3.00000000000002);
#5293=CYLINDRICAL_SURFACE('',#5974,167.5);
#5294=CYLINDRICAL_SURFACE('',#5977,3.00000000000001);
#5295=CYLINDRICAL_SURFACE('',#5981,6.5);
#5296=CYLINDRICAL_SURFACE('',#5985,3.00000000000002);
#5297=CYLINDRICAL_SURFACE('',#5988,167.5);
#5298=CYLINDRICAL_SURFACE('',#5991,3.00000000000001);
#5299=CYLINDRICAL_SURFACE('',#5995,6.5);
#5300=CYLINDRICAL_SURFACE('',#5999,3.00000000000002);
#5301=CYLINDRICAL_SURFACE('',#6002,167.5);
#5302=CYLINDRICAL_SURFACE('',#6005,3.00000000000001);
#5303=CYLINDRICAL_SURFACE('',#6009,6.5);
#5304=CYLINDRICAL_SURFACE('',#6013,3.00000000000002);
#5305=CYLINDRICAL_SURFACE('',#6016,167.5);
#5306=CYLINDRICAL_SURFACE('',#6019,3.00000000000001);
#5307=CYLINDRICAL_SURFACE('',#6023,6.5);
#5308=CYLINDRICAL_SURFACE('',#6027,3.00000000000002);
#5309=CYLINDRICAL_SURFACE('',#6030,167.5);
#5310=CYLINDRICAL_SURFACE('',#6033,3.00000000000001);
#5311=CYLINDRICAL_SURFACE('',#6037,6.5);
#5312=CYLINDRICAL_SURFACE('',#6041,3.00000000000002);
#5313=CYLINDRICAL_SURFACE('',#6044,167.5);
#5314=CYLINDRICAL_SURFACE('',#6047,3.00000000000001);
#5315=CYLINDRICAL_SURFACE('',#6051,6.5);
#5316=CYLINDRICAL_SURFACE('',#6055,3.00000000000002);
#5317=CYLINDRICAL_SURFACE('',#6058,167.5);
#5318=CYLINDRICAL_SURFACE('',#6061,3.00000000000001);
#5319=CYLINDRICAL_SURFACE('',#6065,6.5);
#5320=CYLINDRICAL_SURFACE('',#6069,3.00000000000002);
#5321=CYLINDRICAL_SURFACE('',#6072,167.5);
#5322=CYLINDRICAL_SURFACE('',#6075,3.00000000000001);
#5323=CYLINDRICAL_SURFACE('',#6079,6.5);
#5324=CYLINDRICAL_SURFACE('',#6083,3.00000000000002);
#5325=CYLINDRICAL_SURFACE('',#6086,167.5);
#5326=CYLINDRICAL_SURFACE('',#6089,3.00000000000001);
#5327=CYLINDRICAL_SURFACE('',#6093,6.5);
#5328=CYLINDRICAL_SURFACE('',#6097,3.00000000000002);
#5329=CYLINDRICAL_SURFACE('',#6100,167.5);
#5330=CYLINDRICAL_SURFACE('',#6103,3.00000000000001);
#5331=CYLINDRICAL_SURFACE('',#6107,6.5);
#5332=CYLINDRICAL_SURFACE('',#6111,3.00000000000002);
#5333=CYLINDRICAL_SURFACE('',#6114,167.5);
#5334=CYLINDRICAL_SURFACE('',#6117,3.00000000000001);
#5335=CYLINDRICAL_SURFACE('',#6121,6.5);
#5336=CYLINDRICAL_SURFACE('',#6125,3.00000000000002);
#5337=CYLINDRICAL_SURFACE('',#6128,167.5);
#5338=CYLINDRICAL_SURFACE('',#6131,3.00000000000001);
#5339=CYLINDRICAL_SURFACE('',#6135,6.5);
#5340=CYLINDRICAL_SURFACE('',#6139,3.00000000000002);
#5341=CYLINDRICAL_SURFACE('',#6142,167.5);
#5342=CYLINDRICAL_SURFACE('',#6145,3.00000000000001);
#5343=CYLINDRICAL_SURFACE('',#6149,6.5);
#5344=CYLINDRICAL_SURFACE('',#6153,3.00000000000002);
#5345=CYLINDRICAL_SURFACE('',#6156,167.5);
#5346=CYLINDRICAL_SURFACE('',#6159,3.00000000000001);
#5347=CYLINDRICAL_SURFACE('',#6163,6.5);
#5348=CYLINDRICAL_SURFACE('',#6167,3.00000000000002);
#5349=CYLINDRICAL_SURFACE('',#6170,167.5);
#5350=CYLINDRICAL_SURFACE('',#6173,3.00000000000001);
#5351=CYLINDRICAL_SURFACE('',#6177,6.5);
#5352=CYLINDRICAL_SURFACE('',#6181,3.00000000000002);
#5353=CYLINDRICAL_SURFACE('',#6184,167.5);
#5354=CYLINDRICAL_SURFACE('',#6187,3.00000000000001);
#5355=CYLINDRICAL_SURFACE('',#6191,6.5);
#5356=CYLINDRICAL_SURFACE('',#6195,3.00000000000002);
#5357=CYLINDRICAL_SURFACE('',#6198,167.5);
#5358=CYLINDRICAL_SURFACE('',#6201,3.00000000000001);
#5359=CYLINDRICAL_SURFACE('',#6205,6.50000000000001);
#5360=CYLINDRICAL_SURFACE('',#6209,3.00000000000002);
#5361=CYLINDRICAL_SURFACE('',#6212,167.5);
#5362=CYLINDRICAL_SURFACE('',#6215,3.00000000000001);
#5363=CYLINDRICAL_SURFACE('',#6219,6.5);
#5364=CYLINDRICAL_SURFACE('',#6223,3.00000000000002);
#5365=CYLINDRICAL_SURFACE('',#6226,167.5);
#5366=CYLINDRICAL_SURFACE('',#6229,3.00000000000001);
#5367=CYLINDRICAL_SURFACE('',#6233,6.5);
#5368=CYLINDRICAL_SURFACE('',#6237,3.00000000000002);
#5369=CYLINDRICAL_SURFACE('',#6240,167.5);
#5370=CYLINDRICAL_SURFACE('',#6243,3.00000000000001);
#5371=CYLINDRICAL_SURFACE('',#6247,6.5);
#5372=CYLINDRICAL_SURFACE('',#6251,3.00000000000002);
#5373=CYLINDRICAL_SURFACE('',#6254,167.5);
#5374=CYLINDRICAL_SURFACE('',#6257,3.);
#5375=CYLINDRICAL_SURFACE('',#6261,6.5);
#5376=CYLINDRICAL_SURFACE('',#6265,3.);
#5377=CYLINDRICAL_SURFACE('',#6268,167.5);
#5378=CYLINDRICAL_SURFACE('',#6271,3.00000000000001);
#5379=CYLINDRICAL_SURFACE('',#6275,6.5);
#5380=CYLINDRICAL_SURFACE('',#6279,3.00000000000002);
#5381=CYLINDRICAL_SURFACE('',#6282,167.5);
#5382=CYLINDRICAL_SURFACE('',#6285,3.00000000000001);
#5383=CYLINDRICAL_SURFACE('',#6289,6.5);
#5384=CYLINDRICAL_SURFACE('',#6293,3.00000000000002);
#5385=CYLINDRICAL_SURFACE('',#6296,167.5);
#5386=CYLINDRICAL_SURFACE('',#6299,3.00000000000001);
#5387=CYLINDRICAL_SURFACE('',#6303,6.5);
#5388=CYLINDRICAL_SURFACE('',#6307,3.00000000000002);
#5389=CYLINDRICAL_SURFACE('',#6310,167.5);
#5390=CYLINDRICAL_SURFACE('',#6313,3.00000000000001);
#5391=CYLINDRICAL_SURFACE('',#6317,6.5);
#5392=CYLINDRICAL_SURFACE('',#6321,3.00000000000002);
#5393=CYLINDRICAL_SURFACE('',#6324,167.5);
#5394=CYLINDRICAL_SURFACE('',#6327,3.00000000000001);
#5395=CYLINDRICAL_SURFACE('',#6331,6.5);
#5396=CYLINDRICAL_SURFACE('',#6335,3.00000000000002);
#5397=CYLINDRICAL_SURFACE('',#6338,167.5);
#5398=CYLINDRICAL_SURFACE('',#6341,3.00000000000001);
#5399=CYLINDRICAL_SURFACE('',#6345,6.5);
#5400=CYLINDRICAL_SURFACE('',#6349,3.00000000000002);
#5401=CYLINDRICAL_SURFACE('',#6352,167.5);
#5402=CYLINDRICAL_SURFACE('',#6355,3.00000000000001);
#5403=CYLINDRICAL_SURFACE('',#6359,6.5);
#5404=CYLINDRICAL_SURFACE('',#6363,3.00000000000002);
#5405=CYLINDRICAL_SURFACE('',#6366,167.5);
#5406=CYLINDRICAL_SURFACE('',#6369,3.00000000000001);
#5407=CYLINDRICAL_SURFACE('',#6373,6.5);
#5408=CYLINDRICAL_SURFACE('',#6377,3.00000000000002);
#5409=CYLINDRICAL_SURFACE('',#6380,167.5);
#5410=CYLINDRICAL_SURFACE('',#6383,3.00000000000001);
#5411=CYLINDRICAL_SURFACE('',#6387,6.5);
#5412=CYLINDRICAL_SURFACE('',#6391,3.00000000000002);
#5413=CYLINDRICAL_SURFACE('',#6394,167.5);
#5414=CYLINDRICAL_SURFACE('',#6397,3.00000000000001);
#5415=CYLINDRICAL_SURFACE('',#6401,6.5);
#5416=CYLINDRICAL_SURFACE('',#6405,3.00000000000002);
#5417=CYLINDRICAL_SURFACE('',#6408,167.5);
#5418=CYLINDRICAL_SURFACE('',#6411,3.00000000000001);
#5419=CYLINDRICAL_SURFACE('',#6415,6.5);
#5420=ADVANCED_FACE('',(#147),#5223,.F.);
#5421=ADVANCED_FACE('',(#148),#5224,.F.);
#5422=ADVANCED_FACE('',(#149),#5225,.F.);
#5423=ADVANCED_FACE('',(#150),#5226,.F.);
#5424=ADVANCED_FACE('',(#151),#5227,.F.);
#5425=ADVANCED_FACE('',(#152,#15),#48,.T.);
#5426=ADVANCED_FACE('',(#153),#5228,.F.);
#5427=ADVANCED_FACE('',(#154,#16),#49,.T.);
#5428=ADVANCED_FACE('',(#155),#5229,.F.);
#5429=ADVANCED_FACE('',(#156,#17),#50,.T.);
#5430=ADVANCED_FACE('',(#157),#5230,.F.);
#5431=ADVANCED_FACE('',(#158,#18),#51,.T.);
#5432=ADVANCED_FACE('',(#159),#5231,.F.);
#5433=ADVANCED_FACE('',(#160,#19),#52,.T.);
#5434=ADVANCED_FACE('',(#161),#5232,.F.);
#5435=ADVANCED_FACE('',(#162,#20),#53,.T.);
#5436=ADVANCED_FACE('',(#163),#5233,.F.);
#5437=ADVANCED_FACE('',(#164,#21),#54,.T.);
#5438=ADVANCED_FACE('',(#165),#5234,.F.);
#5439=ADVANCED_FACE('',(#166,#22),#55,.T.);
#5440=ADVANCED_FACE('',(#167),#5235,.F.);
#5441=ADVANCED_FACE('',(#168),#5236,.F.);
#5442=ADVANCED_FACE('',(#169),#5237,.F.);
#5443=ADVANCED_FACE('',(#170),#5238,.F.);
#5444=ADVANCED_FACE('',(#171),#5239,.F.);
#5445=ADVANCED_FACE('',(#172),#5240,.F.);
#5446=ADVANCED_FACE('',(#173),#5241,.F.);
#5447=ADVANCED_FACE('',(#174),#5242,.F.);
#5448=ADVANCED_FACE('',(#175,#23,#24,#25,#26),#56,.F.);
#5449=ADVANCED_FACE('',(#176),#5243,.F.);
#5450=ADVANCED_FACE('',(#177),#57,.T.);
#5451=ADVANCED_FACE('',(#178),#5244,.T.);
#5452=ADVANCED_FACE('',(#179),#5245,.T.);
#5453=ADVANCED_FACE('',(#180),#5246,.T.);
#5454=ADVANCED_FACE('',(#181),#58,.T.);
#5455=ADVANCED_FACE('',(#182),#5247,.F.);
#5456=ADVANCED_FACE('',(#183),#59,.T.);
#5457=ADVANCED_FACE('',(#184),#5248,.T.);
#5458=ADVANCED_FACE('',(#185),#5249,.T.);
#5459=ADVANCED_FACE('',(#186),#5250,.T.);
#5460=ADVANCED_FACE('',(#187),#60,.T.);
#5461=ADVANCED_FACE('',(#188),#5251,.F.);
#5462=ADVANCED_FACE('',(#189),#61,.T.);
#5463=ADVANCED_FACE('',(#190),#5252,.T.);
#5464=ADVANCED_FACE('',(#191),#5253,.T.);
#5465=ADVANCED_FACE('',(#192),#5254,.T.);
#5466=ADVANCED_FACE('',(#193),#62,.T.);
#5467=ADVANCED_FACE('',(#194),#5255,.F.);
#5468=ADVANCED_FACE('',(#195),#63,.T.);
#5469=ADVANCED_FACE('',(#196),#5256,.T.);
#5470=ADVANCED_FACE('',(#197),#5257,.T.);
#5471=ADVANCED_FACE('',(#198),#5258,.T.);
#5472=ADVANCED_FACE('',(#199),#64,.T.);
#5473=ADVANCED_FACE('',(#200),#5259,.F.);
#5474=ADVANCED_FACE('',(#201),#65,.T.);
#5475=ADVANCED_FACE('',(#202),#5260,.T.);
#5476=ADVANCED_FACE('',(#203),#5261,.T.);
#5477=ADVANCED_FACE('',(#204),#5262,.T.);
#5478=ADVANCED_FACE('',(#205),#66,.T.);
#5479=ADVANCED_FACE('',(#206),#5263,.F.);
#5480=ADVANCED_FACE('',(#207),#67,.T.);
#5481=ADVANCED_FACE('',(#208),#5264,.T.);
#5482=ADVANCED_FACE('',(#209),#5265,.T.);
#5483=ADVANCED_FACE('',(#210),#5266,.T.);
#5484=ADVANCED_FACE('',(#211),#68,.T.);
#5485=ADVANCED_FACE('',(#212),#5267,.F.);
#5486=ADVANCED_FACE('',(#213),#69,.T.);
#5487=ADVANCED_FACE('',(#214),#5268,.T.);
#5488=ADVANCED_FACE('',(#215),#5269,.T.);
#5489=ADVANCED_FACE('',(#216),#5270,.T.);
#5490=ADVANCED_FACE('',(#217),#70,.T.);
#5491=ADVANCED_FACE('',(#218),#5271,.F.);
#5492=ADVANCED_FACE('',(#219),#71,.T.);
#5493=ADVANCED_FACE('',(#220),#5272,.T.);
#5494=ADVANCED_FACE('',(#221),#5273,.T.);
#5495=ADVANCED_FACE('',(#222),#5274,.T.);
#5496=ADVANCED_FACE('',(#223),#72,.T.);
#5497=ADVANCED_FACE('',(#224),#5275,.F.);
#5498=ADVANCED_FACE('',(#225),#73,.T.);
#5499=ADVANCED_FACE('',(#226),#5276,.T.);
#5500=ADVANCED_FACE('',(#227),#5277,.T.);
#5501=ADVANCED_FACE('',(#228),#5278,.T.);
#5502=ADVANCED_FACE('',(#229),#74,.T.);
#5503=ADVANCED_FACE('',(#230),#5279,.F.);
#5504=ADVANCED_FACE('',(#231),#75,.T.);
#5505=ADVANCED_FACE('',(#232),#5280,.T.);
#5506=ADVANCED_FACE('',(#233),#5281,.T.);
#5507=ADVANCED_FACE('',(#234),#5282,.T.);
#5508=ADVANCED_FACE('',(#235),#76,.T.);
#5509=ADVANCED_FACE('',(#236),#5283,.F.);
#5510=ADVANCED_FACE('',(#237),#77,.T.);
#5511=ADVANCED_FACE('',(#238),#5284,.T.);
#5512=ADVANCED_FACE('',(#239),#5285,.T.);
#5513=ADVANCED_FACE('',(#240),#5286,.T.);
#5514=ADVANCED_FACE('',(#241),#78,.T.);
#5515=ADVANCED_FACE('',(#242),#5287,.F.);
#5516=ADVANCED_FACE('',(#243),#79,.T.);
#5517=ADVANCED_FACE('',(#244),#5288,.T.);
#5518=ADVANCED_FACE('',(#245),#5289,.T.);
#5519=ADVANCED_FACE('',(#246),#5290,.T.);
#5520=ADVANCED_FACE('',(#247),#80,.T.);
#5521=ADVANCED_FACE('',(#248),#5291,.F.);
#5522=ADVANCED_FACE('',(#249),#81,.T.);
#5523=ADVANCED_FACE('',(#250),#5292,.T.);
#5524=ADVANCED_FACE('',(#251),#5293,.T.);
#5525=ADVANCED_FACE('',(#252),#5294,.T.);
#5526=ADVANCED_FACE('',(#253),#82,.T.);
#5527=ADVANCED_FACE('',(#254),#5295,.F.);
#5528=ADVANCED_FACE('',(#255),#83,.T.);
#5529=ADVANCED_FACE('',(#256),#5296,.T.);
#5530=ADVANCED_FACE('',(#257),#5297,.T.);
#5531=ADVANCED_FACE('',(#258),#5298,.T.);
#5532=ADVANCED_FACE('',(#259),#84,.T.);
#5533=ADVANCED_FACE('',(#260),#5299,.F.);
#5534=ADVANCED_FACE('',(#261),#85,.T.);
#5535=ADVANCED_FACE('',(#262),#5300,.T.);
#5536=ADVANCED_FACE('',(#263),#5301,.T.);
#5537=ADVANCED_FACE('',(#264),#5302,.T.);
#5538=ADVANCED_FACE('',(#265),#86,.T.);
#5539=ADVANCED_FACE('',(#266),#5303,.F.);
#5540=ADVANCED_FACE('',(#267),#87,.T.);
#5541=ADVANCED_FACE('',(#268),#5304,.T.);
#5542=ADVANCED_FACE('',(#269),#5305,.T.);
#5543=ADVANCED_FACE('',(#270),#5306,.T.);
#5544=ADVANCED_FACE('',(#271),#88,.T.);
#5545=ADVANCED_FACE('',(#272),#5307,.F.);
#5546=ADVANCED_FACE('',(#273),#89,.T.);
#5547=ADVANCED_FACE('',(#274),#5308,.T.);
#5548=ADVANCED_FACE('',(#275),#5309,.T.);
#5549=ADVANCED_FACE('',(#276),#5310,.T.);
#5550=ADVANCED_FACE('',(#277),#90,.T.);
#5551=ADVANCED_FACE('',(#278),#5311,.F.);
#5552=ADVANCED_FACE('',(#279),#91,.T.);
#5553=ADVANCED_FACE('',(#280),#5312,.T.);
#5554=ADVANCED_FACE('',(#281),#5313,.T.);
#5555=ADVANCED_FACE('',(#282),#5314,.T.);
#5556=ADVANCED_FACE('',(#283),#92,.T.);
#5557=ADVANCED_FACE('',(#284),#5315,.F.);
#5558=ADVANCED_FACE('',(#285),#93,.T.);
#5559=ADVANCED_FACE('',(#286),#5316,.T.);
#5560=ADVANCED_FACE('',(#287),#5317,.T.);
#5561=ADVANCED_FACE('',(#288),#5318,.T.);
#5562=ADVANCED_FACE('',(#289),#94,.T.);
#5563=ADVANCED_FACE('',(#290),#5319,.F.);
#5564=ADVANCED_FACE('',(#291),#95,.T.);
#5565=ADVANCED_FACE('',(#292),#5320,.T.);
#5566=ADVANCED_FACE('',(#293),#5321,.T.);
#5567=ADVANCED_FACE('',(#294),#5322,.T.);
#5568=ADVANCED_FACE('',(#295),#96,.T.);
#5569=ADVANCED_FACE('',(#296),#5323,.F.);
#5570=ADVANCED_FACE('',(#297),#97,.T.);
#5571=ADVANCED_FACE('',(#298),#5324,.T.);
#5572=ADVANCED_FACE('',(#299),#5325,.T.);
#5573=ADVANCED_FACE('',(#300),#5326,.T.);
#5574=ADVANCED_FACE('',(#301),#98,.T.);
#5575=ADVANCED_FACE('',(#302),#5327,.F.);
#5576=ADVANCED_FACE('',(#303),#99,.T.);
#5577=ADVANCED_FACE('',(#304),#5328,.T.);
#5578=ADVANCED_FACE('',(#305),#5329,.T.);
#5579=ADVANCED_FACE('',(#306),#5330,.T.);
#5580=ADVANCED_FACE('',(#307),#100,.T.);
#5581=ADVANCED_FACE('',(#308),#5331,.F.);
#5582=ADVANCED_FACE('',(#309),#101,.T.);
#5583=ADVANCED_FACE('',(#310),#5332,.T.);
#5584=ADVANCED_FACE('',(#311),#5333,.T.);
#5585=ADVANCED_FACE('',(#312),#5334,.T.);
#5586=ADVANCED_FACE('',(#313),#102,.T.);
#5587=ADVANCED_FACE('',(#314),#5335,.F.);
#5588=ADVANCED_FACE('',(#315),#103,.T.);
#5589=ADVANCED_FACE('',(#316),#5336,.T.);
#5590=ADVANCED_FACE('',(#317),#5337,.T.);
#5591=ADVANCED_FACE('',(#318),#5338,.T.);
#5592=ADVANCED_FACE('',(#319),#104,.T.);
#5593=ADVANCED_FACE('',(#320),#5339,.F.);
#5594=ADVANCED_FACE('',(#321),#105,.T.);
#5595=ADVANCED_FACE('',(#322),#5340,.T.);
#5596=ADVANCED_FACE('',(#323),#5341,.T.);
#5597=ADVANCED_FACE('',(#324),#5342,.T.);
#5598=ADVANCED_FACE('',(#325),#106,.T.);
#5599=ADVANCED_FACE('',(#326),#5343,.F.);
#5600=ADVANCED_FACE('',(#327),#107,.T.);
#5601=ADVANCED_FACE('',(#328),#5344,.T.);
#5602=ADVANCED_FACE('',(#329),#5345,.T.);
#5603=ADVANCED_FACE('',(#330),#5346,.T.);
#5604=ADVANCED_FACE('',(#331),#108,.T.);
#5605=ADVANCED_FACE('',(#332),#5347,.F.);
#5606=ADVANCED_FACE('',(#333),#109,.T.);
#5607=ADVANCED_FACE('',(#334),#5348,.T.);
#5608=ADVANCED_FACE('',(#335),#5349,.T.);
#5609=ADVANCED_FACE('',(#336),#5350,.T.);
#5610=ADVANCED_FACE('',(#337),#110,.T.);
#5611=ADVANCED_FACE('',(#338),#5351,.F.);
#5612=ADVANCED_FACE('',(#339),#111,.T.);
#5613=ADVANCED_FACE('',(#340),#5352,.T.);
#5614=ADVANCED_FACE('',(#341),#5353,.T.);
#5615=ADVANCED_FACE('',(#342),#5354,.T.);
#5616=ADVANCED_FACE('',(#343),#112,.T.);
#5617=ADVANCED_FACE('',(#344),#5355,.F.);
#5618=ADVANCED_FACE('',(#345),#113,.T.);
#5619=ADVANCED_FACE('',(#346),#5356,.T.);
#5620=ADVANCED_FACE('',(#347),#5357,.T.);
#5621=ADVANCED_FACE('',(#348),#5358,.T.);
#5622=ADVANCED_FACE('',(#349),#114,.T.);
#5623=ADVANCED_FACE('',(#350),#5359,.F.);
#5624=ADVANCED_FACE('',(#351),#115,.T.);
#5625=ADVANCED_FACE('',(#352),#5360,.T.);
#5626=ADVANCED_FACE('',(#353),#5361,.T.);
#5627=ADVANCED_FACE('',(#354),#5362,.T.);
#5628=ADVANCED_FACE('',(#355),#116,.T.);
#5629=ADVANCED_FACE('',(#356),#5363,.F.);
#5630=ADVANCED_FACE('',(#357),#117,.T.);
#5631=ADVANCED_FACE('',(#358),#5364,.T.);
#5632=ADVANCED_FACE('',(#359),#5365,.T.);
#5633=ADVANCED_FACE('',(#360),#5366,.T.);
#5634=ADVANCED_FACE('',(#361),#118,.T.);
#5635=ADVANCED_FACE('',(#362),#5367,.F.);
#5636=ADVANCED_FACE('',(#363),#119,.T.);
#5637=ADVANCED_FACE('',(#364),#5368,.T.);
#5638=ADVANCED_FACE('',(#365),#5369,.T.);
#5639=ADVANCED_FACE('',(#366),#5370,.T.);
#5640=ADVANCED_FACE('',(#367),#120,.T.);
#5641=ADVANCED_FACE('',(#368),#5371,.F.);
#5642=ADVANCED_FACE('',(#369),#121,.T.);
#5643=ADVANCED_FACE('',(#370),#5372,.T.);
#5644=ADVANCED_FACE('',(#371),#5373,.T.);
#5645=ADVANCED_FACE('',(#372),#5374,.T.);
#5646=ADVANCED_FACE('',(#373),#122,.T.);
#5647=ADVANCED_FACE('',(#374),#5375,.F.);
#5648=ADVANCED_FACE('',(#375),#123,.T.);
#5649=ADVANCED_FACE('',(#376),#5376,.T.);
#5650=ADVANCED_FACE('',(#377),#5377,.T.);
#5651=ADVANCED_FACE('',(#378),#5378,.T.);
#5652=ADVANCED_FACE('',(#379),#124,.T.);
#5653=ADVANCED_FACE('',(#380),#5379,.F.);
#5654=ADVANCED_FACE('',(#381),#125,.T.);
#5655=ADVANCED_FACE('',(#382),#5380,.T.);
#5656=ADVANCED_FACE('',(#383),#5381,.T.);
#5657=ADVANCED_FACE('',(#384),#5382,.T.);
#5658=ADVANCED_FACE('',(#385),#126,.T.);
#5659=ADVANCED_FACE('',(#386),#5383,.F.);
#5660=ADVANCED_FACE('',(#387),#127,.T.);
#5661=ADVANCED_FACE('',(#388),#5384,.T.);
#5662=ADVANCED_FACE('',(#389),#5385,.T.);
#5663=ADVANCED_FACE('',(#390),#5386,.T.);
#5664=ADVANCED_FACE('',(#391),#128,.T.);
#5665=ADVANCED_FACE('',(#392),#5387,.F.);
#5666=ADVANCED_FACE('',(#393),#129,.T.);
#5667=ADVANCED_FACE('',(#394),#5388,.T.);
#5668=ADVANCED_FACE('',(#395),#5389,.T.);
#5669=ADVANCED_FACE('',(#396),#5390,.T.);
#5670=ADVANCED_FACE('',(#397),#130,.T.);
#5671=ADVANCED_FACE('',(#398),#5391,.F.);
#5672=ADVANCED_FACE('',(#399),#131,.T.);
#5673=ADVANCED_FACE('',(#400),#5392,.T.);
#5674=ADVANCED_FACE('',(#401),#5393,.T.);
#5675=ADVANCED_FACE('',(#402),#5394,.T.);
#5676=ADVANCED_FACE('',(#403),#132,.T.);
#5677=ADVANCED_FACE('',(#404),#5395,.F.);
#5678=ADVANCED_FACE('',(#405),#133,.T.);
#5679=ADVANCED_FACE('',(#406),#5396,.T.);
#5680=ADVANCED_FACE('',(#407),#5397,.T.);
#5681=ADVANCED_FACE('',(#408),#5398,.T.);
#5682=ADVANCED_FACE('',(#409),#134,.T.);
#5683=ADVANCED_FACE('',(#410),#5399,.F.);
#5684=ADVANCED_FACE('',(#411),#135,.T.);
#5685=ADVANCED_FACE('',(#412),#5400,.T.);
#5686=ADVANCED_FACE('',(#413),#5401,.T.);
#5687=ADVANCED_FACE('',(#414),#5402,.T.);
#5688=ADVANCED_FACE('',(#415),#136,.T.);
#5689=ADVANCED_FACE('',(#416),#5403,.F.);
#5690=ADVANCED_FACE('',(#417),#137,.T.);
#5691=ADVANCED_FACE('',(#418),#5404,.T.);
#5692=ADVANCED_FACE('',(#419),#5405,.T.);
#5693=ADVANCED_FACE('',(#420),#5406,.T.);
#5694=ADVANCED_FACE('',(#421),#138,.T.);
#5695=ADVANCED_FACE('',(#422),#5407,.F.);
#5696=ADVANCED_FACE('',(#423),#139,.T.);
#5697=ADVANCED_FACE('',(#424),#5408,.T.);
#5698=ADVANCED_FACE('',(#425),#5409,.T.);
#5699=ADVANCED_FACE('',(#426),#5410,.T.);
#5700=ADVANCED_FACE('',(#427),#140,.T.);
#5701=ADVANCED_FACE('',(#428),#5411,.F.);
#5702=ADVANCED_FACE('',(#429),#141,.T.);
#5703=ADVANCED_FACE('',(#430),#5412,.T.);
#5704=ADVANCED_FACE('',(#431),#5413,.T.);
#5705=ADVANCED_FACE('',(#432),#5414,.T.);
#5706=ADVANCED_FACE('',(#433),#142,.T.);
#5707=ADVANCED_FACE('',(#434),#5415,.F.);
#5708=ADVANCED_FACE('',(#435),#143,.T.);
#5709=ADVANCED_FACE('',(#436),#5416,.T.);
#5710=ADVANCED_FACE('',(#437),#5417,.T.);
#5711=ADVANCED_FACE('',(#438),#5418,.T.);
#5712=ADVANCED_FACE('',(#439),#144,.T.);
#5713=ADVANCED_FACE('',(#440),#5419,.F.);
#5714=ADVANCED_FACE('',(#441,#27,#28,#29,#30,#31,#32,#33,#34,#35),#145,
 .F.);
#5715=ADVANCED_FACE('',(#442,#36,#37,#38,#39,#40,#41,#42,#43,#44,#45,#46,
#47),#146,.T.);
#5716=CLOSED_SHELL('',(#5420,#5421,#5422,#5423,#5424,#5425,#5426,#5427,
#5428,#5429,#5430,#5431,#5432,#5433,#5434,#5435,#5436,#5437,#5438,#5439,
#5440,#5441,#5442,#5443,#5444,#5445,#5446,#5447,#5448,#5449,#5450,#5451,
#5452,#5453,#5454,#5455,#5456,#5457,#5458,#5459,#5460,#5461,#5462,#5463,
#5464,#5465,#5466,#5467,#5468,#5469,#5470,#5471,#5472,#5473,#5474,#5475,
#5476,#5477,#5478,#5479,#5480,#5481,#5482,#5483,#5484,#5485,#5486,#5487,
#5488,#5489,#5490,#5491,#5492,#5493,#5494,#5495,#5496,#5497,#5498,#5499,
#5500,#5501,#5502,#5503,#5504,#5505,#5506,#5507,#5508,#5509,#5510,#5511,
#5512,#5513,#5514,#5515,#5516,#5517,#5518,#5519,#5520,#5521,#5522,#5523,
#5524,#5525,#5526,#5527,#5528,#5529,#5530,#5531,#5532,#5533,#5534,#5535,
#5536,#5537,#5538,#5539,#5540,#5541,#5542,#5543,#5544,#5545,#5546,#5547,
#5548,#5549,#5550,#5551,#5552,#5553,#5554,#5555,#5556,#5557,#5558,#5559,
#5560,#5561,#5562,#5563,#5564,#5565,#5566,#5567,#5568,#5569,#5570,#5571,
#5572,#5573,#5574,#5575,#5576,#5577,#5578,#5579,#5580,#5581,#5582,#5583,
#5584,#5585,#5586,#5587,#5588,#5589,#5590,#5591,#5592,#5593,#5594,#5595,
#5596,#5597,#5598,#5599,#5600,#5601,#5602,#5603,#5604,#5605,#5606,#5607,
#5608,#5609,#5610,#5611,#5612,#5613,#5614,#5615,#5616,#5617,#5618,#5619,
#5620,#5621,#5622,#5623,#5624,#5625,#5626,#5627,#5628,#5629,#5630,#5631,
#5632,#5633,#5634,#5635,#5636,#5637,#5638,#5639,#5640,#5641,#5642,#5643,
#5644,#5645,#5646,#5647,#5648,#5649,#5650,#5651,#5652,#5653,#5654,#5655,
#5656,#5657,#5658,#5659,#5660,#5661,#5662,#5663,#5664,#5665,#5666,#5667,
#5668,#5669,#5670,#5671,#5672,#5673,#5674,#5675,#5676,#5677,#5678,#5679,
#5680,#5681,#5682,#5683,#5684,#5685,#5686,#5687,#5688,#5689,#5690,#5691,
#5692,#5693,#5694,#5695,#5696,#5697,#5698,#5699,#5700,#5701,#5702,#5703,
#5704,#5705,#5706,#5707,#5708,#5709,#5710,#5711,#5712,#5713,#5714,#5715));
#5717=DERIVED_UNIT_ELEMENT(#5719,1.);
#5718=DERIVED_UNIT_ELEMENT(#9990,-3.);
#5719=(
MASS_UNIT()
NAMED_UNIT(*)
SI_UNIT(.KILO.,.GRAM.)
);
#5720=DERIVED_UNIT((#5717,#5718));
#5721=MEASURE_REPRESENTATION_ITEM('density measure',
POSITIVE_RATIO_MEASURE(7850.),#5720);
#5722=PROPERTY_DEFINITION_REPRESENTATION(#5727,#5724);
#5723=PROPERTY_DEFINITION_REPRESENTATION(#5728,#5725);
#5724=REPRESENTATION('material name',(#5726),#9987);
#5725=REPRESENTATION('density',(#5721),#9987);
#5726=DESCRIPTIVE_REPRESENTATION_ITEM('Steel','Steel');
#5727=PROPERTY_DEFINITION('material property','material name',#9997);
#5728=PROPERTY_DEFINITION('material property','density of part',#9997);
#5729=AXIS2_PLACEMENT_3D('',#8263,#6420,#6421);
#5730=AXIS2_PLACEMENT_3D('',#8264,#6422,#6423);
#5731=AXIS2_PLACEMENT_3D('',#8266,#6424,#6425);
#5732=AXIS2_PLACEMENT_3D('',#8269,#6427,#6428);
#5733=AXIS2_PLACEMENT_3D('',#8270,#6429,#6430);
#5734=AXIS2_PLACEMENT_3D('',#8272,#6431,#6432);
#5735=AXIS2_PLACEMENT_3D('',#8275,#6434,#6435);
#5736=AXIS2_PLACEMENT_3D('',#8276,#6436,#6437);
#5737=AXIS2_PLACEMENT_3D('',#8278,#6438,#6439);
#5738=AXIS2_PLACEMENT_3D('',#8281,#6441,#6442);
#5739=AXIS2_PLACEMENT_3D('',#8282,#6443,#6444);
#5740=AXIS2_PLACEMENT_3D('',#8284,#6445,#6446);
#5741=AXIS2_PLACEMENT_3D('',#8287,#6448,#6449);
#5742=AXIS2_PLACEMENT_3D('',#8288,#6450,#6451);
#5743=AXIS2_PLACEMENT_3D('',#8290,#6452,#6453);
#5744=AXIS2_PLACEMENT_3D('',#8293,#6455,#6456);
#5745=AXIS2_PLACEMENT_3D('',#8294,#6457,#6458);
#5746=AXIS2_PLACEMENT_3D('',#8296,#6459,#6460);
#5747=AXIS2_PLACEMENT_3D('',#8297,#6461,#6462);
#5748=AXIS2_PLACEMENT_3D('',#8299,#6463,#6464);
#5749=AXIS2_PLACEMENT_3D('',#8302,#6466,#6467);
#5750=AXIS2_PLACEMENT_3D('',#8303,#6468,#6469);
#5751=AXIS2_PLACEMENT_3D('',#8305,#6470,#6471);
#5752=AXIS2_PLACEMENT_3D('',#8306,#6472,#6473);
#5753=AXIS2_PLACEMENT_3D('',#8308,#6474,#6475);
#5754=AXIS2_PLACEMENT_3D('',#8311,#6477,#6478);
#5755=AXIS2_PLACEMENT_3D('',#8312,#6479,#6480);
#5756=AXIS2_PLACEMENT_3D('',#8314,#6481,#6482);
#5757=AXIS2_PLACEMENT_3D('',#8315,#6483,#6484);
#5758=AXIS2_PLACEMENT_3D('',#8317,#6485,#6486);
#5759=AXIS2_PLACEMENT_3D('',#8320,#6488,#6489);
#5760=AXIS2_PLACEMENT_3D('',#8321,#6490,#6491);
#5761=AXIS2_PLACEMENT_3D('',#8323,#6492,#6493);
#5762=AXIS2_PLACEMENT_3D('',#8324,#6494,#6495);
#5763=AXIS2_PLACEMENT_3D('',#8326,#6496,#6497);
#5764=AXIS2_PLACEMENT_3D('',#8329,#6499,#6500);
#5765=AXIS2_PLACEMENT_3D('',#8330,#6501,#6502);
#5766=AXIS2_PLACEMENT_3D('',#8332,#6503,#6504);
#5767=AXIS2_PLACEMENT_3D('',#8333,#6505,#6506);
#5768=AXIS2_PLACEMENT_3D('',#8335,#6507,#6508);
#5769=AXIS2_PLACEMENT_3D('',#8338,#6510,#6511);
#5770=AXIS2_PLACEMENT_3D('',#8339,#6512,#6513);
#5771=AXIS2_PLACEMENT_3D('',#8341,#6514,#6515);
#5772=AXIS2_PLACEMENT_3D('',#8342,#6516,#6517);
#5773=AXIS2_PLACEMENT_3D('',#8344,#6518,#6519);
#5774=AXIS2_PLACEMENT_3D('',#8347,#6521,#6522);
#5775=AXIS2_PLACEMENT_3D('',#8348,#6523,#6524);
#5776=AXIS2_PLACEMENT_3D('',#8350,#6525,#6526);
#5777=AXIS2_PLACEMENT_3D('',#8351,#6527,#6528);
#5778=AXIS2_PLACEMENT_3D('',#8353,#6529,#6530);
#5779=AXIS2_PLACEMENT_3D('',#8356,#6532,#6533);
#5780=AXIS2_PLACEMENT_3D('',#8357,#6534,#6535);
#5781=AXIS2_PLACEMENT_3D('',#8359,#6536,#6537);
#5782=AXIS2_PLACEMENT_3D('',#8360,#6538,#6539);
#5783=AXIS2_PLACEMENT_3D('',#8362,#6540,#6541);
#5784=AXIS2_PLACEMENT_3D('',#8364,#6543,#6544);
#5785=AXIS2_PLACEMENT_3D('',#8366,#6545,#6546);
#5786=AXIS2_PLACEMENT_3D('',#8368,#6548,#6549);
#5787=AXIS2_PLACEMENT_3D('',#8370,#6550,#6551);
#5788=AXIS2_PLACEMENT_3D('',#8372,#6553,#6554);
#5789=AXIS2_PLACEMENT_3D('',#8374,#6555,#6556);
#5790=AXIS2_PLACEMENT_3D('',#8376,#6558,#6559);
#5791=AXIS2_PLACEMENT_3D('',#8378,#6560,#6561);
#5792=AXIS2_PLACEMENT_3D('',#8380,#6563,#6564);
#5793=AXIS2_PLACEMENT_3D('',#8382,#6565,#6566);
#5794=AXIS2_PLACEMENT_3D('',#8384,#6568,#6569);
#5795=AXIS2_PLACEMENT_3D('',#8386,#6570,#6571);
#5796=AXIS2_PLACEMENT_3D('',#8388,#6573,#6574);
#5797=AXIS2_PLACEMENT_3D('',#8390,#6575,#6576);
#5798=AXIS2_PLACEMENT_3D('',#8392,#6578,#6579);
#5799=AXIS2_PLACEMENT_3D('',#8394,#6580,#6581);
#5800=AXIS2_PLACEMENT_3D('',#8395,#6582,#6583);
#5801=AXIS2_PLACEMENT_3D('',#8398,#6585,#6586);
#5802=AXIS2_PLACEMENT_3D('',#8399,#6587,#6588);
#5803=AXIS2_PLACEMENT_3D('',#8408,#6593,#6594);
#5804=AXIS2_PLACEMENT_3D('',#8410,#6595,#6596);
#5805=AXIS2_PLACEMENT_3D('',#8412,#6597,#6598);
#5806=AXIS2_PLACEMENT_3D('',#8414,#6600,#6601);
#5807=AXIS2_PLACEMENT_3D('',#8416,#6602,#6603);
#5808=AXIS2_PLACEMENT_3D('',#8418,#6604,#6605);
#5809=AXIS2_PLACEMENT_3D('',#8420,#6607,#6608);
#5810=AXIS2_PLACEMENT_3D('',#8422,#6609,#6610);
#5811=AXIS2_PLACEMENT_3D('',#8424,#6611,#6612);
#5812=AXIS2_PLACEMENT_3D('',#8426,#6614,#6615);
#5813=AXIS2_PLACEMENT_3D('',#8432,#6619,#6620);
#5814=AXIS2_PLACEMENT_3D('',#8434,#6621,#6622);
#5815=AXIS2_PLACEMENT_3D('',#8436,#6623,#6624);
#5816=AXIS2_PLACEMENT_3D('',#8438,#6626,#6627);
#5817=AXIS2_PLACEMENT_3D('',#8444,#6631,#6632);
#5818=AXIS2_PLACEMENT_3D('',#8446,#6633,#6634);
#5819=AXIS2_PLACEMENT_3D('',#8448,#6635,#6636);
#5820=AXIS2_PLACEMENT_3D('',#8450,#6638,#6639);
#5821=AXIS2_PLACEMENT_3D('',#8452,#6640,#6641);
#5822=AXIS2_PLACEMENT_3D('',#8454,#6642,#6643);
#5823=AXIS2_PLACEMENT_3D('',#8456,#6645,#6646);
#5824=AXIS2_PLACEMENT_3D('',#8458,#6647,#6648);
#5825=AXIS2_PLACEMENT_3D('',#8460,#6649,#6650);
#5826=AXIS2_PLACEMENT_3D('',#8462,#6652,#6653);
#5827=AXIS2_PLACEMENT_3D('',#8468,#6657,#6658);
#5828=AXIS2_PLACEMENT_3D('',#8470,#6659,#6660);
#5829=AXIS2_PLACEMENT_3D('',#8472,#6661,#6662);
#5830=AXIS2_PLACEMENT_3D('',#8474,#6664,#6665);
#5831=AXIS2_PLACEMENT_3D('',#8480,#6669,#6670);
#5832=AXIS2_PLACEMENT_3D('',#8482,#6671,#6672);
#5833=AXIS2_PLACEMENT_3D('',#8484,#6673,#6674);
#5834=AXIS2_PLACEMENT_3D('',#8486,#6676,#6677);
#5835=AXIS2_PLACEMENT_3D('',#8488,#6678,#6679);
#5836=AXIS2_PLACEMENT_3D('',#8490,#6680,#6681);
#5837=AXIS2_PLACEMENT_3D('',#8492,#6683,#6684);
#5838=AXIS2_PLACEMENT_3D('',#8494,#6685,#6686);
#5839=AXIS2_PLACEMENT_3D('',#8496,#6687,#6688);
#5840=AXIS2_PLACEMENT_3D('',#8498,#6690,#6691);
#5841=AXIS2_PLACEMENT_3D('',#8504,#6695,#6696);
#5842=AXIS2_PLACEMENT_3D('',#8506,#6697,#6698);
#5843=AXIS2_PLACEMENT_3D('',#8508,#6699,#6700);
#5844=AXIS2_PLACEMENT_3D('',#8510,#6702,#6703);
#5845=AXIS2_PLACEMENT_3D('',#8516,#6707,#6708);
#5846=AXIS2_PLACEMENT_3D('',#8518,#6709,#6710);
#5847=AXIS2_PLACEMENT_3D('',#8520,#6711,#6712);
#5848=AXIS2_PLACEMENT_3D('',#8522,#6714,#6715);
#5849=AXIS2_PLACEMENT_3D('',#8524,#6716,#6717);
#5850=AXIS2_PLACEMENT_3D('',#8526,#6718,#6719);
#5851=AXIS2_PLACEMENT_3D('',#8528,#6721,#6722);
#5852=AXIS2_PLACEMENT_3D('',#8530,#6723,#6724);
#5853=AXIS2_PLACEMENT_3D('',#8532,#6725,#6726);
#5854=AXIS2_PLACEMENT_3D('',#8534,#6728,#6729);
#5855=AXIS2_PLACEMENT_3D('',#8540,#6733,#6734);
#5856=AXIS2_PLACEMENT_3D('',#8542,#6735,#6736);
#5857=AXIS2_PLACEMENT_3D('',#8544,#6737,#6738);
#5858=AXIS2_PLACEMENT_3D('',#8546,#6740,#6741);
#5859=AXIS2_PLACEMENT_3D('',#8552,#6745,#6746);
#5860=AXIS2_PLACEMENT_3D('',#8554,#6747,#6748);
#5861=AXIS2_PLACEMENT_3D('',#8556,#6749,#6750);
#5862=AXIS2_PLACEMENT_3D('',#8558,#6752,#6753);
#5863=AXIS2_PLACEMENT_3D('',#8560,#6754,#6755);
#5864=AXIS2_PLACEMENT_3D('',#8562,#6756,#6757);
#5865=AXIS2_PLACEMENT_3D('',#8564,#6759,#6760);
#5866=AXIS2_PLACEMENT_3D('',#8566,#6761,#6762);
#5867=AXIS2_PLACEMENT_3D('',#8568,#6763,#6764);
#5868=AXIS2_PLACEMENT_3D('',#8570,#6766,#6767);
#5869=AXIS2_PLACEMENT_3D('',#8576,#6771,#6772);
#5870=AXIS2_PLACEMENT_3D('',#8578,#6773,#6774);
#5871=AXIS2_PLACEMENT_3D('',#8580,#6775,#6776);
#5872=AXIS2_PLACEMENT_3D('',#8582,#6778,#6779);
#5873=AXIS2_PLACEMENT_3D('',#8588,#6783,#6784);
#5874=AXIS2_PLACEMENT_3D('',#8590,#6785,#6786);
#5875=AXIS2_PLACEMENT_3D('',#8592,#6787,#6788);
#5876=AXIS2_PLACEMENT_3D('',#8594,#6790,#6791);
#5877=AXIS2_PLACEMENT_3D('',#8596,#6792,#6793);
#5878=AXIS2_PLACEMENT_3D('',#8598,#6794,#6795);
#5879=AXIS2_PLACEMENT_3D('',#8600,#6797,#6798);
#5880=AXIS2_PLACEMENT_3D('',#8602,#6799,#6800);
#5881=AXIS2_PLACEMENT_3D('',#8604,#6801,#6802);
#5882=AXIS2_PLACEMENT_3D('',#8606,#6804,#6805);
#5883=AXIS2_PLACEMENT_3D('',#8612,#6809,#6810);
#5884=AXIS2_PLACEMENT_3D('',#8614,#6811,#6812);
#5885=AXIS2_PLACEMENT_3D('',#8616,#6813,#6814);
#5886=AXIS2_PLACEMENT_3D('',#8618,#6816,#6817);
#5887=AXIS2_PLACEMENT_3D('',#8624,#6821,#6822);
#5888=AXIS2_PLACEMENT_3D('',#8626,#6823,#6824);
#5889=AXIS2_PLACEMENT_3D('',#8628,#6825,#6826);
#5890=AXIS2_PLACEMENT_3D('',#8630,#6828,#6829);
#5891=AXIS2_PLACEMENT_3D('',#8632,#6830,#6831);
#5892=AXIS2_PLACEMENT_3D('',#8634,#6832,#6833);
#5893=AXIS2_PLACEMENT_3D('',#8636,#6835,#6836);
#5894=AXIS2_PLACEMENT_3D('',#8638,#6837,#6838);
#5895=AXIS2_PLACEMENT_3D('',#8640,#6839,#6840);
#5896=AXIS2_PLACEMENT_3D('',#8642,#6842,#6843);
#5897=AXIS2_PLACEMENT_3D('',#8648,#6847,#6848);
#5898=AXIS2_PLACEMENT_3D('',#8650,#6849,#6850);
#5899=AXIS2_PLACEMENT_3D('',#8652,#6851,#6852);
#5900=AXIS2_PLACEMENT_3D('',#8654,#6854,#6855);
#5901=AXIS2_PLACEMENT_3D('',#8660,#6859,#6860);
#5902=AXIS2_PLACEMENT_3D('',#8662,#6861,#6862);
#5903=AXIS2_PLACEMENT_3D('',#8664,#6863,#6864);
#5904=AXIS2_PLACEMENT_3D('',#8666,#6866,#6867);
#5905=AXIS2_PLACEMENT_3D('',#8668,#6868,#6869);
#5906=AXIS2_PLACEMENT_3D('',#8670,#6870,#6871);
#5907=AXIS2_PLACEMENT_3D('',#8672,#6873,#6874);
#5908=AXIS2_PLACEMENT_3D('',#8674,#6875,#6876);
#5909=AXIS2_PLACEMENT_3D('',#8676,#6877,#6878);
#5910=AXIS2_PLACEMENT_3D('',#8678,#6880,#6881);
#5911=AXIS2_PLACEMENT_3D('',#8684,#6885,#6886);
#5912=AXIS2_PLACEMENT_3D('',#8686,#6887,#6888);
#5913=AXIS2_PLACEMENT_3D('',#8688,#6889,#6890);
#5914=AXIS2_PLACEMENT_3D('',#8690,#6892,#6893);
#5915=AXIS2_PLACEMENT_3D('',#8696,#6897,#6898);
#5916=AXIS2_PLACEMENT_3D('',#8698,#6899,#6900);
#5917=AXIS2_PLACEMENT_3D('',#8700,#6901,#6902);
#5918=AXIS2_PLACEMENT_3D('',#8702,#6904,#6905);
#5919=AXIS2_PLACEMENT_3D('',#8704,#6906,#6907);
#5920=AXIS2_PLACEMENT_3D('',#8706,#6908,#6909);
#5921=AXIS2_PLACEMENT_3D('',#8708,#6911,#6912);
#5922=AXIS2_PLACEMENT_3D('',#8710,#6913,#6914);
#5923=AXIS2_PLACEMENT_3D('',#8712,#6915,#6916);
#5924=AXIS2_PLACEMENT_3D('',#8714,#6918,#6919);
#5925=AXIS2_PLACEMENT_3D('',#8720,#6923,#6924);
#5926=AXIS2_PLACEMENT_3D('',#8722,#6925,#6926);
#5927=AXIS2_PLACEMENT_3D('',#8724,#6927,#6928);
#5928=AXIS2_PLACEMENT_3D('',#8726,#6930,#6931);
#5929=AXIS2_PLACEMENT_3D('',#8732,#6935,#6936);
#5930=AXIS2_PLACEMENT_3D('',#8734,#6937,#6938);
#5931=AXIS2_PLACEMENT_3D('',#8736,#6939,#6940);
#5932=AXIS2_PLACEMENT_3D('',#8738,#6942,#6943);
#5933=AXIS2_PLACEMENT_3D('',#8740,#6944,#6945);
#5934=AXIS2_PLACEMENT_3D('',#8742,#6946,#6947);
#5935=AXIS2_PLACEMENT_3D('',#8744,#6949,#6950);
#5936=AXIS2_PLACEMENT_3D('',#8746,#6951,#6952);
#5937=AXIS2_PLACEMENT_3D('',#8748,#6953,#6954);
#5938=AXIS2_PLACEMENT_3D('',#8750,#6956,#6957);
#5939=AXIS2_PLACEMENT_3D('',#8756,#6961,#6962);
#5940=AXIS2_PLACEMENT_3D('',#8758,#6963,#6964);
#5941=AXIS2_PLACEMENT_3D('',#8760,#6965,#6966);
#5942=AXIS2_PLACEMENT_3D('',#8762,#6968,#6969);
#5943=AXIS2_PLACEMENT_3D('',#8768,#6973,#6974);
#5944=AXIS2_PLACEMENT_3D('',#8770,#6975,#6976);
#5945=AXIS2_PLACEMENT_3D('',#8772,#6977,#6978);
#5946=AXIS2_PLACEMENT_3D('',#8774,#6980,#6981);
#5947=AXIS2_PLACEMENT_3D('',#8776,#6982,#6983);
#5948=AXIS2_PLACEMENT_3D('',#8778,#6984,#6985);
#5949=AXIS2_PLACEMENT_3D('',#8780,#6987,#6988);
#5950=AXIS2_PLACEMENT_3D('',#8782,#6989,#6990);
#5951=AXIS2_PLACEMENT_3D('',#8784,#6991,#6992);
#5952=AXIS2_PLACEMENT_3D('',#8786,#6994,#6995);
#5953=AXIS2_PLACEMENT_3D('',#8792,#6999,#7000);
#5954=AXIS2_PLACEMENT_3D('',#8794,#7001,#7002);
#5955=AXIS2_PLACEMENT_3D('',#8796,#7003,#7004);
#5956=AXIS2_PLACEMENT_3D('',#8798,#7006,#7007);
#5957=AXIS2_PLACEMENT_3D('',#8804,#7011,#7012);
#5958=AXIS2_PLACEMENT_3D('',#8806,#7013,#7014);
#5959=AXIS2_PLACEMENT_3D('',#8808,#7015,#7016);
#5960=AXIS2_PLACEMENT_3D('',#8810,#7018,#7019);
#5961=AXIS2_PLACEMENT_3D('',#8812,#7020,#7021);
#5962=AXIS2_PLACEMENT_3D('',#8814,#7022,#7023);
#5963=AXIS2_PLACEMENT_3D('',#8816,#7025,#7026);
#5964=AXIS2_PLACEMENT_3D('',#8818,#7027,#7028);
#5965=AXIS2_PLACEMENT_3D('',#8820,#7029,#7030);
#5966=AXIS2_PLACEMENT_3D('',#8822,#7032,#7033);
#5967=AXIS2_PLACEMENT_3D('',#8828,#7037,#7038);
#5968=AXIS2_PLACEMENT_3D('',#8830,#7039,#7040);
#5969=AXIS2_PLACEMENT_3D('',#8832,#7041,#7042);
#5970=AXIS2_PLACEMENT_3D('',#8834,#7044,#7045);
#5971=AXIS2_PLACEMENT_3D('',#8840,#7049,#7050);
#5972=AXIS2_PLACEMENT_3D('',#8842,#7051,#7052);
#5973=AXIS2_PLACEMENT_3D('',#8844,#7053,#7054);
#5974=AXIS2_PLACEMENT_3D('',#8846,#7056,#7057);
#5975=AXIS2_PLACEMENT_3D('',#8848,#7058,#7059);
#5976=AXIS2_PLACEMENT_3D('',#8850,#7060,#7061);
#5977=AXIS2_PLACEMENT_3D('',#8852,#7063,#7064);
#5978=AXIS2_PLACEMENT_3D('',#8854,#7065,#7066);
#5979=AXIS2_PLACEMENT_3D('',#8856,#7067,#7068);
#5980=AXIS2_PLACEMENT_3D('',#8858,#7070,#7071);
#5981=AXIS2_PLACEMENT_3D('',#8864,#7075,#7076);
#5982=AXIS2_PLACEMENT_3D('',#8866,#7077,#7078);
#5983=AXIS2_PLACEMENT_3D('',#8868,#7079,#7080);
#5984=AXIS2_PLACEMENT_3D('',#8870,#7082,#7083);
#5985=AXIS2_PLACEMENT_3D('',#8876,#7087,#7088);
#5986=AXIS2_PLACEMENT_3D('',#8878,#7089,#7090);
#5987=AXIS2_PLACEMENT_3D('',#8880,#7091,#7092);
#5988=AXIS2_PLACEMENT_3D('',#8882,#7094,#7095);
#5989=AXIS2_PLACEMENT_3D('',#8884,#7096,#7097);
#5990=AXIS2_PLACEMENT_3D('',#8886,#7098,#7099);
#5991=AXIS2_PLACEMENT_3D('',#8888,#7101,#7102);
#5992=AXIS2_PLACEMENT_3D('',#8890,#7103,#7104);
#5993=AXIS2_PLACEMENT_3D('',#8892,#7105,#7106);
#5994=AXIS2_PLACEMENT_3D('',#8894,#7108,#7109);
#5995=AXIS2_PLACEMENT_3D('',#8900,#7113,#7114);
#5996=AXIS2_PLACEMENT_3D('',#8902,#7115,#7116);
#5997=AXIS2_PLACEMENT_3D('',#8904,#7117,#7118);
#5998=AXIS2_PLACEMENT_3D('',#8906,#7120,#7121);
#5999=AXIS2_PLACEMENT_3D('',#8912,#7125,#7126);
#6000=AXIS2_PLACEMENT_3D('',#8914,#7127,#7128);
#6001=AXIS2_PLACEMENT_3D('',#8916,#7129,#7130);
#6002=AXIS2_PLACEMENT_3D('',#8918,#7132,#7133);
#6003=AXIS2_PLACEMENT_3D('',#8920,#7134,#7135);
#6004=AXIS2_PLACEMENT_3D('',#8922,#7136,#7137);
#6005=AXIS2_PLACEMENT_3D('',#8924,#7139,#7140);
#6006=AXIS2_PLACEMENT_3D('',#8926,#7141,#7142);
#6007=AXIS2_PLACEMENT_3D('',#8928,#7143,#7144);
#6008=AXIS2_PLACEMENT_3D('',#8930,#7146,#7147);
#6009=AXIS2_PLACEMENT_3D('',#8936,#7151,#7152);
#6010=AXIS2_PLACEMENT_3D('',#8938,#7153,#7154);
#6011=AXIS2_PLACEMENT_3D('',#8940,#7155,#7156);
#6012=AXIS2_PLACEMENT_3D('',#8942,#7158,#7159);
#6013=AXIS2_PLACEMENT_3D('',#8948,#7163,#7164);
#6014=AXIS2_PLACEMENT_3D('',#8950,#7165,#7166);
#6015=AXIS2_PLACEMENT_3D('',#8952,#7167,#7168);
#6016=AXIS2_PLACEMENT_3D('',#8954,#7170,#7171);
#6017=AXIS2_PLACEMENT_3D('',#8956,#7172,#7173);
#6018=AXIS2_PLACEMENT_3D('',#8958,#7174,#7175);
#6019=AXIS2_PLACEMENT_3D('',#8960,#7177,#7178);
#6020=AXIS2_PLACEMENT_3D('',#8962,#7179,#7180);
#6021=AXIS2_PLACEMENT_3D('',#8964,#7181,#7182);
#6022=AXIS2_PLACEMENT_3D('',#8966,#7184,#7185);
#6023=AXIS2_PLACEMENT_3D('',#8972,#7189,#7190);
#6024=AXIS2_PLACEMENT_3D('',#8974,#7191,#7192);
#6025=AXIS2_PLACEMENT_3D('',#8976,#7193,#7194);
#6026=AXIS2_PLACEMENT_3D('',#8978,#7196,#7197);
#6027=AXIS2_PLACEMENT_3D('',#8984,#7201,#7202);
#6028=AXIS2_PLACEMENT_3D('',#8986,#7203,#7204);
#6029=AXIS2_PLACEMENT_3D('',#8988,#7205,#7206);
#6030=AXIS2_PLACEMENT_3D('',#8990,#7208,#7209);
#6031=AXIS2_PLACEMENT_3D('',#8992,#7210,#7211);
#6032=AXIS2_PLACEMENT_3D('',#8994,#7212,#7213);
#6033=AXIS2_PLACEMENT_3D('',#8996,#7215,#7216);
#6034=AXIS2_PLACEMENT_3D('',#8998,#7217,#7218);
#6035=AXIS2_PLACEMENT_3D('',#9000,#7219,#7220);
#6036=AXIS2_PLACEMENT_3D('',#9002,#7222,#7223);
#6037=AXIS2_PLACEMENT_3D('',#9008,#7227,#7228);
#6038=AXIS2_PLACEMENT_3D('',#9010,#7229,#7230);
#6039=AXIS2_PLACEMENT_3D('',#9012,#7231,#7232);
#6040=AXIS2_PLACEMENT_3D('',#9014,#7234,#7235);
#6041=AXIS2_PLACEMENT_3D('',#9020,#7239,#7240);
#6042=AXIS2_PLACEMENT_3D('',#9022,#7241,#7242);
#6043=AXIS2_PLACEMENT_3D('',#9024,#7243,#7244);
#6044=AXIS2_PLACEMENT_3D('',#9026,#7246,#7247);
#6045=AXIS2_PLACEMENT_3D('',#9028,#7248,#7249);
#6046=AXIS2_PLACEMENT_3D('',#9030,#7250,#7251);
#6047=AXIS2_PLACEMENT_3D('',#9032,#7253,#7254);
#6048=AXIS2_PLACEMENT_3D('',#9034,#7255,#7256);
#6049=AXIS2_PLACEMENT_3D('',#9036,#7257,#7258);
#6050=AXIS2_PLACEMENT_3D('',#9038,#7260,#7261);
#6051=AXIS2_PLACEMENT_3D('',#9044,#7265,#7266);
#6052=AXIS2_PLACEMENT_3D('',#9046,#7267,#7268);
#6053=AXIS2_PLACEMENT_3D('',#9048,#7269,#7270);
#6054=AXIS2_PLACEMENT_3D('',#9050,#7272,#7273);
#6055=AXIS2_PLACEMENT_3D('',#9056,#7277,#7278);
#6056=AXIS2_PLACEMENT_3D('',#9058,#7279,#7280);
#6057=AXIS2_PLACEMENT_3D('',#9060,#7281,#7282);
#6058=AXIS2_PLACEMENT_3D('',#9062,#7284,#7285);
#6059=AXIS2_PLACEMENT_3D('',#9064,#7286,#7287);
#6060=AXIS2_PLACEMENT_3D('',#9066,#7288,#7289);
#6061=AXIS2_PLACEMENT_3D('',#9068,#7291,#7292);
#6062=AXIS2_PLACEMENT_3D('',#9070,#7293,#7294);
#6063=AXIS2_PLACEMENT_3D('',#9072,#7295,#7296);
#6064=AXIS2_PLACEMENT_3D('',#9074,#7298,#7299);
#6065=AXIS2_PLACEMENT_3D('',#9080,#7303,#7304);
#6066=AXIS2_PLACEMENT_3D('',#9082,#7305,#7306);
#6067=AXIS2_PLACEMENT_3D('',#9084,#7307,#7308);
#6068=AXIS2_PLACEMENT_3D('',#9086,#7310,#7311);
#6069=AXIS2_PLACEMENT_3D('',#9092,#7315,#7316);
#6070=AXIS2_PLACEMENT_3D('',#9094,#7317,#7318);
#6071=AXIS2_PLACEMENT_3D('',#9096,#7319,#7320);
#6072=AXIS2_PLACEMENT_3D('',#9098,#7322,#7323);
#6073=AXIS2_PLACEMENT_3D('',#9100,#7324,#7325);
#6074=AXIS2_PLACEMENT_3D('',#9102,#7326,#7327);
#6075=AXIS2_PLACEMENT_3D('',#9104,#7329,#7330);
#6076=AXIS2_PLACEMENT_3D('',#9106,#7331,#7332);
#6077=AXIS2_PLACEMENT_3D('',#9108,#7333,#7334);
#6078=AXIS2_PLACEMENT_3D('',#9110,#7336,#7337);
#6079=AXIS2_PLACEMENT_3D('',#9116,#7341,#7342);
#6080=AXIS2_PLACEMENT_3D('',#9118,#7343,#7344);
#6081=AXIS2_PLACEMENT_3D('',#9120,#7345,#7346);
#6082=AXIS2_PLACEMENT_3D('',#9122,#7348,#7349);
#6083=AXIS2_PLACEMENT_3D('',#9128,#7353,#7354);
#6084=AXIS2_PLACEMENT_3D('',#9130,#7355,#7356);
#6085=AXIS2_PLACEMENT_3D('',#9132,#7357,#7358);
#6086=AXIS2_PLACEMENT_3D('',#9134,#7360,#7361);
#6087=AXIS2_PLACEMENT_3D('',#9136,#7362,#7363);
#6088=AXIS2_PLACEMENT_3D('',#9138,#7364,#7365);
#6089=AXIS2_PLACEMENT_3D('',#9140,#7367,#7368);
#6090=AXIS2_PLACEMENT_3D('',#9142,#7369,#7370);
#6091=AXIS2_PLACEMENT_3D('',#9144,#7371,#7372);
#6092=AXIS2_PLACEMENT_3D('',#9146,#7374,#7375);
#6093=AXIS2_PLACEMENT_3D('',#9152,#7379,#7380);
#6094=AXIS2_PLACEMENT_3D('',#9154,#7381,#7382);
#6095=AXIS2_PLACEMENT_3D('',#9156,#7383,#7384);
#6096=AXIS2_PLACEMENT_3D('',#9158,#7386,#7387);
#6097=AXIS2_PLACEMENT_3D('',#9164,#7391,#7392);
#6098=AXIS2_PLACEMENT_3D('',#9166,#7393,#7394);
#6099=AXIS2_PLACEMENT_3D('',#9168,#7395,#7396);
#6100=AXIS2_PLACEMENT_3D('',#9170,#7398,#7399);
#6101=AXIS2_PLACEMENT_3D('',#9172,#7400,#7401);
#6102=AXIS2_PLACEMENT_3D('',#9174,#7402,#7403);
#6103=AXIS2_PLACEMENT_3D('',#9176,#7405,#7406);
#6104=AXIS2_PLACEMENT_3D('',#9178,#7407,#7408);
#6105=AXIS2_PLACEMENT_3D('',#9180,#7409,#7410);
#6106=AXIS2_PLACEMENT_3D('',#9182,#7412,#7413);
#6107=AXIS2_PLACEMENT_3D('',#9188,#7417,#7418);
#6108=AXIS2_PLACEMENT_3D('',#9190,#7419,#7420);
#6109=AXIS2_PLACEMENT_3D('',#9192,#7421,#7422);
#6110=AXIS2_PLACEMENT_3D('',#9194,#7424,#7425);
#6111=AXIS2_PLACEMENT_3D('',#9200,#7429,#7430);
#6112=AXIS2_PLACEMENT_3D('',#9202,#7431,#7432);
#6113=AXIS2_PLACEMENT_3D('',#9204,#7433,#7434);
#6114=AXIS2_PLACEMENT_3D('',#9206,#7436,#7437);
#6115=AXIS2_PLACEMENT_3D('',#9208,#7438,#7439);
#6116=AXIS2_PLACEMENT_3D('',#9210,#7440,#7441);
#6117=AXIS2_PLACEMENT_3D('',#9212,#7443,#7444);
#6118=AXIS2_PLACEMENT_3D('',#9214,#7445,#7446);
#6119=AXIS2_PLACEMENT_3D('',#9216,#7447,#7448);
#6120=AXIS2_PLACEMENT_3D('',#9218,#7450,#7451);
#6121=AXIS2_PLACEMENT_3D('',#9224,#7455,#7456);
#6122=AXIS2_PLACEMENT_3D('',#9226,#7457,#7458);
#6123=AXIS2_PLACEMENT_3D('',#9228,#7459,#7460);
#6124=AXIS2_PLACEMENT_3D('',#9230,#7462,#7463);
#6125=AXIS2_PLACEMENT_3D('',#9236,#7467,#7468);
#6126=AXIS2_PLACEMENT_3D('',#9238,#7469,#7470);
#6127=AXIS2_PLACEMENT_3D('',#9240,#7471,#7472);
#6128=AXIS2_PLACEMENT_3D('',#9242,#7474,#7475);
#6129=AXIS2_PLACEMENT_3D('',#9244,#7476,#7477);
#6130=AXIS2_PLACEMENT_3D('',#9246,#7478,#7479);
#6131=AXIS2_PLACEMENT_3D('',#9248,#7481,#7482);
#6132=AXIS2_PLACEMENT_3D('',#9250,#7483,#7484);
#6133=AXIS2_PLACEMENT_3D('',#9252,#7485,#7486);
#6134=AXIS2_PLACEMENT_3D('',#9254,#7488,#7489);
#6135=AXIS2_PLACEMENT_3D('',#9260,#7493,#7494);
#6136=AXIS2_PLACEMENT_3D('',#9262,#7495,#7496);
#6137=AXIS2_PLACEMENT_3D('',#9264,#7497,#7498);
#6138=AXIS2_PLACEMENT_3D('',#9266,#7500,#7501);
#6139=AXIS2_PLACEMENT_3D('',#9272,#7505,#7506);
#6140=AXIS2_PLACEMENT_3D('',#9274,#7507,#7508);
#6141=AXIS2_PLACEMENT_3D('',#9276,#7509,#7510);
#6142=AXIS2_PLACEMENT_3D('',#9278,#7512,#7513);
#6143=AXIS2_PLACEMENT_3D('',#9280,#7514,#7515);
#6144=AXIS2_PLACEMENT_3D('',#9282,#7516,#7517);
#6145=AXIS2_PLACEMENT_3D('',#9284,#7519,#7520);
#6146=AXIS2_PLACEMENT_3D('',#9286,#7521,#7522);
#6147=AXIS2_PLACEMENT_3D('',#9288,#7523,#7524);
#6148=AXIS2_PLACEMENT_3D('',#9290,#7526,#7527);
#6149=AXIS2_PLACEMENT_3D('',#9296,#7531,#7532);
#6150=AXIS2_PLACEMENT_3D('',#9298,#7533,#7534);
#6151=AXIS2_PLACEMENT_3D('',#9300,#7535,#7536);
#6152=AXIS2_PLACEMENT_3D('',#9302,#7538,#7539);
#6153=AXIS2_PLACEMENT_3D('',#9308,#7543,#7544);
#6154=AXIS2_PLACEMENT_3D('',#9310,#7545,#7546);
#6155=AXIS2_PLACEMENT_3D('',#9312,#7547,#7548);
#6156=AXIS2_PLACEMENT_3D('',#9314,#7550,#7551);
#6157=AXIS2_PLACEMENT_3D('',#9316,#7552,#7553);
#6158=AXIS2_PLACEMENT_3D('',#9318,#7554,#7555);
#6159=AXIS2_PLACEMENT_3D('',#9320,#7557,#7558);
#6160=AXIS2_PLACEMENT_3D('',#9322,#7559,#7560);
#6161=AXIS2_PLACEMENT_3D('',#9324,#7561,#7562);
#6162=AXIS2_PLACEMENT_3D('',#9326,#7564,#7565);
#6163=AXIS2_PLACEMENT_3D('',#9332,#7569,#7570);
#6164=AXIS2_PLACEMENT_3D('',#9334,#7571,#7572);
#6165=AXIS2_PLACEMENT_3D('',#9336,#7573,#7574);
#6166=AXIS2_PLACEMENT_3D('',#9338,#7576,#7577);
#6167=AXIS2_PLACEMENT_3D('',#9344,#7581,#7582);
#6168=AXIS2_PLACEMENT_3D('',#9346,#7583,#7584);
#6169=AXIS2_PLACEMENT_3D('',#9348,#7585,#7586);
#6170=AXIS2_PLACEMENT_3D('',#9350,#7588,#7589);
#6171=AXIS2_PLACEMENT_3D('',#9352,#7590,#7591);
#6172=AXIS2_PLACEMENT_3D('',#9354,#7592,#7593);
#6173=AXIS2_PLACEMENT_3D('',#9356,#7595,#7596);
#6174=AXIS2_PLACEMENT_3D('',#9358,#7597,#7598);
#6175=AXIS2_PLACEMENT_3D('',#9360,#7599,#7600);
#6176=AXIS2_PLACEMENT_3D('',#9362,#7602,#7603);
#6177=AXIS2_PLACEMENT_3D('',#9368,#7607,#7608);
#6178=AXIS2_PLACEMENT_3D('',#9370,#7609,#7610);
#6179=AXIS2_PLACEMENT_3D('',#9372,#7611,#7612);
#6180=AXIS2_PLACEMENT_3D('',#9374,#7614,#7615);
#6181=AXIS2_PLACEMENT_3D('',#9380,#7619,#7620);
#6182=AXIS2_PLACEMENT_3D('',#9382,#7621,#7622);
#6183=AXIS2_PLACEMENT_3D('',#9384,#7623,#7624);
#6184=AXIS2_PLACEMENT_3D('',#9386,#7626,#7627);
#6185=AXIS2_PLACEMENT_3D('',#9388,#7628,#7629);
#6186=AXIS2_PLACEMENT_3D('',#9390,#7630,#7631);
#6187=AXIS2_PLACEMENT_3D('',#9392,#7633,#7634);
#6188=AXIS2_PLACEMENT_3D('',#9394,#7635,#7636);
#6189=AXIS2_PLACEMENT_3D('',#9396,#7637,#7638);
#6190=AXIS2_PLACEMENT_3D('',#9398,#7640,#7641);
#6191=AXIS2_PLACEMENT_3D('',#9404,#7645,#7646);
#6192=AXIS2_PLACEMENT_3D('',#9406,#7647,#7648);
#6193=AXIS2_PLACEMENT_3D('',#9408,#7649,#7650);
#6194=AXIS2_PLACEMENT_3D('',#9410,#7652,#7653);
#6195=AXIS2_PLACEMENT_3D('',#9416,#7657,#7658);
#6196=AXIS2_PLACEMENT_3D('',#9418,#7659,#7660);
#6197=AXIS2_PLACEMENT_3D('',#9420,#7661,#7662);
#6198=AXIS2_PLACEMENT_3D('',#9422,#7664,#7665);
#6199=AXIS2_PLACEMENT_3D('',#9424,#7666,#7667);
#6200=AXIS2_PLACEMENT_3D('',#9426,#7668,#7669);
#6201=AXIS2_PLACEMENT_3D('',#9428,#7671,#7672);
#6202=AXIS2_PLACEMENT_3D('',#9430,#7673,#7674);
#6203=AXIS2_PLACEMENT_3D('',#9432,#7675,#7676);
#6204=AXIS2_PLACEMENT_3D('',#9434,#7678,#7679);
#6205=AXIS2_PLACEMENT_3D('',#9440,#7683,#7684);
#6206=AXIS2_PLACEMENT_3D('',#9442,#7685,#7686);
#6207=AXIS2_PLACEMENT_3D('',#9444,#7687,#7688);
#6208=AXIS2_PLACEMENT_3D('',#9446,#7690,#7691);
#6209=AXIS2_PLACEMENT_3D('',#9452,#7695,#7696);
#6210=AXIS2_PLACEMENT_3D('',#9454,#7697,#7698);
#6211=AXIS2_PLACEMENT_3D('',#9456,#7699,#7700);
#6212=AXIS2_PLACEMENT_3D('',#9458,#7702,#7703);
#6213=AXIS2_PLACEMENT_3D('',#9460,#7704,#7705);
#6214=AXIS2_PLACEMENT_3D('',#9462,#7706,#7707);
#6215=AXIS2_PLACEMENT_3D('',#9464,#7709,#7710);
#6216=AXIS2_PLACEMENT_3D('',#9466,#7711,#7712);
#6217=AXIS2_PLACEMENT_3D('',#9468,#7713,#7714);
#6218=AXIS2_PLACEMENT_3D('',#9470,#7716,#7717);
#6219=AXIS2_PLACEMENT_3D('',#9476,#7721,#7722);
#6220=AXIS2_PLACEMENT_3D('',#9478,#7723,#7724);
#6221=AXIS2_PLACEMENT_3D('',#9480,#7725,#7726);
#6222=AXIS2_PLACEMENT_3D('',#9482,#7728,#7729);
#6223=AXIS2_PLACEMENT_3D('',#9488,#7733,#7734);
#6224=AXIS2_PLACEMENT_3D('',#9490,#7735,#7736);
#6225=AXIS2_PLACEMENT_3D('',#9492,#7737,#7738);
#6226=AXIS2_PLACEMENT_3D('',#9494,#7740,#7741);
#6227=AXIS2_PLACEMENT_3D('',#9496,#7742,#7743);
#6228=AXIS2_PLACEMENT_3D('',#9498,#7744,#7745);
#6229=AXIS2_PLACEMENT_3D('',#9500,#7747,#7748);
#6230=AXIS2_PLACEMENT_3D('',#9502,#7749,#7750);
#6231=AXIS2_PLACEMENT_3D('',#9504,#7751,#7752);
#6232=AXIS2_PLACEMENT_3D('',#9506,#7754,#7755);
#6233=AXIS2_PLACEMENT_3D('',#9512,#7759,#7760);
#6234=AXIS2_PLACEMENT_3D('',#9514,#7761,#7762);
#6235=AXIS2_PLACEMENT_3D('',#9516,#7763,#7764);
#6236=AXIS2_PLACEMENT_3D('',#9518,#7766,#7767);
#6237=AXIS2_PLACEMENT_3D('',#9524,#7771,#7772);
#6238=AXIS2_PLACEMENT_3D('',#9526,#7773,#7774);
#6239=AXIS2_PLACEMENT_3D('',#9528,#7775,#7776);
#6240=AXIS2_PLACEMENT_3D('',#9530,#7778,#7779);
#6241=AXIS2_PLACEMENT_3D('',#9532,#7780,#7781);
#6242=AXIS2_PLACEMENT_3D('',#9534,#7782,#7783);
#6243=AXIS2_PLACEMENT_3D('',#9536,#7785,#7786);
#6244=AXIS2_PLACEMENT_3D('',#9538,#7787,#7788);
#6245=AXIS2_PLACEMENT_3D('',#9540,#7789,#7790);
#6246=AXIS2_PLACEMENT_3D('',#9542,#7792,#7793);
#6247=AXIS2_PLACEMENT_3D('',#9548,#7797,#7798);
#6248=AXIS2_PLACEMENT_3D('',#9550,#7799,#7800);
#6249=AXIS2_PLACEMENT_3D('',#9552,#7801,#7802);
#6250=AXIS2_PLACEMENT_3D('',#9554,#7804,#7805);
#6251=AXIS2_PLACEMENT_3D('',#9560,#7809,#7810);
#6252=AXIS2_PLACEMENT_3D('',#9562,#7811,#7812);
#6253=AXIS2_PLACEMENT_3D('',#9564,#7813,#7814);
#6254=AXIS2_PLACEMENT_3D('',#9566,#7816,#7817);
#6255=AXIS2_PLACEMENT_3D('',#9568,#7818,#7819);
#6256=AXIS2_PLACEMENT_3D('',#9570,#7820,#7821);
#6257=AXIS2_PLACEMENT_3D('',#9572,#7823,#7824);
#6258=AXIS2_PLACEMENT_3D('',#9574,#7825,#7826);
#6259=AXIS2_PLACEMENT_3D('',#9576,#7827,#7828);
#6260=AXIS2_PLACEMENT_3D('',#9578,#7830,#7831);
#6261=AXIS2_PLACEMENT_3D('',#9584,#7835,#7836);
#6262=AXIS2_PLACEMENT_3D('',#9586,#7837,#7838);
#6263=AXIS2_PLACEMENT_3D('',#9588,#7839,#7840);
#6264=AXIS2_PLACEMENT_3D('',#9590,#7842,#7843);
#6265=AXIS2_PLACEMENT_3D('',#9596,#7847,#7848);
#6266=AXIS2_PLACEMENT_3D('',#9598,#7849,#7850);
#6267=AXIS2_PLACEMENT_3D('',#9600,#7851,#7852);
#6268=AXIS2_PLACEMENT_3D('',#9602,#7854,#7855);
#6269=AXIS2_PLACEMENT_3D('',#9604,#7856,#7857);
#6270=AXIS2_PLACEMENT_3D('',#9606,#7858,#7859);
#6271=AXIS2_PLACEMENT_3D('',#9608,#7861,#7862);
#6272=AXIS2_PLACEMENT_3D('',#9610,#7863,#7864);
#6273=AXIS2_PLACEMENT_3D('',#9612,#7865,#7866);
#6274=AXIS2_PLACEMENT_3D('',#9614,#7868,#7869);
#6275=AXIS2_PLACEMENT_3D('',#9620,#7873,#7874);
#6276=AXIS2_PLACEMENT_3D('',#9622,#7875,#7876);
#6277=AXIS2_PLACEMENT_3D('',#9624,#7877,#7878);
#6278=AXIS2_PLACEMENT_3D('',#9626,#7880,#7881);
#6279=AXIS2_PLACEMENT_3D('',#9632,#7885,#7886);
#6280=AXIS2_PLACEMENT_3D('',#9634,#7887,#7888);
#6281=AXIS2_PLACEMENT_3D('',#9636,#7889,#7890);
#6282=AXIS2_PLACEMENT_3D('',#9638,#7892,#7893);
#6283=AXIS2_PLACEMENT_3D('',#9640,#7894,#7895);
#6284=AXIS2_PLACEMENT_3D('',#9642,#7896,#7897);
#6285=AXIS2_PLACEMENT_3D('',#9644,#7899,#7900);
#6286=AXIS2_PLACEMENT_3D('',#9646,#7901,#7902);
#6287=AXIS2_PLACEMENT_3D('',#9648,#7903,#7904);
#6288=AXIS2_PLACEMENT_3D('',#9650,#7906,#7907);
#6289=AXIS2_PLACEMENT_3D('',#9656,#7911,#7912);
#6290=AXIS2_PLACEMENT_3D('',#9658,#7913,#7914);
#6291=AXIS2_PLACEMENT_3D('',#9660,#7915,#7916);
#6292=AXIS2_PLACEMENT_3D('',#9662,#7918,#7919);
#6293=AXIS2_PLACEMENT_3D('',#9668,#7923,#7924);
#6294=AXIS2_PLACEMENT_3D('',#9670,#7925,#7926);
#6295=AXIS2_PLACEMENT_3D('',#9672,#7927,#7928);
#6296=AXIS2_PLACEMENT_3D('',#9674,#7930,#7931);
#6297=AXIS2_PLACEMENT_3D('',#9676,#7932,#7933);
#6298=AXIS2_PLACEMENT_3D('',#9678,#7934,#7935);
#6299=AXIS2_PLACEMENT_3D('',#9680,#7937,#7938);
#6300=AXIS2_PLACEMENT_3D('',#9682,#7939,#7940);
#6301=AXIS2_PLACEMENT_3D('',#9684,#7941,#7942);
#6302=AXIS2_PLACEMENT_3D('',#9686,#7944,#7945);
#6303=AXIS2_PLACEMENT_3D('',#9692,#7949,#7950);
#6304=AXIS2_PLACEMENT_3D('',#9694,#7951,#7952);
#6305=AXIS2_PLACEMENT_3D('',#9696,#7953,#7954);
#6306=AXIS2_PLACEMENT_3D('',#9698,#7956,#7957);
#6307=AXIS2_PLACEMENT_3D('',#9704,#7961,#7962);
#6308=AXIS2_PLACEMENT_3D('',#9706,#7963,#7964);
#6309=AXIS2_PLACEMENT_3D('',#9708,#7965,#7966);
#6310=AXIS2_PLACEMENT_3D('',#9710,#7968,#7969);
#6311=AXIS2_PLACEMENT_3D('',#9712,#7970,#7971);
#6312=AXIS2_PLACEMENT_3D('',#9714,#7972,#7973);
#6313=AXIS2_PLACEMENT_3D('',#9716,#7975,#7976);
#6314=AXIS2_PLACEMENT_3D('',#9718,#7977,#7978);
#6315=AXIS2_PLACEMENT_3D('',#9720,#7979,#7980);
#6316=AXIS2_PLACEMENT_3D('',#9722,#7982,#7983);
#6317=AXIS2_PLACEMENT_3D('',#9728,#7987,#7988);
#6318=AXIS2_PLACEMENT_3D('',#9730,#7989,#7990);
#6319=AXIS2_PLACEMENT_3D('',#9732,#7991,#7992);
#6320=AXIS2_PLACEMENT_3D('',#9734,#7994,#7995);
#6321=AXIS2_PLACEMENT_3D('',#9740,#7999,#8000);
#6322=AXIS2_PLACEMENT_3D('',#9742,#8001,#8002);
#6323=AXIS2_PLACEMENT_3D('',#9744,#8003,#8004);
#6324=AXIS2_PLACEMENT_3D('',#9746,#8006,#8007);
#6325=AXIS2_PLACEMENT_3D('',#9748,#8008,#8009);
#6326=AXIS2_PLACEMENT_3D('',#9750,#8010,#8011);
#6327=AXIS2_PLACEMENT_3D('',#9752,#8013,#8014);
#6328=AXIS2_PLACEMENT_3D('',#9754,#8015,#8016);
#6329=AXIS2_PLACEMENT_3D('',#9756,#8017,#8018);
#6330=AXIS2_PLACEMENT_3D('',#9758,#8020,#8021);
#6331=AXIS2_PLACEMENT_3D('',#9764,#8025,#8026);
#6332=AXIS2_PLACEMENT_3D('',#9766,#8027,#8028);
#6333=AXIS2_PLACEMENT_3D('',#9768,#8029,#8030);
#6334=AXIS2_PLACEMENT_3D('',#9770,#8032,#8033);
#6335=AXIS2_PLACEMENT_3D('',#9776,#8037,#8038);
#6336=AXIS2_PLACEMENT_3D('',#9778,#8039,#8040);
#6337=AXIS2_PLACEMENT_3D('',#9780,#8041,#8042);
#6338=AXIS2_PLACEMENT_3D('',#9782,#8044,#8045);
#6339=AXIS2_PLACEMENT_3D('',#9784,#8046,#8047);
#6340=AXIS2_PLACEMENT_3D('',#9786,#8048,#8049);
#6341=AXIS2_PLACEMENT_3D('',#9788,#8051,#8052);
#6342=AXIS2_PLACEMENT_3D('',#9790,#8053,#8054);
#6343=AXIS2_PLACEMENT_3D('',#9792,#8055,#8056);
#6344=AXIS2_PLACEMENT_3D('',#9794,#8058,#8059);
#6345=AXIS2_PLACEMENT_3D('',#9800,#8063,#8064);
#6346=AXIS2_PLACEMENT_3D('',#9802,#8065,#8066);
#6347=AXIS2_PLACEMENT_3D('',#9804,#8067,#8068);
#6348=AXIS2_PLACEMENT_3D('',#9806,#8070,#8071);
#6349=AXIS2_PLACEMENT_3D('',#9812,#8075,#8076);
#6350=AXIS2_PLACEMENT_3D('',#9814,#8077,#8078);
#6351=AXIS2_PLACEMENT_3D('',#9816,#8079,#8080);
#6352=AXIS2_PLACEMENT_3D('',#9818,#8082,#8083);
#6353=AXIS2_PLACEMENT_3D('',#9820,#8084,#8085);
#6354=AXIS2_PLACEMENT_3D('',#9822,#8086,#8087);
#6355=AXIS2_PLACEMENT_3D('',#9824,#8089,#8090);
#6356=AXIS2_PLACEMENT_3D('',#9826,#8091,#8092);
#6357=AXIS2_PLACEMENT_3D('',#9828,#8093,#8094);
#6358=AXIS2_PLACEMENT_3D('',#9830,#8096,#8097);
#6359=AXIS2_PLACEMENT_3D('',#9836,#8101,#8102);
#6360=AXIS2_PLACEMENT_3D('',#9838,#8103,#8104);
#6361=AXIS2_PLACEMENT_3D('',#9840,#8105,#8106);
#6362=AXIS2_PLACEMENT_3D('',#9842,#8108,#8109);
#6363=AXIS2_PLACEMENT_3D('',#9848,#8113,#8114);
#6364=AXIS2_PLACEMENT_3D('',#9850,#8115,#8116);
#6365=AXIS2_PLACEMENT_3D('',#9852,#8117,#8118);
#6366=AXIS2_PLACEMENT_3D('',#9854,#8120,#8121);
#6367=AXIS2_PLACEMENT_3D('',#9856,#8122,#8123);
#6368=AXIS2_PLACEMENT_3D('',#9858,#8124,#8125);
#6369=AXIS2_PLACEMENT_3D('',#9860,#8127,#8128);
#6370=AXIS2_PLACEMENT_3D('',#9862,#8129,#8130);
#6371=AXIS2_PLACEMENT_3D('',#9864,#8131,#8132);
#6372=AXIS2_PLACEMENT_3D('',#9866,#8134,#8135);
#6373=AXIS2_PLACEMENT_3D('',#9872,#8139,#8140);
#6374=AXIS2_PLACEMENT_3D('',#9874,#8141,#8142);
#6375=AXIS2_PLACEMENT_3D('',#9876,#8143,#8144);
#6376=AXIS2_PLACEMENT_3D('',#9878,#8146,#8147);
#6377=AXIS2_PLACEMENT_3D('',#9884,#8151,#8152);
#6378=AXIS2_PLACEMENT_3D('',#9886,#8153,#8154);
#6379=AXIS2_PLACEMENT_3D('',#9888,#8155,#8156);
#6380=AXIS2_PLACEMENT_3D('',#9890,#8158,#8159);
#6381=AXIS2_PLACEMENT_3D('',#9892,#8160,#8161);
#6382=AXIS2_PLACEMENT_3D('',#9894,#8162,#8163);
#6383=AXIS2_PLACEMENT_3D('',#9896,#8165,#8166);
#6384=AXIS2_PLACEMENT_3D('',#9898,#8167,#8168);
#6385=AXIS2_PLACEMENT_3D('',#9900,#8169,#8170);
#6386=AXIS2_PLACEMENT_3D('',#9902,#8172,#8173);
#6387=AXIS2_PLACEMENT_3D('',#9908,#8177,#8178);
#6388=AXIS2_PLACEMENT_3D('',#9910,#8179,#8180);
#6389=AXIS2_PLACEMENT_3D('',#9912,#8181,#8182);
#6390=AXIS2_PLACEMENT_3D('',#9914,#8184,#8185);
#6391=AXIS2_PLACEMENT_3D('',#9920,#8189,#8190);
#6392=AXIS2_PLACEMENT_3D('',#9922,#8191,#8192);
#6393=AXIS2_PLACEMENT_3D('',#9924,#8193,#8194);
#6394=AXIS2_PLACEMENT_3D('',#9926,#8196,#8197);
#6395=AXIS2_PLACEMENT_3D('',#9928,#8198,#8199);
#6396=AXIS2_PLACEMENT_3D('',#9930,#8200,#8201);
#6397=AXIS2_PLACEMENT_3D('',#9932,#8203,#8204);
#6398=AXIS2_PLACEMENT_3D('',#9934,#8205,#8206);
#6399=AXIS2_PLACEMENT_3D('',#9936,#8207,#8208);
#6400=AXIS2_PLACEMENT_3D('',#9938,#8210,#8211);
#6401=AXIS2_PLACEMENT_3D('',#9944,#8215,#8216);
#6402=AXIS2_PLACEMENT_3D('',#9946,#8217,#8218);
#6403=AXIS2_PLACEMENT_3D('',#9948,#8219,#8220);
#6404=AXIS2_PLACEMENT_3D('',#9950,#8222,#8223);
#6405=AXIS2_PLACEMENT_3D('',#9956,#8227,#8228);
#6406=AXIS2_PLACEMENT_3D('',#9958,#8229,#8230);
#6407=AXIS2_PLACEMENT_3D('',#9960,#8231,#8232);
#6408=AXIS2_PLACEMENT_3D('',#9962,#8234,#8235);
#6409=AXIS2_PLACEMENT_3D('',#9964,#8236,#8237);
#6410=AXIS2_PLACEMENT_3D('',#9966,#8238,#8239);
#6411=AXIS2_PLACEMENT_3D('',#9968,#8241,#8242);
#6412=AXIS2_PLACEMENT_3D('',#9970,#8243,#8244);
#6413=AXIS2_PLACEMENT_3D('',#9972,#8245,#8246);
#6414=AXIS2_PLACEMENT_3D('',#9974,#8248,#8249);
#6415=AXIS2_PLACEMENT_3D('',#9980,#8253,#8254);
#6416=AXIS2_PLACEMENT_3D('',#9981,#8255,#8256);
#6417=AXIS2_PLACEMENT_3D('',#9982,#8257,#8258);
#6418=AXIS2_PLACEMENT_3D('',#9983,#8259,#8260);
#6419=AXIS2_PLACEMENT_3D('',#9984,#8261,#8262);
#6420=DIRECTION('axis',(0.,0.,1.));
#6421=DIRECTION('refdir',(1.,0.,0.));
#6422=DIRECTION('center_axis',(0.,0.,1.));
#6423=DIRECTION('ref_axis',(0.342020143325669,0.939692620785908,0.));
#6424=DIRECTION('center_axis',(0.,0.,1.));
#6425=DIRECTION('ref_axis',(0.342020143325669,0.939692620785908,0.));
#6426=DIRECTION('',(0.,0.,1.));
#6427=DIRECTION('center_axis',(0.,0.,-1.));
#6428=DIRECTION('ref_axis',(0.342020143325669,0.939692620785908,0.));
#6429=DIRECTION('center_axis',(0.,0.,1.));
#6430=DIRECTION('ref_axis',(0.642787609686539,-0.766044443118978,0.));
#6431=DIRECTION('center_axis',(0.,0.,1.));
#6432=DIRECTION('ref_axis',(0.642787609686539,-0.766044443118978,0.));
#6433=DIRECTION('',(0.,0.,1.));
#6434=DIRECTION('center_axis',(0.,0.,-1.));
#6435=DIRECTION('ref_axis',(0.642787609686539,-0.766044443118978,0.));
#6436=DIRECTION('center_axis',(0.,0.,1.));
#6437=DIRECTION('ref_axis',(-0.984807753012208,-0.173648177666931,0.));
#6438=DIRECTION('center_axis',(0.,0.,1.));
#6439=DIRECTION('ref_axis',(-0.984807753012208,-0.173648177666931,0.));
#6440=DIRECTION('',(0.,0.,1.));
#6441=DIRECTION('center_axis',(0.,0.,-1.));
#6442=DIRECTION('ref_axis',(-0.984807753012208,-0.173648177666931,0.));
#6443=DIRECTION('center_axis',(0.,0.,1.));
#6444=DIRECTION('ref_axis',(-1.,0.,0.));
#6445=DIRECTION('center_axis',(0.,0.,1.));
#6446=DIRECTION('ref_axis',(-1.,0.,0.));
#6447=DIRECTION('',(0.,0.,-1.));
#6448=DIRECTION('center_axis',(0.,0.,1.));
#6449=DIRECTION('ref_axis',(-1.,0.,0.));
#6450=DIRECTION('center_axis',(0.,0.,1.));
#6451=DIRECTION('ref_axis',(-1.,0.,0.));
#6452=DIRECTION('center_axis',(0.,0.,1.));
#6453=DIRECTION('ref_axis',(-1.,0.,0.));
#6454=DIRECTION('',(0.,0.,1.));
#6455=DIRECTION('center_axis',(0.,0.,1.));
#6456=DIRECTION('ref_axis',(-1.,0.,0.));
#6457=DIRECTION('center_axis',(0.,0.,-1.));
#6458=DIRECTION('ref_axis',(-1.,0.,0.));
#6459=DIRECTION('center_axis',(0.,0.,-1.));
#6460=DIRECTION('ref_axis',(-0.766044443118978,0.642787609686539,0.));
#6461=DIRECTION('center_axis',(0.,0.,1.));
#6462=DIRECTION('ref_axis',(-1.,0.,0.));
#6463=DIRECTION('center_axis',(0.,0.,1.));
#6464=DIRECTION('ref_axis',(-1.,0.,0.));
#6465=DIRECTION('',(0.,0.,1.));
#6466=DIRECTION('center_axis',(0.,0.,1.));
#6467=DIRECTION('ref_axis',(-1.,0.,0.));
#6468=DIRECTION('center_axis',(0.,0.,-1.));
#6469=DIRECTION('ref_axis',(-1.,0.,0.));
#6470=DIRECTION('center_axis',(0.,0.,-1.));
#6471=DIRECTION('ref_axis',(0.766044443118978,-0.642787609686539,0.));
#6472=DIRECTION('center_axis',(0.,0.,1.));
#6473=DIRECTION('ref_axis',(-1.,0.,0.));
#6474=DIRECTION('center_axis',(0.,0.,1.));
#6475=DIRECTION('ref_axis',(-1.,0.,0.));
#6476=DIRECTION('',(0.,0.,1.));
#6477=DIRECTION('center_axis',(0.,0.,1.));
#6478=DIRECTION('ref_axis',(-1.,0.,0.));
#6479=DIRECTION('center_axis',(0.,0.,-1.));
#6480=DIRECTION('ref_axis',(-1.,0.,0.));
#6481=DIRECTION('center_axis',(0.,0.,-1.));
#6482=DIRECTION('ref_axis',(1.,0.,0.));
#6483=DIRECTION('center_axis',(0.,0.,1.));
#6484=DIRECTION('ref_axis',(-1.,0.,0.));
#6485=DIRECTION('center_axis',(0.,0.,1.));
#6486=DIRECTION('ref_axis',(-1.,0.,0.));
#6487=DIRECTION('',(0.,0.,1.));
#6488=DIRECTION('center_axis',(0.,0.,1.));
#6489=DIRECTION('ref_axis',(-1.,0.,0.));
#6490=DIRECTION('center_axis',(0.,0.,-1.));
#6491=DIRECTION('ref_axis',(-1.,0.,0.));
#6492=DIRECTION('center_axis',(0.,0.,-1.));
#6493=DIRECTION('ref_axis',(-1.,-1.22464679914735E-16,0.));
#6494=DIRECTION('center_axis',(0.,0.,1.));
#6495=DIRECTION('ref_axis',(-1.,0.,0.));
#6496=DIRECTION('center_axis',(0.,0.,1.));
#6497=DIRECTION('ref_axis',(-1.,0.,0.));
#6498=DIRECTION('',(0.,0.,1.));
#6499=DIRECTION('center_axis',(0.,0.,1.));
#6500=DIRECTION('ref_axis',(-1.,0.,0.));
#6501=DIRECTION('center_axis',(0.,0.,-1.));
#6502=DIRECTION('ref_axis',(-1.,0.,0.));
#6503=DIRECTION('center_axis',(0.,0.,-1.));
#6504=DIRECTION('ref_axis',(-1.83697019872103E-16,1.,0.));
#6505=DIRECTION('center_axis',(0.,0.,1.));
#6506=DIRECTION('ref_axis',(-1.,0.,0.));
#6507=DIRECTION('center_axis',(0.,0.,1.));
#6508=DIRECTION('ref_axis',(-1.,0.,0.));
#6509=DIRECTION('',(0.,0.,1.));
#6510=DIRECTION('center_axis',(0.,0.,1.));
#6511=DIRECTION('ref_axis',(-1.,0.,0.));
#6512=DIRECTION('center_axis',(0.,0.,-1.));
#6513=DIRECTION('ref_axis',(-1.,0.,0.));
#6514=DIRECTION('center_axis',(0.,0.,-1.));
#6515=DIRECTION('ref_axis',(6.12323399573677E-17,-1.,0.));
#6516=DIRECTION('center_axis',(0.,0.,1.));
#6517=DIRECTION('ref_axis',(-1.,0.,0.));
#6518=DIRECTION('center_axis',(0.,0.,1.));
#6519=DIRECTION('ref_axis',(-1.,0.,0.));
#6520=DIRECTION('',(0.,0.,1.));
#6521=DIRECTION('center_axis',(0.,0.,1.));
#6522=DIRECTION('ref_axis',(-1.,0.,0.));
#6523=DIRECTION('center_axis',(0.,0.,-1.));
#6524=DIRECTION('ref_axis',(-1.,0.,0.));
#6525=DIRECTION('center_axis',(0.,0.,-1.));
#6526=DIRECTION('ref_axis',(0.642787609686539,0.766044443118978,0.));
#6527=DIRECTION('center_axis',(0.,0.,1.));
#6528=DIRECTION('ref_axis',(-1.,0.,0.));
#6529=DIRECTION('center_axis',(0.,0.,1.));
#6530=DIRECTION('ref_axis',(-1.,0.,0.));
#6531=DIRECTION('',(0.,0.,1.));
#6532=DIRECTION('center_axis',(0.,0.,1.));
#6533=DIRECTION('ref_axis',(-1.,0.,0.));
#6534=DIRECTION('center_axis',(0.,0.,-1.));
#6535=DIRECTION('ref_axis',(-1.,0.,0.));
#6536=DIRECTION('center_axis',(0.,0.,-1.));
#6537=DIRECTION('ref_axis',(-0.642787609686539,-0.766044443118978,0.));
#6538=DIRECTION('center_axis',(0.,0.,-1.));
#6539=DIRECTION('ref_axis',(6.12323399573677E-17,-1.,0.));
#6540=DIRECTION('center_axis',(0.,0.,-1.));
#6541=DIRECTION('ref_axis',(6.12323399573677E-17,-1.,0.));
#6542=DIRECTION('',(0.,0.,-1.));
#6543=DIRECTION('center_axis',(0.,0.,-1.));
#6544=DIRECTION('ref_axis',(-1.83697019872103E-16,1.,0.));
#6545=DIRECTION('center_axis',(0.,0.,-1.));
#6546=DIRECTION('ref_axis',(-1.83697019872103E-16,1.,0.));
#6547=DIRECTION('',(0.,0.,-1.));
#6548=DIRECTION('center_axis',(0.,0.,-1.));
#6549=DIRECTION('ref_axis',(-0.766044443118978,0.642787609686539,0.));
#6550=DIRECTION('center_axis',(0.,0.,-1.));
#6551=DIRECTION('ref_axis',(-0.766044443118978,0.642787609686539,0.));
#6552=DIRECTION('',(0.,0.,-1.));
#6553=DIRECTION('center_axis',(0.,0.,-1.));
#6554=DIRECTION('ref_axis',(0.766044443118978,-0.642787609686539,0.));
#6555=DIRECTION('center_axis',(0.,0.,-1.));
#6556=DIRECTION('ref_axis',(0.766044443118978,-0.642787609686539,0.));
#6557=DIRECTION('',(0.,0.,-1.));
#6558=DIRECTION('center_axis',(0.,0.,-1.));
#6559=DIRECTION('ref_axis',(-0.642787609686539,-0.766044443118978,0.));
#6560=DIRECTION('center_axis',(0.,0.,-1.));
#6561=DIRECTION('ref_axis',(-0.642787609686539,-0.766044443118978,0.));
#6562=DIRECTION('',(0.,0.,-1.));
#6563=DIRECTION('center_axis',(0.,0.,-1.));
#6564=DIRECTION('ref_axis',(0.642787609686539,0.766044443118978,0.));
#6565=DIRECTION('center_axis',(0.,0.,-1.));
#6566=DIRECTION('ref_axis',(0.642787609686539,0.766044443118978,0.));
#6567=DIRECTION('',(0.,0.,-1.));
#6568=DIRECTION('center_axis',(0.,0.,-1.));
#6569=DIRECTION('ref_axis',(-1.,-1.22464679914735E-16,0.));
#6570=DIRECTION('center_axis',(0.,0.,-1.));
#6571=DIRECTION('ref_axis',(-1.,-1.22464679914735E-16,0.));
#6572=DIRECTION('',(0.,0.,-1.));
#6573=DIRECTION('center_axis',(0.,0.,-1.));
#6574=DIRECTION('ref_axis',(1.,0.,0.));
#6575=DIRECTION('center_axis',(0.,0.,-1.));
#6576=DIRECTION('ref_axis',(1.,0.,0.));
#6577=DIRECTION('',(0.,0.,-1.));
#6578=DIRECTION('center_axis',(0.,0.,1.));
#6579=DIRECTION('ref_axis',(1.,0.,0.));
#6580=DIRECTION('center_axis',(0.,0.,1.));
#6581=DIRECTION('ref_axis',(1.,0.,0.));
#6582=DIRECTION('center_axis',(0.,0.,1.));
#6583=DIRECTION('ref_axis',(1.,0.,0.));
#6584=DIRECTION('',(0.,0.,-1.));
#6585=DIRECTION('center_axis',(0.,0.,1.));
#6586=DIRECTION('ref_axis',(1.,0.,0.));
#6587=DIRECTION('center_axis',(-6.12323399573677E-17,1.,0.));
#6588=DIRECTION('ref_axis',(-1.,-6.12323399573677E-17,0.));
#6589=DIRECTION('',(1.,6.12323399573677E-17,0.));
#6590=DIRECTION('',(0.,0.,1.));
#6591=DIRECTION('',(-1.,-6.12323399573677E-17,0.));
#6592=DIRECTION('',(0.,0.,1.));
#6593=DIRECTION('center_axis',(0.,0.,1.));
#6594=DIRECTION('ref_axis',(-6.12323399573677E-17,1.,0.));
#6595=DIRECTION('center_axis',(0.,0.,-1.));
#6596=DIRECTION('ref_axis',(-6.12323399573677E-17,1.,0.));
#6597=DIRECTION('center_axis',(0.,0.,1.));
#6598=DIRECTION('ref_axis',(-6.12323399573677E-17,1.,0.));
#6599=DIRECTION('',(0.,0.,1.));
#6600=DIRECTION('center_axis',(0.,0.,1.));
#6601=DIRECTION('ref_axis',(-1.,0.,0.));
#6602=DIRECTION('center_axis',(0.,0.,-1.));
#6603=DIRECTION('ref_axis',(-1.,0.,0.));
#6604=DIRECTION('center_axis',(0.,0.,1.));
#6605=DIRECTION('ref_axis',(-1.,0.,0.));
#6606=DIRECTION('',(0.,0.,1.));
#6607=DIRECTION('center_axis',(0.,0.,1.));
#6608=DIRECTION('ref_axis',(0.996388251759426,-0.0849143789696108,0.));
#6609=DIRECTION('center_axis',(0.,0.,-1.));
#6610=DIRECTION('ref_axis',(0.996388251759426,-0.0849143789696108,0.));
#6611=DIRECTION('center_axis',(0.,0.,1.));
#6612=DIRECTION('ref_axis',(0.996388251759426,-0.0849143789696108,0.));
#6613=DIRECTION('',(0.,0.,1.));
#6614=DIRECTION('center_axis',(-0.142314838273285,-0.989821441880933,0.));
#6615=DIRECTION('ref_axis',(0.989821441880933,-0.142314838273285,0.));
#6616=DIRECTION('',(-0.989821441880933,0.142314838273285,0.));
#6617=DIRECTION('',(0.989821441880933,-0.142314838273285,0.));
#6618=DIRECTION('',(0.,0.,1.));
#6619=DIRECTION('center_axis',(0.,0.,1.));
#6620=DIRECTION('ref_axis',(-0.142314838273285,-0.989821441880933,0.));
#6621=DIRECTION('center_axis',(0.,0.,1.));
#6622=DIRECTION('ref_axis',(-0.142314838273285,-0.989821441880933,0.));
#6623=DIRECTION('center_axis',(0.,0.,-1.));
#6624=DIRECTION('ref_axis',(-0.142314838273285,-0.989821441880933,0.));
#6625=DIRECTION('',(0.,0.,1.));
#6626=DIRECTION('center_axis',(0.142314838273285,0.989821441880933,0.));
#6627=DIRECTION('ref_axis',(-0.989821441880933,0.142314838273285,0.));
#6628=DIRECTION('',(0.989821441880933,-0.142314838273285,0.));
#6629=DIRECTION('',(-0.989821441880933,0.142314838273285,0.));
#6630=DIRECTION('',(0.,0.,1.));
#6631=DIRECTION('center_axis',(0.,0.,1.));
#6632=DIRECTION('ref_axis',(0.142314838273285,0.989821441880933,0.));
#6633=DIRECTION('center_axis',(0.,0.,-1.));
#6634=DIRECTION('ref_axis',(0.142314838273285,0.989821441880933,0.));
#6635=DIRECTION('center_axis',(0.,0.,1.));
#6636=DIRECTION('ref_axis',(0.142314838273285,0.989821441880933,0.));
#6637=DIRECTION('',(0.,0.,1.));
#6638=DIRECTION('center_axis',(0.,0.,1.));
#6639=DIRECTION('ref_axis',(-1.,0.,0.));
#6640=DIRECTION('center_axis',(0.,0.,-1.));
#6641=DIRECTION('ref_axis',(-1.,0.,0.));
#6642=DIRECTION('center_axis',(0.,0.,1.));
#6643=DIRECTION('ref_axis',(-1.,0.,0.));
#6644=DIRECTION('',(0.,0.,1.));
#6645=DIRECTION('center_axis',(0.,0.,1.));
#6646=DIRECTION('ref_axis',(0.9741618799196,-0.225850905934668,0.));
#6647=DIRECTION('center_axis',(0.,0.,-1.));
#6648=DIRECTION('ref_axis',(0.9741618799196,-0.225850905934668,0.));
#6649=DIRECTION('center_axis',(0.,0.,1.));
#6650=DIRECTION('ref_axis',(0.9741618799196,-0.225850905934668,0.));
#6651=DIRECTION('',(0.,0.,1.));
#6652=DIRECTION('center_axis',(-0.28173255684143,-0.959492973614497,0.));
#6653=DIRECTION('ref_axis',(0.959492973614497,-0.28173255684143,0.));
#6654=DIRECTION('',(-0.959492973614497,0.28173255684143,0.));
#6655=DIRECTION('',(0.959492973614497,-0.28173255684143,0.));
#6656=DIRECTION('',(0.,0.,1.));
#6657=DIRECTION('center_axis',(0.,0.,1.));
#6658=DIRECTION('ref_axis',(-0.28173255684143,-0.959492973614497,0.));
#6659=DIRECTION('center_axis',(0.,0.,1.));
#6660=DIRECTION('ref_axis',(-0.28173255684143,-0.959492973614497,0.));
#6661=DIRECTION('center_axis',(0.,0.,-1.));
#6662=DIRECTION('ref_axis',(-0.28173255684143,-0.959492973614497,0.));
#6663=DIRECTION('',(0.,0.,1.));
#6664=DIRECTION('center_axis',(0.28173255684143,0.959492973614497,0.));
#6665=DIRECTION('ref_axis',(-0.959492973614497,0.28173255684143,0.));
#6666=DIRECTION('',(0.959492973614497,-0.28173255684143,0.));
#6667=DIRECTION('',(-0.959492973614497,0.28173255684143,0.));
#6668=DIRECTION('',(0.,0.,1.));
#6669=DIRECTION('center_axis',(0.,0.,1.));
#6670=DIRECTION('ref_axis',(0.28173255684143,0.959492973614497,0.));
#6671=DIRECTION('center_axis',(0.,0.,-1.));
#6672=DIRECTION('ref_axis',(0.28173255684143,0.959492973614497,0.));
#6673=DIRECTION('center_axis',(0.,0.,1.));
#6674=DIRECTION('ref_axis',(0.28173255684143,0.959492973614497,0.));
#6675=DIRECTION('',(0.,0.,1.));
#6676=DIRECTION('center_axis',(0.,0.,1.));
#6677=DIRECTION('ref_axis',(-1.,0.,0.));
#6678=DIRECTION('center_axis',(0.,0.,-1.));
#6679=DIRECTION('ref_axis',(-1.,0.,0.));
#6680=DIRECTION('center_axis',(0.,0.,1.));
#6681=DIRECTION('ref_axis',(-1.,0.,0.));
#6682=DIRECTION('',(0.,0.,1.));
#6683=DIRECTION('center_axis',(0.,0.,1.));
#6684=DIRECTION('ref_axis',(0.932104381455491,-0.362189759755125,0.));
#6685=DIRECTION('center_axis',(0.,0.,-1.));
#6686=DIRECTION('ref_axis',(0.932104381455491,-0.362189759755125,0.));
#6687=DIRECTION('center_axis',(0.,0.,1.));
#6688=DIRECTION('ref_axis',(0.932104381455491,-0.362189759755125,0.));
#6689=DIRECTION('',(0.,0.,1.));
#6690=DIRECTION('center_axis',(-0.415415013001887,-0.909631995354518,0.));
#6691=DIRECTION('ref_axis',(0.909631995354518,-0.415415013001887,0.));
#6692=DIRECTION('',(-0.909631995354518,0.415415013001887,0.));
#6693=DIRECTION('',(0.909631995354518,-0.415415013001887,0.));
#6694=DIRECTION('',(0.,0.,1.));
#6695=DIRECTION('center_axis',(0.,0.,1.));
#6696=DIRECTION('ref_axis',(-0.415415013001886,-0.909631995354518,0.));
#6697=DIRECTION('center_axis',(0.,0.,1.));
#6698=DIRECTION('ref_axis',(-0.415415013001886,-0.909631995354518,0.));
#6699=DIRECTION('center_axis',(0.,0.,-1.));
#6700=DIRECTION('ref_axis',(-0.415415013001886,-0.909631995354518,0.));
#6701=DIRECTION('',(0.,0.,1.));
#6702=DIRECTION('center_axis',(0.415415013001886,0.909631995354518,0.));
#6703=DIRECTION('ref_axis',(-0.909631995354519,0.415415013001886,0.));
#6704=DIRECTION('',(0.909631995354519,-0.415415013001886,0.));
#6705=DIRECTION('',(-0.909631995354519,0.415415013001886,0.));
#6706=DIRECTION('',(0.,0.,1.));
#6707=DIRECTION('center_axis',(0.,0.,1.));
#6708=DIRECTION('ref_axis',(0.415415013001886,0.909631995354518,0.));
#6709=DIRECTION('center_axis',(0.,0.,-1.));
#6710=DIRECTION('ref_axis',(0.415415013001886,0.909631995354518,0.));
#6711=DIRECTION('center_axis',(0.,0.,1.));
#6712=DIRECTION('ref_axis',(0.415415013001886,0.909631995354518,0.));
#6713=DIRECTION('',(0.,0.,1.));
#6714=DIRECTION('center_axis',(0.,0.,1.));
#6715=DIRECTION('ref_axis',(-1.,0.,0.));
#6716=DIRECTION('center_axis',(0.,0.,-1.));
#6717=DIRECTION('ref_axis',(-1.,0.,0.));
#6718=DIRECTION('center_axis',(0.,0.,1.));
#6719=DIRECTION('ref_axis',(-1.,0.,0.));
#6720=DIRECTION('',(0.,0.,1.));
#6721=DIRECTION('center_axis',(0.,0.,1.));
#6722=DIRECTION('ref_axis',(0.871071925752019,-0.491155474535986,0.));
#6723=DIRECTION('center_axis',(0.,0.,-1.));
#6724=DIRECTION('ref_axis',(0.871071925752019,-0.491155474535986,0.));
#6725=DIRECTION('center_axis',(0.,0.,1.));
#6726=DIRECTION('ref_axis',(0.871071925752019,-0.491155474535986,0.));
#6727=DIRECTION('',(0.,0.,1.));
#6728=DIRECTION('center_axis',(-0.540640817455598,-0.841253532831181,0.));
#6729=DIRECTION('ref_axis',(0.841253532831181,-0.540640817455598,0.));
#6730=DIRECTION('',(-0.841253532831181,0.540640817455598,0.));
#6731=DIRECTION('',(0.841253532831181,-0.540640817455598,0.));
#6732=DIRECTION('',(0.,0.,1.));
#6733=DIRECTION('center_axis',(0.,0.,1.));
#6734=DIRECTION('ref_axis',(-0.540640817455598,-0.841253532831181,0.));
#6735=DIRECTION('center_axis',(0.,0.,1.));
#6736=DIRECTION('ref_axis',(-0.540640817455598,-0.841253532831181,0.));
#6737=DIRECTION('center_axis',(0.,0.,-1.));
#6738=DIRECTION('ref_axis',(-0.540640817455598,-0.841253532831181,0.));
#6739=DIRECTION('',(0.,0.,1.));
#6740=DIRECTION('center_axis',(0.540640817455598,0.841253532831181,0.));
#6741=DIRECTION('ref_axis',(-0.841253532831181,0.540640817455598,0.));
#6742=DIRECTION('',(0.841253532831181,-0.540640817455598,0.));
#6743=DIRECTION('',(-0.841253532831181,0.540640817455598,0.));
#6744=DIRECTION('',(0.,0.,1.));
#6745=DIRECTION('center_axis',(0.,0.,1.));
#6746=DIRECTION('ref_axis',(0.540640817455598,0.841253532831181,0.));
#6747=DIRECTION('center_axis',(0.,0.,-1.));
#6748=DIRECTION('ref_axis',(0.540640817455598,0.841253532831181,0.));
#6749=DIRECTION('center_axis',(0.,0.,1.));
#6750=DIRECTION('ref_axis',(0.540640817455598,0.841253532831181,0.));
#6751=DIRECTION('',(0.,0.,1.));
#6752=DIRECTION('center_axis',(0.,0.,1.));
#6753=DIRECTION('ref_axis',(-1.,0.,0.));
#6754=DIRECTION('center_axis',(0.,0.,-1.));
#6755=DIRECTION('ref_axis',(-1.,0.,0.));
#6756=DIRECTION('center_axis',(0.,0.,1.));
#6757=DIRECTION('ref_axis',(-1.,0.,0.));
#6758=DIRECTION('',(0.,0.,1.));
#6759=DIRECTION('center_axis',(0.,0.,1.));
#6760=DIRECTION('ref_axis',(0.792306957604237,-0.610122680230721,0.));
#6761=DIRECTION('center_axis',(0.,0.,-1.));
#6762=DIRECTION('ref_axis',(0.792306957604237,-0.610122680230721,0.));
#6763=DIRECTION('center_axis',(0.,0.,1.));
#6764=DIRECTION('ref_axis',(0.792306957604237,-0.610122680230721,0.));
#6765=DIRECTION('',(0.,0.,1.));
#6766=DIRECTION('center_axis',(-0.654860733945285,-0.755749574354258,0.));
#6767=DIRECTION('ref_axis',(0.755749574354258,-0.654860733945285,0.));
#6768=DIRECTION('',(-0.755749574354258,0.654860733945285,0.));
#6769=DIRECTION('',(0.755749574354258,-0.654860733945285,0.));
#6770=DIRECTION('',(0.,0.,1.));
#6771=DIRECTION('center_axis',(0.,0.,1.));
#6772=DIRECTION('ref_axis',(-0.654860733945285,-0.755749574354258,0.));
#6773=DIRECTION('center_axis',(0.,0.,1.));
#6774=DIRECTION('ref_axis',(-0.654860733945285,-0.755749574354258,0.));
#6775=DIRECTION('center_axis',(0.,0.,-1.));
#6776=DIRECTION('ref_axis',(-0.654860733945285,-0.755749574354258,0.));
#6777=DIRECTION('',(0.,0.,1.));
#6778=DIRECTION('center_axis',(0.654860733945285,0.755749574354258,0.));
#6779=DIRECTION('ref_axis',(-0.755749574354258,0.654860733945285,0.));
#6780=DIRECTION('',(0.755749574354258,-0.654860733945285,0.));
#6781=DIRECTION('',(-0.755749574354258,0.654860733945285,0.));
#6782=DIRECTION('',(0.,0.,1.));
#6783=DIRECTION('center_axis',(0.,0.,1.));
#6784=DIRECTION('ref_axis',(0.654860733945285,0.755749574354258,0.));
#6785=DIRECTION('center_axis',(0.,0.,-1.));
#6786=DIRECTION('ref_axis',(0.654860733945285,0.755749574354258,0.));
#6787=DIRECTION('center_axis',(0.,0.,1.));
#6788=DIRECTION('ref_axis',(0.654860733945285,0.755749574354258,0.));
#6789=DIRECTION('',(0.,0.,1.));
#6790=DIRECTION('center_axis',(0.,0.,1.));
#6791=DIRECTION('ref_axis',(-1.,0.,0.));
#6792=DIRECTION('center_axis',(0.,0.,-1.));
#6793=DIRECTION('ref_axis',(-1.,0.,0.));
#6794=DIRECTION('center_axis',(0.,0.,1.));
#6795=DIRECTION('ref_axis',(-1.,0.,0.));
#6796=DIRECTION('',(0.,0.,1.));
#6797=DIRECTION('center_axis',(0.,0.,1.));
#6798=DIRECTION('ref_axis',(0.697412904624222,-0.716669547604477,0.));
#6799=DIRECTION('center_axis',(0.,0.,-1.));
#6800=DIRECTION('ref_axis',(0.697412904624222,-0.716669547604477,0.));
#6801=DIRECTION('center_axis',(0.,0.,1.));
#6802=DIRECTION('ref_axis',(0.697412904624222,-0.716669547604477,0.));
#6803=DIRECTION('',(0.,0.,1.));
#6804=DIRECTION('center_axis',(-0.755749574354258,-0.654860733945285,0.));
#6805=DIRECTION('ref_axis',(0.654860733945285,-0.755749574354258,0.));
#6806=DIRECTION('',(-0.654860733945285,0.755749574354258,0.));
#6807=DIRECTION('',(0.654860733945285,-0.755749574354258,0.));
#6808=DIRECTION('',(0.,0.,1.));
#6809=DIRECTION('center_axis',(0.,0.,1.));
#6810=DIRECTION('ref_axis',(-0.755749574354258,-0.654860733945285,0.));
#6811=DIRECTION('center_axis',(0.,0.,1.));
#6812=DIRECTION('ref_axis',(-0.755749574354258,-0.654860733945285,0.));
#6813=DIRECTION('center_axis',(0.,0.,-1.));
#6814=DIRECTION('ref_axis',(-0.755749574354258,-0.654860733945285,0.));
#6815=DIRECTION('',(0.,0.,1.));
#6816=DIRECTION('center_axis',(0.755749574354258,0.654860733945285,0.));
#6817=DIRECTION('ref_axis',(-0.654860733945285,0.755749574354258,0.));
#6818=DIRECTION('',(0.654860733945285,-0.755749574354258,0.));
#6819=DIRECTION('',(-0.654860733945285,0.755749574354258,0.));
#6820=DIRECTION('',(0.,0.,1.));
#6821=DIRECTION('center_axis',(0.,0.,1.));
#6822=DIRECTION('ref_axis',(0.755749574354258,0.654860733945285,0.));
#6823=DIRECTION('center_axis',(0.,0.,-1.));
#6824=DIRECTION('ref_axis',(0.755749574354258,0.654860733945285,0.));
#6825=DIRECTION('center_axis',(0.,0.,1.));
#6826=DIRECTION('ref_axis',(0.755749574354258,0.654860733945285,0.));
#6827=DIRECTION('',(0.,0.,1.));
#6828=DIRECTION('center_axis',(0.,0.,1.));
#6829=DIRECTION('ref_axis',(-1.,0.,0.));
#6830=DIRECTION('center_axis',(0.,0.,-1.));
#6831=DIRECTION('ref_axis',(-1.,0.,0.));
#6832=DIRECTION('center_axis',(0.,0.,1.));
#6833=DIRECTION('ref_axis',(-1.,0.,0.));
#6834=DIRECTION('',(0.,0.,1.));
#6835=DIRECTION('center_axis',(0.,0.,1.));
#6836=DIRECTION('ref_axis',(0.588321536078798,-0.808627089693317,0.));
#6837=DIRECTION('center_axis',(0.,0.,-1.));
#6838=DIRECTION('ref_axis',(0.588321536078798,-0.808627089693317,0.));
#6839=DIRECTION('center_axis',(0.,0.,1.));
#6840=DIRECTION('ref_axis',(0.588321536078798,-0.808627089693317,0.));
#6841=DIRECTION('',(0.,0.,1.));
#6842=DIRECTION('center_axis',(-0.841253532831181,-0.540640817455598,0.));
#6843=DIRECTION('ref_axis',(0.540640817455598,-0.841253532831181,0.));
#6844=DIRECTION('',(-0.540640817455598,0.841253532831181,0.));
#6845=DIRECTION('',(0.540640817455598,-0.841253532831181,0.));
#6846=DIRECTION('',(0.,0.,1.));
#6847=DIRECTION('center_axis',(0.,0.,1.));
#6848=DIRECTION('ref_axis',(-0.841253532831181,-0.540640817455598,0.));
#6849=DIRECTION('center_axis',(0.,0.,1.));
#6850=DIRECTION('ref_axis',(-0.841253532831181,-0.540640817455598,0.));
#6851=DIRECTION('center_axis',(0.,0.,-1.));
#6852=DIRECTION('ref_axis',(-0.841253532831181,-0.540640817455598,0.));
#6853=DIRECTION('',(0.,0.,1.));
#6854=DIRECTION('center_axis',(0.841253532831181,0.540640817455598,0.));
#6855=DIRECTION('ref_axis',(-0.540640817455598,0.841253532831181,0.));
#6856=DIRECTION('',(0.540640817455598,-0.841253532831181,0.));
#6857=DIRECTION('',(-0.540640817455598,0.841253532831181,0.));
#6858=DIRECTION('',(0.,0.,1.));
#6859=DIRECTION('center_axis',(0.,0.,1.));
#6860=DIRECTION('ref_axis',(0.841253532831181,0.540640817455598,0.));
#6861=DIRECTION('center_axis',(0.,0.,-1.));
#6862=DIRECTION('ref_axis',(0.841253532831181,0.540640817455598,0.));
#6863=DIRECTION('center_axis',(0.,0.,1.));
#6864=DIRECTION('ref_axis',(0.841253532831181,0.540640817455598,0.));
#6865=DIRECTION('',(0.,0.,1.));
#6866=DIRECTION('center_axis',(0.,0.,1.));
#6867=DIRECTION('ref_axis',(-1.,0.,0.));
#6868=DIRECTION('center_axis',(0.,0.,-1.));
#6869=DIRECTION('ref_axis',(-1.,0.,0.));
#6870=DIRECTION('center_axis',(0.,0.,1.));
#6871=DIRECTION('ref_axis',(-1.,0.,0.));
#6872=DIRECTION('',(0.,0.,1.));
#6873=DIRECTION('center_axis',(0.,0.,1.));
#6874=DIRECTION('ref_axis',(0.467253637638019,-0.884123316123966,0.));
#6875=DIRECTION('center_axis',(0.,0.,-1.));
#6876=DIRECTION('ref_axis',(0.467253637638019,-0.884123316123966,0.));
#6877=DIRECTION('center_axis',(0.,0.,1.));
#6878=DIRECTION('ref_axis',(0.467253637638019,-0.884123316123966,0.));
#6879=DIRECTION('',(0.,0.,1.));
#6880=DIRECTION('center_axis',(-0.909631995354519,-0.415415013001886,0.));
#6881=DIRECTION('ref_axis',(0.415415013001886,-0.909631995354519,0.));
#6882=DIRECTION('',(-0.415415013001886,0.909631995354519,0.));
#6883=DIRECTION('',(0.415415013001886,-0.909631995354519,0.));
#6884=DIRECTION('',(0.,0.,1.));
#6885=DIRECTION('center_axis',(0.,0.,1.));
#6886=DIRECTION('ref_axis',(-0.909631995354518,-0.415415013001886,0.));
#6887=DIRECTION('center_axis',(0.,0.,1.));
#6888=DIRECTION('ref_axis',(-0.909631995354518,-0.415415013001886,0.));
#6889=DIRECTION('center_axis',(0.,0.,-1.));
#6890=DIRECTION('ref_axis',(-0.909631995354518,-0.415415013001886,0.));
#6891=DIRECTION('',(0.,0.,1.));
#6892=DIRECTION('center_axis',(0.909631995354518,0.415415013001886,0.));
#6893=DIRECTION('ref_axis',(-0.415415013001886,0.909631995354519,0.));
#6894=DIRECTION('',(0.415415013001886,-0.909631995354519,0.));
#6895=DIRECTION('',(-0.415415013001886,0.909631995354519,0.));
#6896=DIRECTION('',(0.,0.,1.));
#6897=DIRECTION('center_axis',(0.,0.,1.));
#6898=DIRECTION('ref_axis',(0.909631995354518,0.415415013001886,0.));
#6899=DIRECTION('center_axis',(0.,0.,-1.));
#6900=DIRECTION('ref_axis',(0.909631995354518,0.415415013001886,0.));
#6901=DIRECTION('center_axis',(0.,0.,1.));
#6902=DIRECTION('ref_axis',(0.909631995354518,0.415415013001886,0.));
#6903=DIRECTION('',(0.,0.,1.));
#6904=DIRECTION('center_axis',(0.,0.,1.));
#6905=DIRECTION('ref_axis',(-1.,0.,0.));
#6906=DIRECTION('center_axis',(0.,0.,-1.));
#6907=DIRECTION('ref_axis',(-1.,0.,0.));
#6908=DIRECTION('center_axis',(0.,0.,1.));
#6909=DIRECTION('ref_axis',(-1.,0.,0.));
#6910=DIRECTION('',(0.,0.,1.));
#6911=DIRECTION('center_axis',(0.,0.,1.));
#6912=DIRECTION('ref_axis',(0.336673802583152,-0.941621341439435,0.));
#6913=DIRECTION('center_axis',(0.,0.,-1.));
#6914=DIRECTION('ref_axis',(0.336673802583152,-0.941621341439435,0.));
#6915=DIRECTION('center_axis',(0.,0.,1.));
#6916=DIRECTION('ref_axis',(0.336673802583152,-0.941621341439435,0.));
#6917=DIRECTION('',(0.,0.,1.));
#6918=DIRECTION('center_axis',(-0.959492973614498,-0.281732556841429,0.));
#6919=DIRECTION('ref_axis',(0.281732556841429,-0.959492973614497,0.));
#6920=DIRECTION('',(-0.281732556841429,0.959492973614497,0.));
#6921=DIRECTION('',(0.281732556841429,-0.959492973614497,0.));
#6922=DIRECTION('',(0.,0.,1.));
#6923=DIRECTION('center_axis',(0.,0.,1.));
#6924=DIRECTION('ref_axis',(-0.959492973614497,-0.28173255684143,0.));
#6925=DIRECTION('center_axis',(0.,0.,1.));
#6926=DIRECTION('ref_axis',(-0.959492973614497,-0.28173255684143,0.));
#6927=DIRECTION('center_axis',(0.,0.,-1.));
#6928=DIRECTION('ref_axis',(-0.959492973614497,-0.28173255684143,0.));
#6929=DIRECTION('',(0.,0.,1.));
#6930=DIRECTION('center_axis',(0.959492973614497,0.28173255684143,0.));
#6931=DIRECTION('ref_axis',(-0.28173255684143,0.959492973614497,0.));
#6932=DIRECTION('',(0.28173255684143,-0.959492973614497,0.));
#6933=DIRECTION('',(-0.28173255684143,0.959492973614497,0.));
#6934=DIRECTION('',(0.,0.,1.));
#6935=DIRECTION('center_axis',(0.,0.,1.));
#6936=DIRECTION('ref_axis',(0.959492973614497,0.28173255684143,0.));
#6937=DIRECTION('center_axis',(0.,0.,-1.));
#6938=DIRECTION('ref_axis',(0.959492973614497,0.28173255684143,0.));
#6939=DIRECTION('center_axis',(0.,0.,1.));
#6940=DIRECTION('ref_axis',(0.959492973614497,0.28173255684143,0.));
#6941=DIRECTION('',(0.,0.,1.));
#6942=DIRECTION('center_axis',(0.,0.,1.));
#6943=DIRECTION('ref_axis',(-1.,0.,0.));
#6944=DIRECTION('center_axis',(0.,0.,-1.));
#6945=DIRECTION('ref_axis',(-1.,0.,0.));
#6946=DIRECTION('center_axis',(0.,0.,1.));
#6947=DIRECTION('ref_axis',(-1.,0.,0.));
#6948=DIRECTION('',(0.,0.,1.));
#6949=DIRECTION('center_axis',(0.,0.,1.));
#6950=DIRECTION('ref_axis',(0.199240259794765,-0.979950671654913,0.));
#6951=DIRECTION('center_axis',(0.,0.,-1.));
#6952=DIRECTION('ref_axis',(0.199240259794765,-0.979950671654913,0.));
#6953=DIRECTION('center_axis',(0.,0.,1.));
#6954=DIRECTION('ref_axis',(0.199240259794765,-0.979950671654913,0.));
#6955=DIRECTION('',(0.,0.,1.));
#6956=DIRECTION('center_axis',(-0.989821441880933,-0.142314838273285,0.));
#6957=DIRECTION('ref_axis',(0.142314838273285,-0.989821441880933,0.));
#6958=DIRECTION('',(-0.142314838273285,0.989821441880933,0.));
#6959=DIRECTION('',(0.142314838273285,-0.989821441880933,0.));
#6960=DIRECTION('',(0.,0.,1.));
#6961=DIRECTION('center_axis',(0.,0.,1.));
#6962=DIRECTION('ref_axis',(-0.989821441880933,-0.142314838273285,0.));
#6963=DIRECTION('center_axis',(0.,0.,1.));
#6964=DIRECTION('ref_axis',(-0.989821441880933,-0.142314838273285,0.));
#6965=DIRECTION('center_axis',(0.,0.,-1.));
#6966=DIRECTION('ref_axis',(-0.989821441880933,-0.142314838273285,0.));
#6967=DIRECTION('',(0.,0.,1.));
#6968=DIRECTION('center_axis',(0.989821441880933,0.142314838273285,0.));
#6969=DIRECTION('ref_axis',(-0.142314838273285,0.989821441880933,0.));
#6970=DIRECTION('',(0.142314838273285,-0.989821441880933,0.));
#6971=DIRECTION('',(-0.142314838273285,0.989821441880933,0.));
#6972=DIRECTION('',(0.,0.,1.));
#6973=DIRECTION('center_axis',(0.,0.,1.));
#6974=DIRECTION('ref_axis',(0.989821441880933,0.142314838273285,0.));
#6975=DIRECTION('center_axis',(0.,0.,-1.));
#6976=DIRECTION('ref_axis',(0.989821441880933,0.142314838273285,0.));
#6977=DIRECTION('center_axis',(0.,0.,1.));
#6978=DIRECTION('ref_axis',(0.989821441880933,0.142314838273285,0.));
#6979=DIRECTION('',(0.,0.,1.));
#6980=DIRECTION('center_axis',(0.,0.,1.));
#6981=DIRECTION('ref_axis',(-1.,0.,0.));
#6982=DIRECTION('center_axis',(0.,0.,-1.));
#6983=DIRECTION('ref_axis',(-1.,0.,0.));
#6984=DIRECTION('center_axis',(0.,0.,1.));
#6985=DIRECTION('ref_axis',(-1.,0.,0.));
#6986=DIRECTION('',(0.,0.,1.));
#6987=DIRECTION('center_axis',(0.,0.,1.));
#6988=DIRECTION('ref_axis',(0.0577507598784199,-0.998331032139873,0.));
#6989=DIRECTION('center_axis',(0.,0.,-1.));
#6990=DIRECTION('ref_axis',(0.0577507598784199,-0.998331032139873,0.));
#6991=DIRECTION('center_axis',(0.,0.,1.));
#6992=DIRECTION('ref_axis',(0.0577507598784199,-0.998331032139873,0.));
#6993=DIRECTION('',(0.,0.,1.));
#6994=DIRECTION('center_axis',(-1.,1.40281717949571E-16,0.));
#6995=DIRECTION('ref_axis',(-1.40281717949571E-16,-1.,0.));
#6996=DIRECTION('',(1.40281717949571E-16,1.,0.));
#6997=DIRECTION('',(-1.40281717949571E-16,-1.,0.));
#6998=DIRECTION('',(0.,0.,1.));
#6999=DIRECTION('center_axis',(0.,0.,1.));
#7000=DIRECTION('ref_axis',(-1.,-1.22464679914735E-16,0.));
#7001=DIRECTION('center_axis',(0.,0.,1.));
#7002=DIRECTION('ref_axis',(-1.,-1.22464679914735E-16,0.));
#7003=DIRECTION('center_axis',(0.,0.,-1.));
#7004=DIRECTION('ref_axis',(-1.,-1.22464679914735E-16,0.));
#7005=DIRECTION('',(0.,0.,1.));
#7006=DIRECTION('center_axis',(1.,1.22464679914735E-16,0.));
#7007=DIRECTION('ref_axis',(-1.22464679914735E-16,1.,0.));
#7008=DIRECTION('',(1.22464679914735E-16,-1.,0.));
#7009=DIRECTION('',(-1.22464679914735E-16,1.,0.));
#7010=DIRECTION('',(0.,0.,1.));
#7011=DIRECTION('center_axis',(0.,0.,1.));
#7012=DIRECTION('ref_axis',(1.,1.22464679914735E-16,0.));
#7013=DIRECTION('center_axis',(0.,0.,-1.));
#7014=DIRECTION('ref_axis',(1.,1.22464679914735E-16,0.));
#7015=DIRECTION('center_axis',(0.,0.,1.));
#7016=DIRECTION('ref_axis',(1.,1.22464679914735E-16,0.));
#7017=DIRECTION('',(0.,0.,1.));
#7018=DIRECTION('center_axis',(0.,0.,1.));
#7019=DIRECTION('ref_axis',(-1.,0.,0.));
#7020=DIRECTION('center_axis',(0.,0.,-1.));
#7021=DIRECTION('ref_axis',(-1.,0.,0.));
#7022=DIRECTION('center_axis',(0.,0.,1.));
#7023=DIRECTION('ref_axis',(-1.,0.,0.));
#7024=DIRECTION('',(0.,0.,1.));
#7025=DIRECTION('center_axis',(0.,0.,1.));
#7026=DIRECTION('ref_axis',(-0.0849143789696107,-0.996388251759426,0.));
#7027=DIRECTION('center_axis',(0.,0.,-1.));
#7028=DIRECTION('ref_axis',(-0.0849143789696107,-0.996388251759426,0.));
#7029=DIRECTION('center_axis',(0.,0.,1.));
#7030=DIRECTION('ref_axis',(-0.0849143789696107,-0.996388251759426,0.));
#7031=DIRECTION('',(0.,0.,1.));
#7032=DIRECTION('center_axis',(-0.989821441880933,0.142314838273285,0.));
#7033=DIRECTION('ref_axis',(-0.142314838273285,-0.989821441880933,0.));
#7034=DIRECTION('',(0.142314838273285,0.989821441880933,0.));
#7035=DIRECTION('',(-0.142314838273285,-0.989821441880933,0.));
#7036=DIRECTION('',(0.,0.,1.));
#7037=DIRECTION('center_axis',(0.,0.,1.));
#7038=DIRECTION('ref_axis',(-0.989821441880933,0.142314838273285,0.));
#7039=DIRECTION('center_axis',(0.,0.,1.));
#7040=DIRECTION('ref_axis',(-0.989821441880933,0.142314838273285,0.));
#7041=DIRECTION('center_axis',(0.,0.,-1.));
#7042=DIRECTION('ref_axis',(-0.989821441880933,0.142314838273285,0.));
#7043=DIRECTION('',(0.,0.,1.));
#7044=DIRECTION('center_axis',(0.989821441880933,-0.142314838273285,0.));
#7045=DIRECTION('ref_axis',(0.142314838273285,0.989821441880933,0.));
#7046=DIRECTION('',(-0.142314838273285,-0.989821441880933,0.));
#7047=DIRECTION('',(0.142314838273285,0.989821441880933,0.));
#7048=DIRECTION('',(0.,0.,1.));
#7049=DIRECTION('center_axis',(0.,0.,1.));
#7050=DIRECTION('ref_axis',(0.989821441880933,-0.142314838273285,0.));
#7051=DIRECTION('center_axis',(0.,0.,-1.));
#7052=DIRECTION('ref_axis',(0.989821441880933,-0.142314838273285,0.));
#7053=DIRECTION('center_axis',(0.,0.,1.));
#7054=DIRECTION('ref_axis',(0.989821441880933,-0.142314838273285,0.));
#7055=DIRECTION('',(0.,0.,1.));
#7056=DIRECTION('center_axis',(0.,0.,1.));
#7057=DIRECTION('ref_axis',(-1.,0.,0.));
#7058=DIRECTION('center_axis',(0.,0.,-1.));
#7059=DIRECTION('ref_axis',(-1.,0.,0.));
#7060=DIRECTION('center_axis',(0.,0.,1.));
#7061=DIRECTION('ref_axis',(-1.,0.,0.));
#7062=DIRECTION('',(0.,0.,1.));
#7063=DIRECTION('center_axis',(0.,0.,1.));
#7064=DIRECTION('ref_axis',(-0.225850905934668,-0.9741618799196,0.));
#7065=DIRECTION('center_axis',(0.,0.,-1.));
#7066=DIRECTION('ref_axis',(-0.225850905934668,-0.9741618799196,0.));
#7067=DIRECTION('center_axis',(0.,0.,1.));
#7068=DIRECTION('ref_axis',(-0.225850905934668,-0.9741618799196,0.));
#7069=DIRECTION('',(0.,0.,1.));
#7070=DIRECTION('center_axis',(-0.959492973614497,0.28173255684143,0.));
#7071=DIRECTION('ref_axis',(-0.28173255684143,-0.959492973614497,0.));
#7072=DIRECTION('',(0.28173255684143,0.959492973614497,0.));
#7073=DIRECTION('',(-0.28173255684143,-0.959492973614497,0.));
#7074=DIRECTION('',(0.,0.,1.));
#7075=DIRECTION('center_axis',(0.,0.,1.));
#7076=DIRECTION('ref_axis',(-0.959492973614497,0.281732556841429,0.));
#7077=DIRECTION('center_axis',(0.,0.,1.));
#7078=DIRECTION('ref_axis',(-0.959492973614497,0.281732556841429,0.));
#7079=DIRECTION('center_axis',(0.,0.,-1.));
#7080=DIRECTION('ref_axis',(-0.959492973614497,0.281732556841429,0.));
#7081=DIRECTION('',(0.,0.,1.));
#7082=DIRECTION('center_axis',(0.959492973614497,-0.281732556841429,0.));
#7083=DIRECTION('ref_axis',(0.281732556841429,0.959492973614497,0.));
#7084=DIRECTION('',(-0.281732556841429,-0.959492973614497,0.));
#7085=DIRECTION('',(0.281732556841429,0.959492973614497,0.));
#7086=DIRECTION('',(0.,0.,1.));
#7087=DIRECTION('center_axis',(0.,0.,1.));
#7088=DIRECTION('ref_axis',(0.959492973614497,-0.281732556841429,0.));
#7089=DIRECTION('center_axis',(0.,0.,-1.));
#7090=DIRECTION('ref_axis',(0.959492973614497,-0.281732556841429,0.));
#7091=DIRECTION('center_axis',(0.,0.,1.));
#7092=DIRECTION('ref_axis',(0.959492973614497,-0.281732556841429,0.));
#7093=DIRECTION('',(0.,0.,1.));
#7094=DIRECTION('center_axis',(0.,0.,1.));
#7095=DIRECTION('ref_axis',(-1.,0.,0.));
#7096=DIRECTION('center_axis',(0.,0.,-1.));
#7097=DIRECTION('ref_axis',(-1.,0.,0.));
#7098=DIRECTION('center_axis',(0.,0.,1.));
#7099=DIRECTION('ref_axis',(-1.,0.,0.));
#7100=DIRECTION('',(0.,0.,1.));
#7101=DIRECTION('center_axis',(0.,0.,1.));
#7102=DIRECTION('ref_axis',(-0.362189759755126,-0.932104381455491,0.));
#7103=DIRECTION('center_axis',(0.,0.,-1.));
#7104=DIRECTION('ref_axis',(-0.362189759755126,-0.932104381455491,0.));
#7105=DIRECTION('center_axis',(0.,0.,1.));
#7106=DIRECTION('ref_axis',(-0.362189759755126,-0.932104381455491,0.));
#7107=DIRECTION('',(0.,0.,1.));
#7108=DIRECTION('center_axis',(-0.909631995354518,0.415415013001887,0.));
#7109=DIRECTION('ref_axis',(-0.415415013001887,-0.909631995354518,0.));
#7110=DIRECTION('',(0.415415013001887,0.909631995354518,0.));
#7111=DIRECTION('',(-0.415415013001887,-0.909631995354518,0.));
#7112=DIRECTION('',(0.,0.,1.));
#7113=DIRECTION('center_axis',(0.,0.,1.));
#7114=DIRECTION('ref_axis',(-0.909631995354518,0.415415013001886,0.));
#7115=DIRECTION('center_axis',(0.,0.,1.));
#7116=DIRECTION('ref_axis',(-0.909631995354518,0.415415013001886,0.));
#7117=DIRECTION('center_axis',(0.,0.,-1.));
#7118=DIRECTION('ref_axis',(-0.909631995354518,0.415415013001886,0.));
#7119=DIRECTION('',(0.,0.,1.));
#7120=DIRECTION('center_axis',(0.909631995354518,-0.415415013001886,0.));
#7121=DIRECTION('ref_axis',(0.415415013001886,0.909631995354518,0.));
#7122=DIRECTION('',(-0.415415013001886,-0.909631995354518,0.));
#7123=DIRECTION('',(0.415415013001886,0.909631995354518,0.));
#7124=DIRECTION('',(0.,0.,1.));
#7125=DIRECTION('center_axis',(0.,0.,1.));
#7126=DIRECTION('ref_axis',(0.909631995354518,-0.415415013001886,0.));
#7127=DIRECTION('center_axis',(0.,0.,-1.));
#7128=DIRECTION('ref_axis',(0.909631995354518,-0.415415013001886,0.));
#7129=DIRECTION('center_axis',(0.,0.,1.));
#7130=DIRECTION('ref_axis',(0.909631995354518,-0.415415013001886,0.));
#7131=DIRECTION('',(0.,0.,1.));
#7132=DIRECTION('center_axis',(0.,0.,1.));
#7133=DIRECTION('ref_axis',(-1.,0.,0.));
#7134=DIRECTION('center_axis',(0.,0.,-1.));
#7135=DIRECTION('ref_axis',(-1.,0.,0.));
#7136=DIRECTION('center_axis',(0.,0.,1.));
#7137=DIRECTION('ref_axis',(-1.,0.,0.));
#7138=DIRECTION('',(0.,0.,1.));
#7139=DIRECTION('center_axis',(0.,0.,1.));
#7140=DIRECTION('ref_axis',(-0.491155474535986,-0.871071925752019,0.));
#7141=DIRECTION('center_axis',(0.,0.,-1.));
#7142=DIRECTION('ref_axis',(-0.491155474535986,-0.871071925752019,0.));
#7143=DIRECTION('center_axis',(0.,0.,1.));
#7144=DIRECTION('ref_axis',(-0.491155474535986,-0.871071925752019,0.));
#7145=DIRECTION('',(0.,0.,1.));
#7146=DIRECTION('center_axis',(-0.841253532831181,0.540640817455598,0.));
#7147=DIRECTION('ref_axis',(-0.540640817455598,-0.841253532831181,0.));
#7148=DIRECTION('',(0.540640817455598,0.841253532831181,0.));
#7149=DIRECTION('',(-0.540640817455598,-0.841253532831181,0.));
#7150=DIRECTION('',(0.,0.,1.));
#7151=DIRECTION('center_axis',(0.,0.,1.));
#7152=DIRECTION('ref_axis',(-0.841253532831181,0.540640817455598,0.));
#7153=DIRECTION('center_axis',(0.,0.,1.));
#7154=DIRECTION('ref_axis',(-0.841253532831181,0.540640817455598,0.));
#7155=DIRECTION('center_axis',(0.,0.,-1.));
#7156=DIRECTION('ref_axis',(-0.841253532831181,0.540640817455598,0.));
#7157=DIRECTION('',(0.,0.,1.));
#7158=DIRECTION('center_axis',(0.841253532831181,-0.540640817455598,0.));
#7159=DIRECTION('ref_axis',(0.540640817455598,0.841253532831181,0.));
#7160=DIRECTION('',(-0.540640817455598,-0.841253532831181,0.));
#7161=DIRECTION('',(0.540640817455598,0.841253532831181,0.));
#7162=DIRECTION('',(0.,0.,1.));
#7163=DIRECTION('center_axis',(0.,0.,1.));
#7164=DIRECTION('ref_axis',(0.841253532831181,-0.540640817455598,0.));
#7165=DIRECTION('center_axis',(0.,0.,-1.));
#7166=DIRECTION('ref_axis',(0.841253532831181,-0.540640817455598,0.));
#7167=DIRECTION('center_axis',(0.,0.,1.));
#7168=DIRECTION('ref_axis',(0.841253532831181,-0.540640817455598,0.));
#7169=DIRECTION('',(0.,0.,1.));
#7170=DIRECTION('center_axis',(0.,0.,1.));
#7171=DIRECTION('ref_axis',(-1.,0.,0.));
#7172=DIRECTION('center_axis',(0.,0.,-1.));
#7173=DIRECTION('ref_axis',(-1.,0.,0.));
#7174=DIRECTION('center_axis',(0.,0.,1.));
#7175=DIRECTION('ref_axis',(-1.,0.,0.));
#7176=DIRECTION('',(0.,0.,1.));
#7177=DIRECTION('center_axis',(0.,0.,1.));
#7178=DIRECTION('ref_axis',(-0.610122680230721,-0.792306957604237,0.));
#7179=DIRECTION('center_axis',(0.,0.,-1.));
#7180=DIRECTION('ref_axis',(-0.610122680230721,-0.792306957604237,0.));
#7181=DIRECTION('center_axis',(0.,0.,1.));
#7182=DIRECTION('ref_axis',(-0.610122680230721,-0.792306957604237,0.));
#7183=DIRECTION('',(0.,0.,1.));
#7184=DIRECTION('center_axis',(-0.755749574354258,0.654860733945285,0.));
#7185=DIRECTION('ref_axis',(-0.654860733945285,-0.755749574354258,0.));
#7186=DIRECTION('',(0.654860733945285,0.755749574354258,0.));
#7187=DIRECTION('',(-0.654860733945285,-0.755749574354258,0.));
#7188=DIRECTION('',(0.,0.,1.));
#7189=DIRECTION('center_axis',(0.,0.,1.));
#7190=DIRECTION('ref_axis',(-0.755749574354258,0.654860733945285,0.));
#7191=DIRECTION('center_axis',(0.,0.,1.));
#7192=DIRECTION('ref_axis',(-0.755749574354258,0.654860733945285,0.));
#7193=DIRECTION('center_axis',(0.,0.,-1.));
#7194=DIRECTION('ref_axis',(-0.755749574354258,0.654860733945285,0.));
#7195=DIRECTION('',(0.,0.,1.));
#7196=DIRECTION('center_axis',(0.755749574354258,-0.654860733945285,0.));
#7197=DIRECTION('ref_axis',(0.654860733945285,0.755749574354258,0.));
#7198=DIRECTION('',(-0.654860733945285,-0.755749574354258,0.));
#7199=DIRECTION('',(0.654860733945285,0.755749574354258,0.));
#7200=DIRECTION('',(0.,0.,1.));
#7201=DIRECTION('center_axis',(0.,0.,1.));
#7202=DIRECTION('ref_axis',(0.755749574354258,-0.654860733945285,0.));
#7203=DIRECTION('center_axis',(0.,0.,-1.));
#7204=DIRECTION('ref_axis',(0.755749574354258,-0.654860733945285,0.));
#7205=DIRECTION('center_axis',(0.,0.,1.));
#7206=DIRECTION('ref_axis',(0.755749574354258,-0.654860733945285,0.));
#7207=DIRECTION('',(0.,0.,1.));
#7208=DIRECTION('center_axis',(0.,0.,1.));
#7209=DIRECTION('ref_axis',(-1.,0.,0.));
#7210=DIRECTION('center_axis',(0.,0.,-1.));
#7211=DIRECTION('ref_axis',(-1.,0.,0.));
#7212=DIRECTION('center_axis',(0.,0.,1.));
#7213=DIRECTION('ref_axis',(-1.,0.,0.));
#7214=DIRECTION('',(0.,0.,1.));
#7215=DIRECTION('center_axis',(0.,0.,1.));
#7216=DIRECTION('ref_axis',(-0.716669547604477,-0.697412904624222,0.));
#7217=DIRECTION('center_axis',(0.,0.,-1.));
#7218=DIRECTION('ref_axis',(-0.716669547604477,-0.697412904624222,0.));
#7219=DIRECTION('center_axis',(0.,0.,1.));
#7220=DIRECTION('ref_axis',(-0.716669547604477,-0.697412904624222,0.));
#7221=DIRECTION('',(0.,0.,1.));
#7222=DIRECTION('center_axis',(-0.654860733945285,0.755749574354258,0.));
#7223=DIRECTION('ref_axis',(-0.755749574354258,-0.654860733945285,0.));
#7224=DIRECTION('',(0.755749574354258,0.654860733945285,0.));
#7225=DIRECTION('',(-0.755749574354258,-0.654860733945285,0.));
#7226=DIRECTION('',(0.,0.,1.));
#7227=DIRECTION('center_axis',(0.,0.,1.));
#7228=DIRECTION('ref_axis',(-0.654860733945285,0.755749574354258,0.));
#7229=DIRECTION('center_axis',(0.,0.,1.));
#7230=DIRECTION('ref_axis',(-0.654860733945285,0.755749574354258,0.));
#7231=DIRECTION('center_axis',(0.,0.,-1.));
#7232=DIRECTION('ref_axis',(-0.654860733945285,0.755749574354258,0.));
#7233=DIRECTION('',(0.,0.,1.));
#7234=DIRECTION('center_axis',(0.654860733945285,-0.755749574354258,0.));
#7235=DIRECTION('ref_axis',(0.755749574354258,0.654860733945285,0.));
#7236=DIRECTION('',(-0.755749574354258,-0.654860733945285,0.));
#7237=DIRECTION('',(0.755749574354258,0.654860733945285,0.));
#7238=DIRECTION('',(0.,0.,1.));
#7239=DIRECTION('center_axis',(0.,0.,1.));
#7240=DIRECTION('ref_axis',(0.654860733945285,-0.755749574354258,0.));
#7241=DIRECTION('center_axis',(0.,0.,-1.));
#7242=DIRECTION('ref_axis',(0.654860733945285,-0.755749574354258,0.));
#7243=DIRECTION('center_axis',(0.,0.,1.));
#7244=DIRECTION('ref_axis',(0.654860733945285,-0.755749574354258,0.));
#7245=DIRECTION('',(0.,0.,1.));
#7246=DIRECTION('center_axis',(0.,0.,1.));
#7247=DIRECTION('ref_axis',(-1.,0.,0.));
#7248=DIRECTION('center_axis',(0.,0.,-1.));
#7249=DIRECTION('ref_axis',(-1.,0.,0.));
#7250=DIRECTION('center_axis',(0.,0.,1.));
#7251=DIRECTION('ref_axis',(-1.,0.,0.));
#7252=DIRECTION('',(0.,0.,1.));
#7253=DIRECTION('center_axis',(0.,0.,1.));
#7254=DIRECTION('ref_axis',(-0.808627089693317,-0.588321536078797,0.));
#7255=DIRECTION('center_axis',(0.,0.,-1.));
#7256=DIRECTION('ref_axis',(-0.808627089693317,-0.588321536078797,0.));
#7257=DIRECTION('center_axis',(0.,0.,1.));
#7258=DIRECTION('ref_axis',(-0.808627089693317,-0.588321536078797,0.));
#7259=DIRECTION('',(0.,0.,1.));
#7260=DIRECTION('center_axis',(-0.540640817455597,0.841253532831181,0.));
#7261=DIRECTION('ref_axis',(-0.841253532831181,-0.540640817455597,0.));
#7262=DIRECTION('',(0.841253532831181,0.540640817455597,0.));
#7263=DIRECTION('',(-0.841253532831181,-0.540640817455597,0.));
#7264=DIRECTION('',(0.,0.,1.));
#7265=DIRECTION('center_axis',(0.,0.,1.));
#7266=DIRECTION('ref_axis',(-0.540640817455597,0.841253532831181,0.));
#7267=DIRECTION('center_axis',(0.,0.,1.));
#7268=DIRECTION('ref_axis',(-0.540640817455597,0.841253532831181,0.));
#7269=DIRECTION('center_axis',(0.,0.,-1.));
#7270=DIRECTION('ref_axis',(-0.540640817455597,0.841253532831181,0.));
#7271=DIRECTION('',(0.,0.,1.));
#7272=DIRECTION('center_axis',(0.540640817455597,-0.841253532831181,0.));
#7273=DIRECTION('ref_axis',(0.841253532831181,0.540640817455597,0.));
#7274=DIRECTION('',(-0.841253532831181,-0.540640817455597,0.));
#7275=DIRECTION('',(0.841253532831181,0.540640817455597,0.));
#7276=DIRECTION('',(0.,0.,1.));
#7277=DIRECTION('center_axis',(0.,0.,1.));
#7278=DIRECTION('ref_axis',(0.540640817455597,-0.841253532831181,0.));
#7279=DIRECTION('center_axis',(0.,0.,-1.));
#7280=DIRECTION('ref_axis',(0.540640817455597,-0.841253532831181,0.));
#7281=DIRECTION('center_axis',(0.,0.,1.));
#7282=DIRECTION('ref_axis',(0.540640817455597,-0.841253532831181,0.));
#7283=DIRECTION('',(0.,0.,1.));
#7284=DIRECTION('center_axis',(0.,0.,1.));
#7285=DIRECTION('ref_axis',(-1.,0.,0.));
#7286=DIRECTION('center_axis',(0.,0.,-1.));
#7287=DIRECTION('ref_axis',(-1.,0.,0.));
#7288=DIRECTION('center_axis',(0.,0.,1.));
#7289=DIRECTION('ref_axis',(-1.,0.,0.));
#7290=DIRECTION('',(0.,0.,1.));
#7291=DIRECTION('center_axis',(0.,0.,1.));
#7292=DIRECTION('ref_axis',(-0.884123316123966,-0.467253637638019,0.));
#7293=DIRECTION('center_axis',(0.,0.,-1.));
#7294=DIRECTION('ref_axis',(-0.884123316123966,-0.467253637638019,0.));
#7295=DIRECTION('center_axis',(0.,0.,1.));
#7296=DIRECTION('ref_axis',(-0.884123316123966,-0.467253637638019,0.));
#7297=DIRECTION('',(0.,0.,1.));
#7298=DIRECTION('center_axis',(-0.415415013001886,0.909631995354519,0.));
#7299=DIRECTION('ref_axis',(-0.909631995354519,-0.415415013001886,0.));
#7300=DIRECTION('',(0.909631995354519,0.415415013001886,0.));
#7301=DIRECTION('',(-0.909631995354519,-0.415415013001886,0.));
#7302=DIRECTION('',(0.,0.,1.));
#7303=DIRECTION('center_axis',(0.,0.,1.));
#7304=DIRECTION('ref_axis',(-0.415415013001886,0.909631995354518,0.));
#7305=DIRECTION('center_axis',(0.,0.,1.));
#7306=DIRECTION('ref_axis',(-0.415415013001886,0.909631995354518,0.));
#7307=DIRECTION('center_axis',(0.,0.,-1.));
#7308=DIRECTION('ref_axis',(-0.415415013001886,0.909631995354518,0.));
#7309=DIRECTION('',(0.,0.,1.));
#7310=DIRECTION('center_axis',(0.415415013001886,-0.909631995354518,0.));
#7311=DIRECTION('ref_axis',(0.909631995354518,0.415415013001886,0.));
#7312=DIRECTION('',(-0.909631995354518,-0.415415013001886,0.));
#7313=DIRECTION('',(0.909631995354518,0.415415013001886,0.));
#7314=DIRECTION('',(0.,0.,1.));
#7315=DIRECTION('center_axis',(0.,0.,1.));
#7316=DIRECTION('ref_axis',(0.415415013001886,-0.909631995354518,0.));
#7317=DIRECTION('center_axis',(0.,0.,-1.));
#7318=DIRECTION('ref_axis',(0.415415013001886,-0.909631995354518,0.));
#7319=DIRECTION('center_axis',(0.,0.,1.));
#7320=DIRECTION('ref_axis',(0.415415013001886,-0.909631995354518,0.));
#7321=DIRECTION('',(0.,0.,1.));
#7322=DIRECTION('center_axis',(0.,0.,1.));
#7323=DIRECTION('ref_axis',(-1.,0.,0.));
#7324=DIRECTION('center_axis',(0.,0.,-1.));
#7325=DIRECTION('ref_axis',(-1.,0.,0.));
#7326=DIRECTION('center_axis',(0.,0.,1.));
#7327=DIRECTION('ref_axis',(-1.,0.,0.));
#7328=DIRECTION('',(0.,0.,1.));
#7329=DIRECTION('center_axis',(0.,0.,1.));
#7330=DIRECTION('ref_axis',(-0.941621341439435,-0.336673802583152,0.));
#7331=DIRECTION('center_axis',(0.,0.,-1.));
#7332=DIRECTION('ref_axis',(-0.941621341439435,-0.336673802583152,0.));
#7333=DIRECTION('center_axis',(0.,0.,1.));
#7334=DIRECTION('ref_axis',(-0.941621341439435,-0.336673802583152,0.));
#7335=DIRECTION('',(0.,0.,1.));
#7336=DIRECTION('center_axis',(-0.28173255684143,0.959492973614498,0.));
#7337=DIRECTION('ref_axis',(-0.959492973614497,-0.281732556841429,0.));
#7338=DIRECTION('',(0.959492973614497,0.281732556841429,0.));
#7339=DIRECTION('',(-0.959492973614497,-0.281732556841429,0.));
#7340=DIRECTION('',(0.,0.,1.));
#7341=DIRECTION('center_axis',(0.,0.,1.));
#7342=DIRECTION('ref_axis',(-0.28173255684143,0.959492973614497,0.));
#7343=DIRECTION('center_axis',(0.,0.,1.));
#7344=DIRECTION('ref_axis',(-0.28173255684143,0.959492973614497,0.));
#7345=DIRECTION('center_axis',(0.,0.,-1.));
#7346=DIRECTION('ref_axis',(-0.28173255684143,0.959492973614497,0.));
#7347=DIRECTION('',(0.,0.,1.));
#7348=DIRECTION('center_axis',(0.28173255684143,-0.959492973614497,0.));
#7349=DIRECTION('ref_axis',(0.959492973614497,0.28173255684143,0.));
#7350=DIRECTION('',(-0.959492973614497,-0.28173255684143,0.));
#7351=DIRECTION('',(0.959492973614497,0.28173255684143,0.));
#7352=DIRECTION('',(0.,0.,1.));
#7353=DIRECTION('center_axis',(0.,0.,1.));
#7354=DIRECTION('ref_axis',(0.28173255684143,-0.959492973614497,0.));
#7355=DIRECTION('center_axis',(0.,0.,-1.));
#7356=DIRECTION('ref_axis',(0.28173255684143,-0.959492973614497,0.));
#7357=DIRECTION('center_axis',(0.,0.,1.));
#7358=DIRECTION('ref_axis',(0.28173255684143,-0.959492973614497,0.));
#7359=DIRECTION('',(0.,0.,1.));
#7360=DIRECTION('center_axis',(0.,0.,1.));
#7361=DIRECTION('ref_axis',(-1.,0.,0.));
#7362=DIRECTION('center_axis',(0.,0.,-1.));
#7363=DIRECTION('ref_axis',(-1.,0.,0.));
#7364=DIRECTION('center_axis',(0.,0.,1.));
#7365=DIRECTION('ref_axis',(-1.,0.,0.));
#7366=DIRECTION('',(0.,0.,1.));
#7367=DIRECTION('center_axis',(0.,0.,1.));
#7368=DIRECTION('ref_axis',(-0.979950671654913,-0.199240259794765,0.));
#7369=DIRECTION('center_axis',(0.,0.,-1.));
#7370=DIRECTION('ref_axis',(-0.979950671654913,-0.199240259794765,0.));
#7371=DIRECTION('center_axis',(0.,0.,1.));
#7372=DIRECTION('ref_axis',(-0.979950671654913,-0.199240259794765,0.));
#7373=DIRECTION('',(0.,0.,1.));
#7374=DIRECTION('center_axis',(-0.142314838273285,0.989821441880933,0.));
#7375=DIRECTION('ref_axis',(-0.989821441880933,-0.142314838273285,0.));
#7376=DIRECTION('',(0.989821441880933,0.142314838273285,0.));
#7377=DIRECTION('',(-0.989821441880933,-0.142314838273285,0.));
#7378=DIRECTION('',(0.,0.,1.));
#7379=DIRECTION('center_axis',(0.,0.,1.));
#7380=DIRECTION('ref_axis',(-0.142314838273285,0.989821441880933,0.));
#7381=DIRECTION('center_axis',(0.,0.,1.));
#7382=DIRECTION('ref_axis',(-0.142314838273285,0.989821441880933,0.));
#7383=DIRECTION('center_axis',(0.,0.,-1.));
#7384=DIRECTION('ref_axis',(-0.142314838273285,0.989821441880933,0.));
#7385=DIRECTION('',(0.,0.,1.));
#7386=DIRECTION('center_axis',(0.142314838273285,-0.989821441880933,0.));
#7387=DIRECTION('ref_axis',(0.989821441880933,0.142314838273285,0.));
#7388=DIRECTION('',(-0.989821441880933,-0.142314838273285,0.));
#7389=DIRECTION('',(0.989821441880933,0.142314838273285,0.));
#7390=DIRECTION('',(0.,0.,1.));
#7391=DIRECTION('center_axis',(0.,0.,1.));
#7392=DIRECTION('ref_axis',(0.142314838273285,-0.989821441880933,0.));
#7393=DIRECTION('center_axis',(0.,0.,-1.));
#7394=DIRECTION('ref_axis',(0.142314838273285,-0.989821441880933,0.));
#7395=DIRECTION('center_axis',(0.,0.,1.));
#7396=DIRECTION('ref_axis',(0.142314838273285,-0.989821441880933,0.));
#7397=DIRECTION('',(0.,0.,1.));
#7398=DIRECTION('center_axis',(0.,0.,1.));
#7399=DIRECTION('ref_axis',(-1.,0.,0.));
#7400=DIRECTION('center_axis',(0.,0.,-1.));
#7401=DIRECTION('ref_axis',(-1.,0.,0.));
#7402=DIRECTION('center_axis',(0.,0.,1.));
#7403=DIRECTION('ref_axis',(-1.,0.,0.));
#7404=DIRECTION('',(0.,0.,1.));
#7405=DIRECTION('center_axis',(0.,0.,1.));
#7406=DIRECTION('ref_axis',(-0.998331032139873,-0.05775075987842,0.));
#7407=DIRECTION('center_axis',(0.,0.,-1.));
#7408=DIRECTION('ref_axis',(-0.998331032139873,-0.05775075987842,0.));
#7409=DIRECTION('center_axis',(0.,0.,1.));
#7410=DIRECTION('ref_axis',(-0.998331032139873,-0.05775075987842,0.));
#7411=DIRECTION('',(0.,0.,1.));
#7412=DIRECTION('center_axis',(7.90493779922031E-17,1.,0.));
#7413=DIRECTION('ref_axis',(-1.,7.90493779922031E-17,0.));
#7414=DIRECTION('',(1.,-7.90493779922031E-17,0.));
#7415=DIRECTION('',(-1.,7.90493779922031E-17,0.));
#7416=DIRECTION('',(0.,0.,1.));
#7417=DIRECTION('center_axis',(0.,0.,1.));
#7418=DIRECTION('ref_axis',(-1.83697019872103E-16,1.,0.));
#7419=DIRECTION('center_axis',(0.,0.,1.));
#7420=DIRECTION('ref_axis',(-1.83697019872103E-16,1.,0.));
#7421=DIRECTION('center_axis',(0.,0.,-1.));
#7422=DIRECTION('ref_axis',(-1.83697019872103E-16,1.,0.));
#7423=DIRECTION('',(0.,0.,1.));
#7424=DIRECTION('center_axis',(1.83697019872103E-16,-1.,0.));
#7425=DIRECTION('ref_axis',(1.,1.83697019872103E-16,0.));
#7426=DIRECTION('',(-1.,-1.83697019872103E-16,0.));
#7427=DIRECTION('',(1.,1.83697019872103E-16,0.));
#7428=DIRECTION('',(0.,0.,1.));
#7429=DIRECTION('center_axis',(0.,0.,1.));
#7430=DIRECTION('ref_axis',(1.83697019872103E-16,-1.,0.));
#7431=DIRECTION('center_axis',(0.,0.,-1.));
#7432=DIRECTION('ref_axis',(1.83697019872103E-16,-1.,0.));
#7433=DIRECTION('center_axis',(0.,0.,1.));
#7434=DIRECTION('ref_axis',(1.83697019872103E-16,-1.,0.));
#7435=DIRECTION('',(0.,0.,1.));
#7436=DIRECTION('center_axis',(0.,0.,1.));
#7437=DIRECTION('ref_axis',(-1.,0.,0.));
#7438=DIRECTION('center_axis',(0.,0.,-1.));
#7439=DIRECTION('ref_axis',(-1.,0.,0.));
#7440=DIRECTION('center_axis',(0.,0.,1.));
#7441=DIRECTION('ref_axis',(-1.,0.,0.));
#7442=DIRECTION('',(0.,0.,1.));
#7443=DIRECTION('center_axis',(0.,0.,1.));
#7444=DIRECTION('ref_axis',(-0.996388251759426,0.0849143789696106,0.));
#7445=DIRECTION('center_axis',(0.,0.,-1.));
#7446=DIRECTION('ref_axis',(-0.996388251759426,0.0849143789696106,0.));
#7447=DIRECTION('center_axis',(0.,0.,1.));
#7448=DIRECTION('ref_axis',(-0.996388251759426,0.0849143789696106,0.));
#7449=DIRECTION('',(0.,0.,1.));
#7450=DIRECTION('center_axis',(0.142314838273285,0.989821441880933,0.));
#7451=DIRECTION('ref_axis',(-0.989821441880933,0.142314838273285,0.));
#7452=DIRECTION('',(0.989821441880933,-0.142314838273285,0.));
#7453=DIRECTION('',(-0.989821441880933,0.142314838273285,0.));
#7454=DIRECTION('',(0.,0.,1.));
#7455=DIRECTION('center_axis',(0.,0.,1.));
#7456=DIRECTION('ref_axis',(0.142314838273285,0.989821441880933,0.));
#7457=DIRECTION('center_axis',(0.,0.,1.));
#7458=DIRECTION('ref_axis',(0.142314838273285,0.989821441880933,0.));
#7459=DIRECTION('center_axis',(0.,0.,-1.));
#7460=DIRECTION('ref_axis',(0.142314838273285,0.989821441880933,0.));
#7461=DIRECTION('',(0.,0.,1.));
#7462=DIRECTION('center_axis',(-0.142314838273285,-0.989821441880933,0.));
#7463=DIRECTION('ref_axis',(0.989821441880933,-0.142314838273285,0.));
#7464=DIRECTION('',(-0.989821441880933,0.142314838273285,0.));
#7465=DIRECTION('',(0.989821441880933,-0.142314838273285,0.));
#7466=DIRECTION('',(0.,0.,1.));
#7467=DIRECTION('center_axis',(0.,0.,1.));
#7468=DIRECTION('ref_axis',(-0.142314838273285,-0.989821441880933,0.));
#7469=DIRECTION('center_axis',(0.,0.,-1.));
#7470=DIRECTION('ref_axis',(-0.142314838273285,-0.989821441880933,0.));
#7471=DIRECTION('center_axis',(0.,0.,1.));
#7472=DIRECTION('ref_axis',(-0.142314838273285,-0.989821441880933,0.));
#7473=DIRECTION('',(0.,0.,1.));
#7474=DIRECTION('center_axis',(0.,0.,1.));
#7475=DIRECTION('ref_axis',(-1.,0.,0.));
#7476=DIRECTION('center_axis',(0.,0.,-1.));
#7477=DIRECTION('ref_axis',(-1.,0.,0.));
#7478=DIRECTION('center_axis',(0.,0.,1.));
#7479=DIRECTION('ref_axis',(-1.,0.,0.));
#7480=DIRECTION('',(0.,0.,1.));
#7481=DIRECTION('center_axis',(0.,0.,1.));
#7482=DIRECTION('ref_axis',(-0.9741618799196,0.225850905934668,0.));
#7483=DIRECTION('center_axis',(0.,0.,-1.));
#7484=DIRECTION('ref_axis',(-0.9741618799196,0.225850905934668,0.));
#7485=DIRECTION('center_axis',(0.,0.,1.));
#7486=DIRECTION('ref_axis',(-0.9741618799196,0.225850905934668,0.));
#7487=DIRECTION('',(0.,0.,1.));
#7488=DIRECTION('center_axis',(0.28173255684143,0.959492973614497,0.));
#7489=DIRECTION('ref_axis',(-0.959492973614497,0.28173255684143,0.));
#7490=DIRECTION('',(0.959492973614497,-0.28173255684143,0.));
#7491=DIRECTION('',(-0.959492973614497,0.28173255684143,0.));
#7492=DIRECTION('',(0.,0.,1.));
#7493=DIRECTION('center_axis',(0.,0.,1.));
#7494=DIRECTION('ref_axis',(0.281732556841429,0.959492973614498,0.));
#7495=DIRECTION('center_axis',(0.,0.,1.));
#7496=DIRECTION('ref_axis',(0.281732556841429,0.959492973614498,0.));
#7497=DIRECTION('center_axis',(0.,0.,-1.));
#7498=DIRECTION('ref_axis',(0.281732556841429,0.959492973614498,0.));
#7499=DIRECTION('',(0.,0.,1.));
#7500=DIRECTION('center_axis',(-0.281732556841429,-0.959492973614498,0.));
#7501=DIRECTION('ref_axis',(0.959492973614497,-0.281732556841429,0.));
#7502=DIRECTION('',(-0.959492973614497,0.281732556841429,0.));
#7503=DIRECTION('',(0.959492973614497,-0.281732556841429,0.));
#7504=DIRECTION('',(0.,0.,1.));
#7505=DIRECTION('center_axis',(0.,0.,1.));
#7506=DIRECTION('ref_axis',(-0.281732556841429,-0.959492973614497,0.));
#7507=DIRECTION('center_axis',(0.,0.,-1.));
#7508=DIRECTION('ref_axis',(-0.281732556841429,-0.959492973614497,0.));
#7509=DIRECTION('center_axis',(0.,0.,1.));
#7510=DIRECTION('ref_axis',(-0.281732556841429,-0.959492973614497,0.));
#7511=DIRECTION('',(0.,0.,1.));
#7512=DIRECTION('center_axis',(0.,0.,1.));
#7513=DIRECTION('ref_axis',(-1.,0.,0.));
#7514=DIRECTION('center_axis',(0.,0.,-1.));
#7515=DIRECTION('ref_axis',(-1.,0.,0.));
#7516=DIRECTION('center_axis',(0.,0.,1.));
#7517=DIRECTION('ref_axis',(-1.,0.,0.));
#7518=DIRECTION('',(0.,0.,1.));
#7519=DIRECTION('center_axis',(0.,0.,1.));
#7520=DIRECTION('ref_axis',(-0.932104381455492,0.362189759755125,0.));
#7521=DIRECTION('center_axis',(0.,0.,-1.));
#7522=DIRECTION('ref_axis',(-0.932104381455492,0.362189759755125,0.));
#7523=DIRECTION('center_axis',(0.,0.,1.));
#7524=DIRECTION('ref_axis',(-0.932104381455492,0.362189759755125,0.));
#7525=DIRECTION('',(0.,0.,1.));
#7526=DIRECTION('center_axis',(0.415415013001886,0.909631995354518,0.));
#7527=DIRECTION('ref_axis',(-0.909631995354519,0.415415013001886,0.));
#7528=DIRECTION('',(0.909631995354519,-0.415415013001886,0.));
#7529=DIRECTION('',(-0.909631995354519,0.415415013001886,0.));
#7530=DIRECTION('',(0.,0.,1.));
#7531=DIRECTION('center_axis',(0.,0.,1.));
#7532=DIRECTION('ref_axis',(0.415415013001886,0.909631995354519,0.));
#7533=DIRECTION('center_axis',(0.,0.,1.));
#7534=DIRECTION('ref_axis',(0.415415013001886,0.909631995354519,0.));
#7535=DIRECTION('center_axis',(0.,0.,-1.));
#7536=DIRECTION('ref_axis',(0.415415013001886,0.909631995354519,0.));
#7537=DIRECTION('',(0.,0.,1.));
#7538=DIRECTION('center_axis',(-0.415415013001886,-0.909631995354519,0.));
#7539=DIRECTION('ref_axis',(0.909631995354519,-0.415415013001886,0.));
#7540=DIRECTION('',(-0.909631995354519,0.415415013001886,0.));
#7541=DIRECTION('',(0.909631995354519,-0.415415013001886,0.));
#7542=DIRECTION('',(0.,0.,1.));
#7543=DIRECTION('center_axis',(0.,0.,1.));
#7544=DIRECTION('ref_axis',(-0.415415013001886,-0.909631995354519,0.));
#7545=DIRECTION('center_axis',(0.,0.,-1.));
#7546=DIRECTION('ref_axis',(-0.415415013001886,-0.909631995354519,0.));
#7547=DIRECTION('center_axis',(0.,0.,1.));
#7548=DIRECTION('ref_axis',(-0.415415013001886,-0.909631995354519,0.));
#7549=DIRECTION('',(0.,0.,1.));
#7550=DIRECTION('center_axis',(0.,0.,1.));
#7551=DIRECTION('ref_axis',(-1.,0.,0.));
#7552=DIRECTION('center_axis',(0.,0.,-1.));
#7553=DIRECTION('ref_axis',(-1.,0.,0.));
#7554=DIRECTION('center_axis',(0.,0.,1.));
#7555=DIRECTION('ref_axis',(-1.,0.,0.));
#7556=DIRECTION('',(0.,0.,1.));
#7557=DIRECTION('center_axis',(0.,0.,1.));
#7558=DIRECTION('ref_axis',(-0.871071925752019,0.491155474535985,0.));
#7559=DIRECTION('center_axis',(0.,0.,-1.));
#7560=DIRECTION('ref_axis',(-0.871071925752019,0.491155474535985,0.));
#7561=DIRECTION('center_axis',(0.,0.,1.));
#7562=DIRECTION('ref_axis',(-0.871071925752019,0.491155474535985,0.));
#7563=DIRECTION('',(0.,0.,1.));
#7564=DIRECTION('center_axis',(0.540640817455597,0.841253532831181,0.));
#7565=DIRECTION('ref_axis',(-0.841253532831181,0.540640817455597,0.));
#7566=DIRECTION('',(0.841253532831181,-0.540640817455597,0.));
#7567=DIRECTION('',(-0.841253532831181,0.540640817455597,0.));
#7568=DIRECTION('',(0.,0.,1.));
#7569=DIRECTION('center_axis',(0.,0.,1.));
#7570=DIRECTION('ref_axis',(0.540640817455597,0.841253532831181,0.));
#7571=DIRECTION('center_axis',(0.,0.,1.));
#7572=DIRECTION('ref_axis',(0.540640817455597,0.841253532831181,0.));
#7573=DIRECTION('center_axis',(0.,0.,-1.));
#7574=DIRECTION('ref_axis',(0.540640817455597,0.841253532831181,0.));
#7575=DIRECTION('',(0.,0.,1.));
#7576=DIRECTION('center_axis',(-0.540640817455597,-0.841253532831182,0.));
#7577=DIRECTION('ref_axis',(0.841253532831181,-0.540640817455597,0.));
#7578=DIRECTION('',(-0.841253532831181,0.540640817455597,0.));
#7579=DIRECTION('',(0.841253532831181,-0.540640817455597,0.));
#7580=DIRECTION('',(0.,0.,1.));
#7581=DIRECTION('center_axis',(0.,0.,1.));
#7582=DIRECTION('ref_axis',(-0.540640817455597,-0.841253532831181,0.));
#7583=DIRECTION('center_axis',(0.,0.,-1.));
#7584=DIRECTION('ref_axis',(-0.540640817455597,-0.841253532831181,0.));
#7585=DIRECTION('center_axis',(0.,0.,1.));
#7586=DIRECTION('ref_axis',(-0.540640817455597,-0.841253532831181,0.));
#7587=DIRECTION('',(0.,0.,1.));
#7588=DIRECTION('center_axis',(0.,0.,1.));
#7589=DIRECTION('ref_axis',(-1.,0.,0.));
#7590=DIRECTION('center_axis',(0.,0.,-1.));
#7591=DIRECTION('ref_axis',(-1.,0.,0.));
#7592=DIRECTION('center_axis',(0.,0.,1.));
#7593=DIRECTION('ref_axis',(-1.,0.,0.));
#7594=DIRECTION('',(0.,0.,1.));
#7595=DIRECTION('center_axis',(0.,0.,1.));
#7596=DIRECTION('ref_axis',(-0.792306957604236,0.610122680230721,0.));
#7597=DIRECTION('center_axis',(0.,0.,-1.));
#7598=DIRECTION('ref_axis',(-0.792306957604236,0.610122680230721,0.));
#7599=DIRECTION('center_axis',(0.,0.,1.));
#7600=DIRECTION('ref_axis',(-0.792306957604236,0.610122680230721,0.));
#7601=DIRECTION('',(0.,0.,1.));
#7602=DIRECTION('center_axis',(0.654860733945286,0.755749574354258,0.));
#7603=DIRECTION('ref_axis',(-0.755749574354258,0.654860733945285,0.));
#7604=DIRECTION('',(0.755749574354258,-0.654860733945285,0.));
#7605=DIRECTION('',(-0.755749574354258,0.654860733945285,0.));
#7606=DIRECTION('',(0.,0.,1.));
#7607=DIRECTION('center_axis',(0.,0.,1.));
#7608=DIRECTION('ref_axis',(0.654860733945285,0.755749574354258,0.));
#7609=DIRECTION('center_axis',(0.,0.,1.));
#7610=DIRECTION('ref_axis',(0.654860733945285,0.755749574354258,0.));
#7611=DIRECTION('center_axis',(0.,0.,-1.));
#7612=DIRECTION('ref_axis',(0.654860733945285,0.755749574354258,0.));
#7613=DIRECTION('',(0.,0.,1.));
#7614=DIRECTION('center_axis',(-0.654860733945285,-0.755749574354258,0.));
#7615=DIRECTION('ref_axis',(0.755749574354258,-0.654860733945285,0.));
#7616=DIRECTION('',(-0.755749574354258,0.654860733945285,0.));
#7617=DIRECTION('',(0.755749574354258,-0.654860733945285,0.));
#7618=DIRECTION('',(0.,0.,1.));
#7619=DIRECTION('center_axis',(0.,0.,1.));
#7620=DIRECTION('ref_axis',(-0.654860733945285,-0.755749574354258,0.));
#7621=DIRECTION('center_axis',(0.,0.,-1.));
#7622=DIRECTION('ref_axis',(-0.654860733945285,-0.755749574354258,0.));
#7623=DIRECTION('center_axis',(0.,0.,1.));
#7624=DIRECTION('ref_axis',(-0.654860733945285,-0.755749574354258,0.));
#7625=DIRECTION('',(0.,0.,1.));
#7626=DIRECTION('center_axis',(0.,0.,1.));
#7627=DIRECTION('ref_axis',(-1.,0.,0.));
#7628=DIRECTION('center_axis',(0.,0.,-1.));
#7629=DIRECTION('ref_axis',(-1.,0.,0.));
#7630=DIRECTION('center_axis',(0.,0.,1.));
#7631=DIRECTION('ref_axis',(-1.,0.,0.));
#7632=DIRECTION('',(0.,0.,1.));
#7633=DIRECTION('center_axis',(0.,0.,1.));
#7634=DIRECTION('ref_axis',(-0.697412904624222,0.716669547604477,0.));
#7635=DIRECTION('center_axis',(0.,0.,-1.));
#7636=DIRECTION('ref_axis',(-0.697412904624222,0.716669547604477,0.));
#7637=DIRECTION('center_axis',(0.,0.,1.));
#7638=DIRECTION('ref_axis',(-0.697412904624222,0.716669547604477,0.));
#7639=DIRECTION('',(0.,0.,1.));
#7640=DIRECTION('center_axis',(0.755749574354259,0.654860733945285,0.));
#7641=DIRECTION('ref_axis',(-0.654860733945285,0.755749574354259,0.));
#7642=DIRECTION('',(0.654860733945285,-0.755749574354259,0.));
#7643=DIRECTION('',(-0.654860733945285,0.755749574354259,0.));
#7644=DIRECTION('',(0.,0.,1.));
#7645=DIRECTION('center_axis',(0.,0.,1.));
#7646=DIRECTION('ref_axis',(0.755749574354258,0.654860733945285,0.));
#7647=DIRECTION('center_axis',(0.,0.,1.));
#7648=DIRECTION('ref_axis',(0.755749574354258,0.654860733945285,0.));
#7649=DIRECTION('center_axis',(0.,0.,-1.));
#7650=DIRECTION('ref_axis',(0.755749574354258,0.654860733945285,0.));
#7651=DIRECTION('',(0.,0.,1.));
#7652=DIRECTION('center_axis',(-0.755749574354258,-0.654860733945285,0.));
#7653=DIRECTION('ref_axis',(0.654860733945285,-0.755749574354258,0.));
#7654=DIRECTION('',(-0.654860733945285,0.755749574354258,0.));
#7655=DIRECTION('',(0.654860733945285,-0.755749574354258,0.));
#7656=DIRECTION('',(0.,0.,1.));
#7657=DIRECTION('center_axis',(0.,0.,1.));
#7658=DIRECTION('ref_axis',(-0.755749574354258,-0.654860733945285,0.));
#7659=DIRECTION('center_axis',(0.,0.,-1.));
#7660=DIRECTION('ref_axis',(-0.755749574354258,-0.654860733945285,0.));
#7661=DIRECTION('center_axis',(0.,0.,1.));
#7662=DIRECTION('ref_axis',(-0.755749574354258,-0.654860733945285,0.));
#7663=DIRECTION('',(0.,0.,1.));
#7664=DIRECTION('center_axis',(0.,0.,1.));
#7665=DIRECTION('ref_axis',(-1.,0.,0.));
#7666=DIRECTION('center_axis',(0.,0.,-1.));
#7667=DIRECTION('ref_axis',(-1.,0.,0.));
#7668=DIRECTION('center_axis',(0.,0.,1.));
#7669=DIRECTION('ref_axis',(-1.,0.,0.));
#7670=DIRECTION('',(0.,0.,1.));
#7671=DIRECTION('center_axis',(0.,0.,1.));
#7672=DIRECTION('ref_axis',(-0.588321536078797,0.808627089693317,0.));
#7673=DIRECTION('center_axis',(0.,0.,-1.));
#7674=DIRECTION('ref_axis',(-0.588321536078797,0.808627089693317,0.));
#7675=DIRECTION('center_axis',(0.,0.,1.));
#7676=DIRECTION('ref_axis',(-0.588321536078797,0.808627089693317,0.));
#7677=DIRECTION('',(0.,0.,1.));
#7678=DIRECTION('center_axis',(0.841253532831181,0.540640817455597,0.));
#7679=DIRECTION('ref_axis',(-0.540640817455597,0.841253532831181,0.));
#7680=DIRECTION('',(0.540640817455597,-0.841253532831181,0.));
#7681=DIRECTION('',(-0.540640817455597,0.841253532831181,0.));
#7682=DIRECTION('',(0.,0.,1.));
#7683=DIRECTION('center_axis',(0.,0.,1.));
#7684=DIRECTION('ref_axis',(0.841253532831181,0.540640817455597,0.));
#7685=DIRECTION('center_axis',(0.,0.,1.));
#7686=DIRECTION('ref_axis',(0.841253532831181,0.540640817455597,0.));
#7687=DIRECTION('center_axis',(0.,0.,-1.));
#7688=DIRECTION('ref_axis',(0.841253532831181,0.540640817455597,0.));
#7689=DIRECTION('',(0.,0.,1.));
#7690=DIRECTION('center_axis',(-0.841253532831181,-0.540640817455598,0.));
#7691=DIRECTION('ref_axis',(0.540640817455597,-0.841253532831181,0.));
#7692=DIRECTION('',(-0.540640817455597,0.841253532831181,0.));
#7693=DIRECTION('',(0.540640817455597,-0.841253532831181,0.));
#7694=DIRECTION('',(0.,0.,1.));
#7695=DIRECTION('center_axis',(0.,0.,1.));
#7696=DIRECTION('ref_axis',(-0.841253532831181,-0.540640817455598,0.));
#7697=DIRECTION('center_axis',(0.,0.,-1.));
#7698=DIRECTION('ref_axis',(-0.841253532831181,-0.540640817455598,0.));
#7699=DIRECTION('center_axis',(0.,0.,1.));
#7700=DIRECTION('ref_axis',(-0.841253532831181,-0.540640817455598,0.));
#7701=DIRECTION('',(0.,0.,1.));
#7702=DIRECTION('center_axis',(0.,0.,1.));
#7703=DIRECTION('ref_axis',(-1.,0.,0.));
#7704=DIRECTION('center_axis',(0.,0.,-1.));
#7705=DIRECTION('ref_axis',(-1.,0.,0.));
#7706=DIRECTION('center_axis',(0.,0.,1.));
#7707=DIRECTION('ref_axis',(-1.,0.,0.));
#7708=DIRECTION('',(0.,0.,1.));
#7709=DIRECTION('center_axis',(0.,0.,1.));
#7710=DIRECTION('ref_axis',(-0.467253637638019,0.884123316123966,0.));
#7711=DIRECTION('center_axis',(0.,0.,-1.));
#7712=DIRECTION('ref_axis',(-0.467253637638019,0.884123316123966,0.));
#7713=DIRECTION('center_axis',(0.,0.,1.));
#7714=DIRECTION('ref_axis',(-0.467253637638019,0.884123316123966,0.));
#7715=DIRECTION('',(0.,0.,1.));
#7716=DIRECTION('center_axis',(0.909631995354519,0.415415013001886,0.));
#7717=DIRECTION('ref_axis',(-0.415415013001886,0.909631995354518,0.));
#7718=DIRECTION('',(0.415415013001886,-0.909631995354518,0.));
#7719=DIRECTION('',(-0.415415013001886,0.909631995354518,0.));
#7720=DIRECTION('',(0.,0.,1.));
#7721=DIRECTION('center_axis',(0.,0.,1.));
#7722=DIRECTION('ref_axis',(0.909631995354518,0.415415013001886,0.));
#7723=DIRECTION('center_axis',(0.,0.,1.));
#7724=DIRECTION('ref_axis',(0.909631995354518,0.415415013001886,0.));
#7725=DIRECTION('center_axis',(0.,0.,-1.));
#7726=DIRECTION('ref_axis',(0.909631995354518,0.415415013001886,0.));
#7727=DIRECTION('',(0.,0.,1.));
#7728=DIRECTION('center_axis',(-0.909631995354518,-0.415415013001886,0.));
#7729=DIRECTION('ref_axis',(0.415415013001886,-0.909631995354518,0.));
#7730=DIRECTION('',(-0.415415013001886,0.909631995354518,0.));
#7731=DIRECTION('',(0.415415013001886,-0.909631995354518,0.));
#7732=DIRECTION('',(0.,0.,1.));
#7733=DIRECTION('center_axis',(0.,0.,1.));
#7734=DIRECTION('ref_axis',(-0.909631995354518,-0.415415013001886,0.));
#7735=DIRECTION('center_axis',(0.,0.,-1.));
#7736=DIRECTION('ref_axis',(-0.909631995354518,-0.415415013001886,0.));
#7737=DIRECTION('center_axis',(0.,0.,1.));
#7738=DIRECTION('ref_axis',(-0.909631995354518,-0.415415013001886,0.));
#7739=DIRECTION('',(0.,0.,1.));
#7740=DIRECTION('center_axis',(0.,0.,1.));
#7741=DIRECTION('ref_axis',(-1.,0.,0.));
#7742=DIRECTION('center_axis',(0.,0.,-1.));
#7743=DIRECTION('ref_axis',(-1.,0.,0.));
#7744=DIRECTION('center_axis',(0.,0.,1.));
#7745=DIRECTION('ref_axis',(-1.,0.,0.));
#7746=DIRECTION('',(0.,0.,1.));
#7747=DIRECTION('center_axis',(0.,0.,1.));
#7748=DIRECTION('ref_axis',(-0.336673802583152,0.941621341439435,0.));
#7749=DIRECTION('center_axis',(0.,0.,-1.));
#7750=DIRECTION('ref_axis',(-0.336673802583152,0.941621341439435,0.));
#7751=DIRECTION('center_axis',(0.,0.,1.));
#7752=DIRECTION('ref_axis',(-0.336673802583152,0.941621341439435,0.));
#7753=DIRECTION('',(0.,0.,1.));
#7754=DIRECTION('center_axis',(0.959492973614497,0.28173255684143,0.));
#7755=DIRECTION('ref_axis',(-0.28173255684143,0.959492973614497,0.));
#7756=DIRECTION('',(0.28173255684143,-0.959492973614497,0.));
#7757=DIRECTION('',(-0.28173255684143,0.959492973614497,0.));
#7758=DIRECTION('',(0.,0.,1.));
#7759=DIRECTION('center_axis',(0.,0.,1.));
#7760=DIRECTION('ref_axis',(0.959492973614497,0.28173255684143,0.));
#7761=DIRECTION('center_axis',(0.,0.,1.));
#7762=DIRECTION('ref_axis',(0.959492973614497,0.28173255684143,0.));
#7763=DIRECTION('center_axis',(0.,0.,-1.));
#7764=DIRECTION('ref_axis',(0.959492973614497,0.28173255684143,0.));
#7765=DIRECTION('',(0.,0.,1.));
#7766=DIRECTION('center_axis',(-0.959492973614497,-0.28173255684143,0.));
#7767=DIRECTION('ref_axis',(0.28173255684143,-0.959492973614497,0.));
#7768=DIRECTION('',(-0.28173255684143,0.959492973614497,0.));
#7769=DIRECTION('',(0.28173255684143,-0.959492973614497,0.));
#7770=DIRECTION('',(0.,0.,1.));
#7771=DIRECTION('center_axis',(0.,0.,1.));
#7772=DIRECTION('ref_axis',(-0.959492973614497,-0.28173255684143,0.));
#7773=DIRECTION('center_axis',(0.,0.,-1.));
#7774=DIRECTION('ref_axis',(-0.959492973614497,-0.28173255684143,0.));
#7775=DIRECTION('center_axis',(0.,0.,1.));
#7776=DIRECTION('ref_axis',(-0.959492973614497,-0.28173255684143,0.));
#7777=DIRECTION('',(0.,0.,1.));
#7778=DIRECTION('center_axis',(0.,0.,1.));
#7779=DIRECTION('ref_axis',(-1.,0.,0.));
#7780=DIRECTION('center_axis',(0.,0.,-1.));
#7781=DIRECTION('ref_axis',(-1.,0.,0.));
#7782=DIRECTION('center_axis',(0.,0.,1.));
#7783=DIRECTION('ref_axis',(-1.,0.,0.));
#7784=DIRECTION('',(0.,0.,1.));
#7785=DIRECTION('center_axis',(0.,0.,1.));
#7786=DIRECTION('ref_axis',(-0.199240259794765,0.979950671654913,0.));
#7787=DIRECTION('center_axis',(0.,0.,-1.));
#7788=DIRECTION('ref_axis',(-0.199240259794765,0.979950671654913,0.));
#7789=DIRECTION('center_axis',(0.,0.,1.));
#7790=DIRECTION('ref_axis',(-0.199240259794765,0.979950671654913,0.));
#7791=DIRECTION('',(0.,0.,1.));
#7792=DIRECTION('center_axis',(0.989821441880933,0.142314838273285,0.));
#7793=DIRECTION('ref_axis',(-0.142314838273285,0.989821441880933,0.));
#7794=DIRECTION('',(0.142314838273285,-0.989821441880933,0.));
#7795=DIRECTION('',(-0.142314838273285,0.989821441880933,0.));
#7796=DIRECTION('',(0.,0.,1.));
#7797=DIRECTION('center_axis',(0.,0.,1.));
#7798=DIRECTION('ref_axis',(0.989821441880933,0.142314838273285,0.));
#7799=DIRECTION('center_axis',(0.,0.,1.));
#7800=DIRECTION('ref_axis',(0.989821441880933,0.142314838273285,0.));
#7801=DIRECTION('center_axis',(0.,0.,-1.));
#7802=DIRECTION('ref_axis',(0.989821441880933,0.142314838273285,0.));
#7803=DIRECTION('',(0.,0.,1.));
#7804=DIRECTION('center_axis',(-0.989821441880933,-0.142314838273285,0.));
#7805=DIRECTION('ref_axis',(0.142314838273285,-0.989821441880933,0.));
#7806=DIRECTION('',(-0.142314838273285,0.989821441880933,0.));
#7807=DIRECTION('',(0.142314838273285,-0.989821441880933,0.));
#7808=DIRECTION('',(0.,0.,1.));
#7809=DIRECTION('center_axis',(0.,0.,1.));
#7810=DIRECTION('ref_axis',(-0.989821441880933,-0.142314838273285,0.));
#7811=DIRECTION('center_axis',(0.,0.,-1.));
#7812=DIRECTION('ref_axis',(-0.989821441880933,-0.142314838273285,0.));
#7813=DIRECTION('center_axis',(0.,0.,1.));
#7814=DIRECTION('ref_axis',(-0.989821441880933,-0.142314838273285,0.));
#7815=DIRECTION('',(0.,0.,1.));
#7816=DIRECTION('center_axis',(0.,0.,1.));
#7817=DIRECTION('ref_axis',(-1.,0.,0.));
#7818=DIRECTION('center_axis',(0.,0.,-1.));
#7819=DIRECTION('ref_axis',(-1.,0.,0.));
#7820=DIRECTION('center_axis',(0.,0.,1.));
#7821=DIRECTION('ref_axis',(-1.,0.,0.));
#7822=DIRECTION('',(0.,0.,1.));
#7823=DIRECTION('center_axis',(0.,0.,1.));
#7824=DIRECTION('ref_axis',(0.686385183450805,0.727238186524336,0.));
#7825=DIRECTION('center_axis',(0.,0.,1.));
#7826=DIRECTION('ref_axis',(0.686385183450805,0.727238186524336,0.));
#7827=DIRECTION('center_axis',(0.,0.,1.));
#7828=DIRECTION('ref_axis',(0.686385183450805,0.727238186524336,0.));
#7829=DIRECTION('',(0.,0.,1.));
#7830=DIRECTION('center_axis',(1.,1.5056253817132E-16,0.));
#7831=DIRECTION('ref_axis',(-1.5056253817132E-16,1.,0.));
#7832=DIRECTION('',(1.5056253817132E-16,-1.,0.));
#7833=DIRECTION('',(-1.5056253817132E-16,1.,0.));
#7834=DIRECTION('',(0.,0.,1.));
#7835=DIRECTION('center_axis',(0.,0.,1.));
#7836=DIRECTION('ref_axis',(-1.,0.,0.));
#7837=DIRECTION('center_axis',(0.,0.,1.));
#7838=DIRECTION('ref_axis',(-1.,0.,0.));
#7839=DIRECTION('center_axis',(0.,0.,-1.));
#7840=DIRECTION('ref_axis',(-1.,0.,0.));
#7841=DIRECTION('',(0.,0.,1.));
#7842=DIRECTION('center_axis',(-1.,-1.5056253817132E-16,0.));
#7843=DIRECTION('ref_axis',(1.5056253817132E-16,-1.,0.));
#7844=DIRECTION('',(-1.5056253817132E-16,1.,0.));
#7845=DIRECTION('',(1.5056253817132E-16,-1.,0.));
#7846=DIRECTION('',(0.,0.,1.));
#7847=DIRECTION('center_axis',(0.,0.,1.));
#7848=DIRECTION('ref_axis',(-0.686385183450807,0.727238186524334,0.));
#7849=DIRECTION('center_axis',(0.,0.,1.));
#7850=DIRECTION('ref_axis',(-0.686385183450807,0.727238186524334,0.));
#7851=DIRECTION('center_axis',(0.,0.,1.));
#7852=DIRECTION('ref_axis',(-0.686385183450807,0.727238186524334,0.));
#7853=DIRECTION('',(0.,0.,1.));
#7854=DIRECTION('center_axis',(0.,0.,1.));
#7855=DIRECTION('ref_axis',(-1.,0.,0.));
#7856=DIRECTION('center_axis',(0.,0.,-1.));
#7857=DIRECTION('ref_axis',(-1.,0.,0.));
#7858=DIRECTION('center_axis',(0.,0.,1.));
#7859=DIRECTION('ref_axis',(-1.,0.,0.));
#7860=DIRECTION('',(0.,0.,1.));
#7861=DIRECTION('center_axis',(0.,0.,1.));
#7862=DIRECTION('ref_axis',(0.0849143789696109,0.996388251759426,0.));
#7863=DIRECTION('center_axis',(0.,0.,-1.));
#7864=DIRECTION('ref_axis',(0.0849143789696109,0.996388251759426,0.));
#7865=DIRECTION('center_axis',(0.,0.,1.));
#7866=DIRECTION('ref_axis',(0.0849143789696109,0.996388251759426,0.));
#7867=DIRECTION('',(0.,0.,1.));
#7868=DIRECTION('center_axis',(0.989821441880933,-0.142314838273285,0.));
#7869=DIRECTION('ref_axis',(0.142314838273285,0.989821441880933,0.));
#7870=DIRECTION('',(-0.142314838273285,-0.989821441880933,0.));
#7871=DIRECTION('',(0.142314838273285,0.989821441880933,0.));
#7872=DIRECTION('',(0.,0.,1.));
#7873=DIRECTION('center_axis',(0.,0.,1.));
#7874=DIRECTION('ref_axis',(0.989821441880933,-0.142314838273285,0.));
#7875=DIRECTION('center_axis',(0.,0.,1.));
#7876=DIRECTION('ref_axis',(0.989821441880933,-0.142314838273285,0.));
#7877=DIRECTION('center_axis',(0.,0.,-1.));
#7878=DIRECTION('ref_axis',(0.989821441880933,-0.142314838273285,0.));
#7879=DIRECTION('',(0.,0.,1.));
#7880=DIRECTION('center_axis',(-0.989821441880933,0.142314838273285,0.));
#7881=DIRECTION('ref_axis',(-0.142314838273285,-0.989821441880933,0.));
#7882=DIRECTION('',(0.142314838273285,0.989821441880933,0.));
#7883=DIRECTION('',(-0.142314838273285,-0.989821441880933,0.));
#7884=DIRECTION('',(0.,0.,1.));
#7885=DIRECTION('center_axis',(0.,0.,1.));
#7886=DIRECTION('ref_axis',(-0.989821441880933,0.142314838273285,0.));
#7887=DIRECTION('center_axis',(0.,0.,-1.));
#7888=DIRECTION('ref_axis',(-0.989821441880933,0.142314838273285,0.));
#7889=DIRECTION('center_axis',(0.,0.,1.));
#7890=DIRECTION('ref_axis',(-0.989821441880933,0.142314838273285,0.));
#7891=DIRECTION('',(0.,0.,1.));
#7892=DIRECTION('center_axis',(0.,0.,1.));
#7893=DIRECTION('ref_axis',(-1.,0.,0.));
#7894=DIRECTION('center_axis',(0.,0.,-1.));
#7895=DIRECTION('ref_axis',(-1.,0.,0.));
#7896=DIRECTION('center_axis',(0.,0.,1.));
#7897=DIRECTION('ref_axis',(-1.,0.,0.));
#7898=DIRECTION('',(0.,0.,1.));
#7899=DIRECTION('center_axis',(0.,0.,1.));
#7900=DIRECTION('ref_axis',(0.225850905934668,0.9741618799196,0.));
#7901=DIRECTION('center_axis',(0.,0.,-1.));
#7902=DIRECTION('ref_axis',(0.225850905934668,0.9741618799196,0.));
#7903=DIRECTION('center_axis',(0.,0.,1.));
#7904=DIRECTION('ref_axis',(0.225850905934668,0.9741618799196,0.));
#7905=DIRECTION('',(0.,0.,1.));
#7906=DIRECTION('center_axis',(0.959492973614497,-0.28173255684143,0.));
#7907=DIRECTION('ref_axis',(0.28173255684143,0.959492973614497,0.));
#7908=DIRECTION('',(-0.28173255684143,-0.959492973614497,0.));
#7909=DIRECTION('',(0.28173255684143,0.959492973614497,0.));
#7910=DIRECTION('',(0.,0.,1.));
#7911=DIRECTION('center_axis',(0.,0.,1.));
#7912=DIRECTION('ref_axis',(0.959492973614497,-0.28173255684143,0.));
#7913=DIRECTION('center_axis',(0.,0.,1.));
#7914=DIRECTION('ref_axis',(0.959492973614497,-0.28173255684143,0.));
#7915=DIRECTION('center_axis',(0.,0.,-1.));
#7916=DIRECTION('ref_axis',(0.959492973614497,-0.28173255684143,0.));
#7917=DIRECTION('',(0.,0.,1.));
#7918=DIRECTION('center_axis',(-0.959492973614497,0.28173255684143,0.));
#7919=DIRECTION('ref_axis',(-0.28173255684143,-0.959492973614497,0.));
#7920=DIRECTION('',(0.28173255684143,0.959492973614497,0.));
#7921=DIRECTION('',(-0.28173255684143,-0.959492973614497,0.));
#7922=DIRECTION('',(0.,0.,1.));
#7923=DIRECTION('center_axis',(0.,0.,1.));
#7924=DIRECTION('ref_axis',(-0.959492973614497,0.28173255684143,0.));
#7925=DIRECTION('center_axis',(0.,0.,-1.));
#7926=DIRECTION('ref_axis',(-0.959492973614497,0.28173255684143,0.));
#7927=DIRECTION('center_axis',(0.,0.,1.));
#7928=DIRECTION('ref_axis',(-0.959492973614497,0.28173255684143,0.));
#7929=DIRECTION('',(0.,0.,1.));
#7930=DIRECTION('center_axis',(0.,0.,1.));
#7931=DIRECTION('ref_axis',(-1.,0.,0.));
#7932=DIRECTION('center_axis',(0.,0.,-1.));
#7933=DIRECTION('ref_axis',(-1.,0.,0.));
#7934=DIRECTION('center_axis',(0.,0.,1.));
#7935=DIRECTION('ref_axis',(-1.,0.,0.));
#7936=DIRECTION('',(0.,0.,1.));
#7937=DIRECTION('center_axis',(0.,0.,1.));
#7938=DIRECTION('ref_axis',(0.362189759755126,0.932104381455491,0.));
#7939=DIRECTION('center_axis',(0.,0.,-1.));
#7940=DIRECTION('ref_axis',(0.362189759755126,0.932104381455491,0.));
#7941=DIRECTION('center_axis',(0.,0.,1.));
#7942=DIRECTION('ref_axis',(0.362189759755126,0.932104381455491,0.));
#7943=DIRECTION('',(0.,0.,1.));
#7944=DIRECTION('center_axis',(0.909631995354518,-0.415415013001887,0.));
#7945=DIRECTION('ref_axis',(0.415415013001887,0.909631995354518,0.));
#7946=DIRECTION('',(-0.415415013001887,-0.909631995354518,0.));
#7947=DIRECTION('',(0.415415013001887,0.909631995354518,0.));
#7948=DIRECTION('',(0.,0.,1.));
#7949=DIRECTION('center_axis',(0.,0.,1.));
#7950=DIRECTION('ref_axis',(0.909631995354518,-0.415415013001886,0.));
#7951=DIRECTION('center_axis',(0.,0.,1.));
#7952=DIRECTION('ref_axis',(0.909631995354518,-0.415415013001886,0.));
#7953=DIRECTION('center_axis',(0.,0.,-1.));
#7954=DIRECTION('ref_axis',(0.909631995354518,-0.415415013001886,0.));
#7955=DIRECTION('',(0.,0.,1.));
#7956=DIRECTION('center_axis',(-0.909631995354518,0.415415013001886,0.));
#7957=DIRECTION('ref_axis',(-0.415415013001886,-0.909631995354518,0.));
#7958=DIRECTION('',(0.415415013001886,0.909631995354518,0.));
#7959=DIRECTION('',(-0.415415013001886,-0.909631995354518,0.));
#7960=DIRECTION('',(0.,0.,1.));
#7961=DIRECTION('center_axis',(0.,0.,1.));
#7962=DIRECTION('ref_axis',(-0.909631995354518,0.415415013001886,0.));
#7963=DIRECTION('center_axis',(0.,0.,-1.));
#7964=DIRECTION('ref_axis',(-0.909631995354518,0.415415013001886,0.));
#7965=DIRECTION('center_axis',(0.,0.,1.));
#7966=DIRECTION('ref_axis',(-0.909631995354518,0.415415013001886,0.));
#7967=DIRECTION('',(0.,0.,1.));
#7968=DIRECTION('center_axis',(0.,0.,1.));
#7969=DIRECTION('ref_axis',(-1.,0.,0.));
#7970=DIRECTION('center_axis',(0.,0.,-1.));
#7971=DIRECTION('ref_axis',(-1.,0.,0.));
#7972=DIRECTION('center_axis',(0.,0.,1.));
#7973=DIRECTION('ref_axis',(-1.,0.,0.));
#7974=DIRECTION('',(0.,0.,1.));
#7975=DIRECTION('center_axis',(0.,0.,1.));
#7976=DIRECTION('ref_axis',(0.491155474535986,0.871071925752019,0.));
#7977=DIRECTION('center_axis',(0.,0.,-1.));
#7978=DIRECTION('ref_axis',(0.491155474535986,0.871071925752019,0.));
#7979=DIRECTION('center_axis',(0.,0.,1.));
#7980=DIRECTION('ref_axis',(0.491155474535986,0.871071925752019,0.));
#7981=DIRECTION('',(0.,0.,1.));
#7982=DIRECTION('center_axis',(0.841253532831181,-0.540640817455598,0.));
#7983=DIRECTION('ref_axis',(0.540640817455598,0.841253532831181,0.));
#7984=DIRECTION('',(-0.540640817455598,-0.841253532831181,0.));
#7985=DIRECTION('',(0.540640817455598,0.841253532831181,0.));
#7986=DIRECTION('',(0.,0.,1.));
#7987=DIRECTION('center_axis',(0.,0.,1.));
#7988=DIRECTION('ref_axis',(0.841253532831181,-0.540640817455598,0.));
#7989=DIRECTION('center_axis',(0.,0.,1.));
#7990=DIRECTION('ref_axis',(0.841253532831181,-0.540640817455598,0.));
#7991=DIRECTION('center_axis',(0.,0.,-1.));
#7992=DIRECTION('ref_axis',(0.841253532831181,-0.540640817455598,0.));
#7993=DIRECTION('',(0.,0.,1.));
#7994=DIRECTION('center_axis',(-0.841253532831181,0.540640817455598,0.));
#7995=DIRECTION('ref_axis',(-0.540640817455598,-0.841253532831181,0.));
#7996=DIRECTION('',(0.540640817455598,0.841253532831181,0.));
#7997=DIRECTION('',(-0.540640817455598,-0.841253532831181,0.));
#7998=DIRECTION('',(0.,0.,1.));
#7999=DIRECTION('center_axis',(0.,0.,1.));
#8000=DIRECTION('ref_axis',(-0.841253532831181,0.540640817455598,0.));
#8001=DIRECTION('center_axis',(0.,0.,-1.));
#8002=DIRECTION('ref_axis',(-0.841253532831181,0.540640817455598,0.));
#8003=DIRECTION('center_axis',(0.,0.,1.));
#8004=DIRECTION('ref_axis',(-0.841253532831181,0.540640817455598,0.));
#8005=DIRECTION('',(0.,0.,1.));
#8006=DIRECTION('center_axis',(0.,0.,1.));
#8007=DIRECTION('ref_axis',(-1.,0.,0.));
#8008=DIRECTION('center_axis',(0.,0.,-1.));
#8009=DIRECTION('ref_axis',(-1.,0.,0.));
#8010=DIRECTION('center_axis',(0.,0.,1.));
#8011=DIRECTION('ref_axis',(-1.,0.,0.));
#8012=DIRECTION('',(0.,0.,1.));
#8013=DIRECTION('center_axis',(0.,0.,1.));
#8014=DIRECTION('ref_axis',(0.610122680230721,0.792306957604237,0.));
#8015=DIRECTION('center_axis',(0.,0.,-1.));
#8016=DIRECTION('ref_axis',(0.610122680230721,0.792306957604237,0.));
#8017=DIRECTION('center_axis',(0.,0.,1.));
#8018=DIRECTION('ref_axis',(0.610122680230721,0.792306957604237,0.));
#8019=DIRECTION('',(0.,0.,1.));
#8020=DIRECTION('center_axis',(0.755749574354258,-0.654860733945285,0.));
#8021=DIRECTION('ref_axis',(0.654860733945285,0.755749574354258,0.));
#8022=DIRECTION('',(-0.654860733945285,-0.755749574354258,0.));
#8023=DIRECTION('',(0.654860733945285,0.755749574354258,0.));
#8024=DIRECTION('',(0.,0.,1.));
#8025=DIRECTION('center_axis',(0.,0.,1.));
#8026=DIRECTION('ref_axis',(0.755749574354258,-0.654860733945285,0.));
#8027=DIRECTION('center_axis',(0.,0.,1.));
#8028=DIRECTION('ref_axis',(0.755749574354258,-0.654860733945285,0.));
#8029=DIRECTION('center_axis',(0.,0.,-1.));
#8030=DIRECTION('ref_axis',(0.755749574354258,-0.654860733945285,0.));
#8031=DIRECTION('',(0.,0.,1.));
#8032=DIRECTION('center_axis',(-0.755749574354258,0.654860733945285,0.));
#8033=DIRECTION('ref_axis',(-0.654860733945285,-0.755749574354258,0.));
#8034=DIRECTION('',(0.654860733945285,0.755749574354258,0.));
#8035=DIRECTION('',(-0.654860733945285,-0.755749574354258,0.));
#8036=DIRECTION('',(0.,0.,1.));
#8037=DIRECTION('center_axis',(0.,0.,1.));
#8038=DIRECTION('ref_axis',(-0.755749574354258,0.654860733945285,0.));
#8039=DIRECTION('center_axis',(0.,0.,-1.));
#8040=DIRECTION('ref_axis',(-0.755749574354258,0.654860733945285,0.));
#8041=DIRECTION('center_axis',(0.,0.,1.));
#8042=DIRECTION('ref_axis',(-0.755749574354258,0.654860733945285,0.));
#8043=DIRECTION('',(0.,0.,1.));
#8044=DIRECTION('center_axis',(0.,0.,1.));
#8045=DIRECTION('ref_axis',(-1.,0.,0.));
#8046=DIRECTION('center_axis',(0.,0.,-1.));
#8047=DIRECTION('ref_axis',(-1.,0.,0.));
#8048=DIRECTION('center_axis',(0.,0.,1.));
#8049=DIRECTION('ref_axis',(-1.,0.,0.));
#8050=DIRECTION('',(0.,0.,1.));
#8051=DIRECTION('center_axis',(0.,0.,1.));
#8052=DIRECTION('ref_axis',(0.716669547604477,0.697412904624222,0.));
#8053=DIRECTION('center_axis',(0.,0.,-1.));
#8054=DIRECTION('ref_axis',(0.716669547604477,0.697412904624222,0.));
#8055=DIRECTION('center_axis',(0.,0.,1.));
#8056=DIRECTION('ref_axis',(0.716669547604477,0.697412904624222,0.));
#8057=DIRECTION('',(0.,0.,1.));
#8058=DIRECTION('center_axis',(0.654860733945285,-0.755749574354258,0.));
#8059=DIRECTION('ref_axis',(0.755749574354258,0.654860733945285,0.));
#8060=DIRECTION('',(-0.755749574354258,-0.654860733945285,0.));
#8061=DIRECTION('',(0.755749574354258,0.654860733945285,0.));
#8062=DIRECTION('',(0.,0.,1.));
#8063=DIRECTION('center_axis',(0.,0.,1.));
#8064=DIRECTION('ref_axis',(0.654860733945285,-0.755749574354258,0.));
#8065=DIRECTION('center_axis',(0.,0.,1.));
#8066=DIRECTION('ref_axis',(0.654860733945285,-0.755749574354258,0.));
#8067=DIRECTION('center_axis',(0.,0.,-1.));
#8068=DIRECTION('ref_axis',(0.654860733945285,-0.755749574354258,0.));
#8069=DIRECTION('',(0.,0.,1.));
#8070=DIRECTION('center_axis',(-0.654860733945285,0.755749574354258,0.));
#8071=DIRECTION('ref_axis',(-0.755749574354258,-0.654860733945285,0.));
#8072=DIRECTION('',(0.755749574354258,0.654860733945285,0.));
#8073=DIRECTION('',(-0.755749574354258,-0.654860733945285,0.));
#8074=DIRECTION('',(0.,0.,1.));
#8075=DIRECTION('center_axis',(0.,0.,1.));
#8076=DIRECTION('ref_axis',(-0.654860733945285,0.755749574354258,0.));
#8077=DIRECTION('center_axis',(0.,0.,-1.));
#8078=DIRECTION('ref_axis',(-0.654860733945285,0.755749574354258,0.));
#8079=DIRECTION('center_axis',(0.,0.,1.));
#8080=DIRECTION('ref_axis',(-0.654860733945285,0.755749574354258,0.));
#8081=DIRECTION('',(0.,0.,1.));
#8082=DIRECTION('center_axis',(0.,0.,1.));
#8083=DIRECTION('ref_axis',(-1.,0.,0.));
#8084=DIRECTION('center_axis',(0.,0.,-1.));
#8085=DIRECTION('ref_axis',(-1.,0.,0.));
#8086=DIRECTION('center_axis',(0.,0.,1.));
#8087=DIRECTION('ref_axis',(-1.,0.,0.));
#8088=DIRECTION('',(0.,0.,1.));
#8089=DIRECTION('center_axis',(0.,0.,1.));
#8090=DIRECTION('ref_axis',(0.808627089693317,0.588321536078798,0.));
#8091=DIRECTION('center_axis',(0.,0.,-1.));
#8092=DIRECTION('ref_axis',(0.808627089693317,0.588321536078798,0.));
#8093=DIRECTION('center_axis',(0.,0.,1.));
#8094=DIRECTION('ref_axis',(0.808627089693317,0.588321536078798,0.));
#8095=DIRECTION('',(0.,0.,1.));
#8096=DIRECTION('center_axis',(0.540640817455598,-0.841253532831181,0.));
#8097=DIRECTION('ref_axis',(0.841253532831181,0.540640817455597,0.));
#8098=DIRECTION('',(-0.841253532831181,-0.540640817455597,0.));
#8099=DIRECTION('',(0.841253532831181,0.540640817455597,0.));
#8100=DIRECTION('',(0.,0.,1.));
#8101=DIRECTION('center_axis',(0.,0.,1.));
#8102=DIRECTION('ref_axis',(0.540640817455598,-0.841253532831181,0.));
#8103=DIRECTION('center_axis',(0.,0.,1.));
#8104=DIRECTION('ref_axis',(0.540640817455598,-0.841253532831181,0.));
#8105=DIRECTION('center_axis',(0.,0.,-1.));
#8106=DIRECTION('ref_axis',(0.540640817455598,-0.841253532831181,0.));
#8107=DIRECTION('',(0.,0.,1.));
#8108=DIRECTION('center_axis',(-0.540640817455598,0.841253532831181,0.));
#8109=DIRECTION('ref_axis',(-0.841253532831181,-0.540640817455598,0.));
#8110=DIRECTION('',(0.841253532831181,0.540640817455598,0.));
#8111=DIRECTION('',(-0.841253532831181,-0.540640817455598,0.));
#8112=DIRECTION('',(0.,0.,1.));
#8113=DIRECTION('center_axis',(0.,0.,1.));
#8114=DIRECTION('ref_axis',(-0.540640817455598,0.841253532831181,0.));
#8115=DIRECTION('center_axis',(0.,0.,-1.));
#8116=DIRECTION('ref_axis',(-0.540640817455598,0.841253532831181,0.));
#8117=DIRECTION('center_axis',(0.,0.,1.));
#8118=DIRECTION('ref_axis',(-0.540640817455598,0.841253532831181,0.));
#8119=DIRECTION('',(0.,0.,1.));
#8120=DIRECTION('center_axis',(0.,0.,1.));
#8121=DIRECTION('ref_axis',(-1.,0.,0.));
#8122=DIRECTION('center_axis',(0.,0.,-1.));
#8123=DIRECTION('ref_axis',(-1.,0.,0.));
#8124=DIRECTION('center_axis',(0.,0.,1.));
#8125=DIRECTION('ref_axis',(-1.,0.,0.));
#8126=DIRECTION('',(0.,0.,1.));
#8127=DIRECTION('center_axis',(0.,0.,1.));
#8128=DIRECTION('ref_axis',(0.884123316123966,0.467253637638019,0.));
#8129=DIRECTION('center_axis',(0.,0.,-1.));
#8130=DIRECTION('ref_axis',(0.884123316123966,0.467253637638019,0.));
#8131=DIRECTION('center_axis',(0.,0.,1.));
#8132=DIRECTION('ref_axis',(0.884123316123966,0.467253637638019,0.));
#8133=DIRECTION('',(0.,0.,1.));
#8134=DIRECTION('center_axis',(0.415415013001886,-0.909631995354519,0.));
#8135=DIRECTION('ref_axis',(0.909631995354518,0.415415013001886,0.));
#8136=DIRECTION('',(-0.909631995354518,-0.415415013001886,0.));
#8137=DIRECTION('',(0.909631995354518,0.415415013001886,0.));
#8138=DIRECTION('',(0.,0.,1.));
#8139=DIRECTION('center_axis',(0.,0.,1.));
#8140=DIRECTION('ref_axis',(0.415415013001886,-0.909631995354518,0.));
#8141=DIRECTION('center_axis',(0.,0.,1.));
#8142=DIRECTION('ref_axis',(0.415415013001886,-0.909631995354518,0.));
#8143=DIRECTION('center_axis',(0.,0.,-1.));
#8144=DIRECTION('ref_axis',(0.415415013001886,-0.909631995354518,0.));
#8145=DIRECTION('',(0.,0.,1.));
#8146=DIRECTION('center_axis',(-0.415415013001886,0.909631995354518,0.));
#8147=DIRECTION('ref_axis',(-0.909631995354518,-0.415415013001886,0.));
#8148=DIRECTION('',(0.909631995354518,0.415415013001886,0.));
#8149=DIRECTION('',(-0.909631995354518,-0.415415013001886,0.));
#8150=DIRECTION('',(0.,0.,1.));
#8151=DIRECTION('center_axis',(0.,0.,1.));
#8152=DIRECTION('ref_axis',(-0.415415013001886,0.909631995354518,0.));
#8153=DIRECTION('center_axis',(0.,0.,-1.));
#8154=DIRECTION('ref_axis',(-0.415415013001886,0.909631995354518,0.));
#8155=DIRECTION('center_axis',(0.,0.,1.));
#8156=DIRECTION('ref_axis',(-0.415415013001886,0.909631995354518,0.));
#8157=DIRECTION('',(0.,0.,1.));
#8158=DIRECTION('center_axis',(0.,0.,1.));
#8159=DIRECTION('ref_axis',(-1.,0.,0.));
#8160=DIRECTION('center_axis',(0.,0.,-1.));
#8161=DIRECTION('ref_axis',(-1.,0.,0.));
#8162=DIRECTION('center_axis',(0.,0.,1.));
#8163=DIRECTION('ref_axis',(-1.,0.,0.));
#8164=DIRECTION('',(0.,0.,1.));
#8165=DIRECTION('center_axis',(0.,0.,1.));
#8166=DIRECTION('ref_axis',(0.941621341439435,0.336673802583152,0.));
#8167=DIRECTION('center_axis',(0.,0.,-1.));
#8168=DIRECTION('ref_axis',(0.941621341439435,0.336673802583152,0.));
#8169=DIRECTION('center_axis',(0.,0.,1.));
#8170=DIRECTION('ref_axis',(0.941621341439435,0.336673802583152,0.));
#8171=DIRECTION('',(0.,0.,1.));
#8172=DIRECTION('center_axis',(0.28173255684143,-0.959492973614497,0.));
#8173=DIRECTION('ref_axis',(0.959492973614497,0.28173255684143,0.));
#8174=DIRECTION('',(-0.959492973614497,-0.28173255684143,0.));
#8175=DIRECTION('',(0.959492973614497,0.28173255684143,0.));
#8176=DIRECTION('',(0.,0.,1.));
#8177=DIRECTION('center_axis',(0.,0.,1.));
#8178=DIRECTION('ref_axis',(0.28173255684143,-0.959492973614497,0.));
#8179=DIRECTION('center_axis',(0.,0.,1.));
#8180=DIRECTION('ref_axis',(0.28173255684143,-0.959492973614497,0.));
#8181=DIRECTION('center_axis',(0.,0.,-1.));
#8182=DIRECTION('ref_axis',(0.28173255684143,-0.959492973614497,0.));
#8183=DIRECTION('',(0.,0.,1.));
#8184=DIRECTION('center_axis',(-0.28173255684143,0.959492973614497,0.));
#8185=DIRECTION('ref_axis',(-0.959492973614497,-0.28173255684143,0.));
#8186=DIRECTION('',(0.959492973614497,0.28173255684143,0.));
#8187=DIRECTION('',(-0.959492973614497,-0.28173255684143,0.));
#8188=DIRECTION('',(0.,0.,1.));
#8189=DIRECTION('center_axis',(0.,0.,1.));
#8190=DIRECTION('ref_axis',(-0.28173255684143,0.959492973614497,0.));
#8191=DIRECTION('center_axis',(0.,0.,-1.));
#8192=DIRECTION('ref_axis',(-0.28173255684143,0.959492973614497,0.));
#8193=DIRECTION('center_axis',(0.,0.,1.));
#8194=DIRECTION('ref_axis',(-0.28173255684143,0.959492973614497,0.));
#8195=DIRECTION('',(0.,0.,1.));
#8196=DIRECTION('center_axis',(0.,0.,1.));
#8197=DIRECTION('ref_axis',(-1.,0.,0.));
#8198=DIRECTION('center_axis',(0.,0.,-1.));
#8199=DIRECTION('ref_axis',(-1.,0.,0.));
#8200=DIRECTION('center_axis',(0.,0.,1.));
#8201=DIRECTION('ref_axis',(-1.,0.,0.));
#8202=DIRECTION('',(0.,0.,1.));
#8203=DIRECTION('center_axis',(0.,0.,1.));
#8204=DIRECTION('ref_axis',(0.979950671654913,0.199240259794765,0.));
#8205=DIRECTION('center_axis',(0.,0.,-1.));
#8206=DIRECTION('ref_axis',(0.979950671654913,0.199240259794765,0.));
#8207=DIRECTION('center_axis',(0.,0.,1.));
#8208=DIRECTION('ref_axis',(0.979950671654913,0.199240259794765,0.));
#8209=DIRECTION('',(0.,0.,1.));
#8210=DIRECTION('center_axis',(0.142314838273285,-0.989821441880933,0.));
#8211=DIRECTION('ref_axis',(0.989821441880933,0.142314838273285,0.));
#8212=DIRECTION('',(-0.989821441880933,-0.142314838273285,0.));
#8213=DIRECTION('',(0.989821441880933,0.142314838273285,0.));
#8214=DIRECTION('',(0.,0.,1.));
#8215=DIRECTION('center_axis',(0.,0.,1.));
#8216=DIRECTION('ref_axis',(0.142314838273285,-0.989821441880933,0.));
#8217=DIRECTION('center_axis',(0.,0.,1.));
#8218=DIRECTION('ref_axis',(0.142314838273285,-0.989821441880933,0.));
#8219=DIRECTION('center_axis',(0.,0.,-1.));
#8220=DIRECTION('ref_axis',(0.142314838273285,-0.989821441880933,0.));
#8221=DIRECTION('',(0.,0.,1.));
#8222=DIRECTION('center_axis',(-0.142314838273285,0.989821441880933,0.));
#8223=DIRECTION('ref_axis',(-0.989821441880933,-0.142314838273285,0.));
#8224=DIRECTION('',(0.989821441880933,0.142314838273285,0.));
#8225=DIRECTION('',(-0.989821441880933,-0.142314838273285,0.));
#8226=DIRECTION('',(0.,0.,1.));
#8227=DIRECTION('center_axis',(0.,0.,1.));
#8228=DIRECTION('ref_axis',(-0.142314838273285,0.989821441880933,0.));
#8229=DIRECTION('center_axis',(0.,0.,-1.));
#8230=DIRECTION('ref_axis',(-0.142314838273285,0.989821441880933,0.));
#8231=DIRECTION('center_axis',(0.,0.,1.));
#8232=DIRECTION('ref_axis',(-0.142314838273285,0.989821441880933,0.));
#8233=DIRECTION('',(0.,0.,1.));
#8234=DIRECTION('center_axis',(0.,0.,1.));
#8235=DIRECTION('ref_axis',(-1.,0.,0.));
#8236=DIRECTION('center_axis',(0.,0.,-1.));
#8237=DIRECTION('ref_axis',(-1.,0.,0.));
#8238=DIRECTION('center_axis',(0.,0.,1.));
#8239=DIRECTION('ref_axis',(-1.,0.,0.));
#8240=DIRECTION('',(0.,0.,1.));
#8241=DIRECTION('center_axis',(0.,0.,1.));
#8242=DIRECTION('ref_axis',(0.998331032139873,0.0577507598784199,0.));
#8243=DIRECTION('center_axis',(0.,0.,-1.));
#8244=DIRECTION('ref_axis',(0.998331032139873,0.0577507598784199,0.));
#8245=DIRECTION('center_axis',(0.,0.,1.));
#8246=DIRECTION('ref_axis',(0.998331032139873,0.0577507598784199,0.));
#8247=DIRECTION('',(0.,0.,1.));
#8248=DIRECTION('center_axis',(-2.01514057906938E-16,-1.,0.));
#8249=DIRECTION('ref_axis',(1.,-2.01514057906938E-16,0.));
#8250=DIRECTION('',(-1.,2.01514057906938E-16,0.));
#8251=DIRECTION('',(1.,-2.01514057906938E-16,0.));
#8252=DIRECTION('',(0.,0.,1.));
#8253=DIRECTION('center_axis',(0.,0.,1.));
#8254=DIRECTION('ref_axis',(6.12323399573677E-17,-1.,0.));
#8255=DIRECTION('center_axis',(0.,0.,1.));
#8256=DIRECTION('ref_axis',(6.12323399573677E-17,-1.,0.));
#8257=DIRECTION('center_axis',(0.,0.,-1.));
#8258=DIRECTION('ref_axis',(6.12323399573677E-17,-1.,0.));
#8259=DIRECTION('center_axis',(0.,0.,1.));
#8260=DIRECTION('ref_axis',(1.,0.,0.));
#8261=DIRECTION('center_axis',(0.,0.,1.));
#8262=DIRECTION('ref_axis',(1.,0.,0.));
#8263=CARTESIAN_POINT('',(0.,0.,0.));
#8264=CARTESIAN_POINT('Origin',(16.0336462634045,16.0336462634036,12.0000001430575));
#8265=CARTESIAN_POINT('',(15.2641009409217,13.9193378666353,3.19999990187207));
#8266=CARTESIAN_POINT('Origin',(16.0336462634045,16.0336462634036,3.19999990187207));
#8267=CARTESIAN_POINT('',(15.2641009409217,13.9193378666353,5.4));
#8268=CARTESIAN_POINT('',(15.2641009409217,13.9193378666353,12.0000001430575));
#8269=CARTESIAN_POINT('Origin',(16.0336462634045,16.0336462634036,5.4));
#8270=CARTESIAN_POINT('Origin',(5.86872184769874,-21.9023681111035,-0.499999072928038));
#8271=CARTESIAN_POINT('',(4.42244972590404,-20.1787681140858,3.19999990187207));
#8272=CARTESIAN_POINT('Origin',(5.86872184769874,-21.9023681111035,3.19999990187207));
#8273=CARTESIAN_POINT('',(4.42244972590403,-20.1787681140858,5.4));
#8274=CARTESIAN_POINT('',(4.42244972590403,-20.1787681140858,-0.499999072928038));
#8275=CARTESIAN_POINT('Origin',(5.86872184769874,-21.9023681111035,5.4));
#8276=CARTESIAN_POINT('Origin',(-21.9023681111032,5.86872184769988,12.0000001430575));
#8277=CARTESIAN_POINT('',(-19.6865506668258,6.25943024745047,3.19999990187207));
#8278=CARTESIAN_POINT('Origin',(-21.9023681111032,5.86872184769988,3.19999990187207));
#8279=CARTESIAN_POINT('',(-19.6865506668257,6.25943024745048,5.4));
#8280=CARTESIAN_POINT('',(-19.6865506668257,6.25943024745048,12.0000001430575));
#8281=CARTESIAN_POINT('Origin',(-21.9023681111032,5.86872184769988,5.4));
#8282=CARTESIAN_POINT('Origin',(-1.01265728248223E-12,7.12491962735849E-14,
0.999999999999999));
#8283=CARTESIAN_POINT('',(12.999999999999,7.28412371124764E-14,5.4));
#8284=CARTESIAN_POINT('Origin',(-1.01265728248223E-12,7.12491962735849E-14,
5.4));
#8285=CARTESIAN_POINT('',(12.999999999999,7.28412371124764E-14,3.2));
#8286=CARTESIAN_POINT('',(12.999999999999,7.28412371124764E-14,0.999999999999999));
#8287=CARTESIAN_POINT('Origin',(-1.01265728248223E-12,7.12491962735849E-14,
3.2));
#8288=CARTESIAN_POINT('Origin',(58.9552475128312,-126.429936291603,0.999999999999999));
#8289=CARTESIAN_POINT('',(63.2802475128312,-126.429936291603,0.999999999999999));
#8290=CARTESIAN_POINT('Origin',(58.9552475128312,-126.429936291603,0.999999999999999));
#8291=CARTESIAN_POINT('',(63.2802475128312,-126.429936291603,2.8));
#8292=CARTESIAN_POINT('',(63.2802475128312,-126.429936291603,0.999999999999999));
#8293=CARTESIAN_POINT('Origin',(58.9552475128312,-126.429936291603,2.8));
#8294=CARTESIAN_POINT('Origin',(0.,0.,2.8));
#8295=CARTESIAN_POINT('',(60.6788475098489,-127.876208413398,2.8));
#8296=CARTESIAN_POINT('Origin',(58.9552475128312,-126.429936291603,2.8));
#8297=CARTESIAN_POINT('Origin',(-58.9552475128311,126.429936291614,0.999999999999999));
#8298=CARTESIAN_POINT('',(-54.6302475128311,126.429936291614,0.999999999999999));
#8299=CARTESIAN_POINT('Origin',(-58.9552475128311,126.429936291614,0.999999999999999));
#8300=CARTESIAN_POINT('',(-54.6302475128311,126.429936291614,2.8));
#8301=CARTESIAN_POINT('',(-54.6302475128311,126.429936291614,0.999999999999999));
#8302=CARTESIAN_POINT('Origin',(-58.9552475128311,126.429936291614,2.8));
#8303=CARTESIAN_POINT('Origin',(0.,0.,2.8));
#8304=CARTESIAN_POINT('',(-60.6788475098488,127.876208413409,2.8));
#8305=CARTESIAN_POINT('Origin',(-58.9552475128311,126.429936291614,2.8));
#8306=CARTESIAN_POINT('Origin',(-126.429936291613,58.9552475128274,0.999999999999999));
#8307=CARTESIAN_POINT('',(-122.104936291613,58.9552475128274,0.999999999999999));
#8308=CARTESIAN_POINT('Origin',(-126.429936291613,58.9552475128274,0.999999999999999));
#8309=CARTESIAN_POINT('',(-122.104936291613,58.9552475128274,2.8));
#8310=CARTESIAN_POINT('',(-122.104936291613,58.9552475128274,0.999999999999999));
#8311=CARTESIAN_POINT('Origin',(-126.429936291613,58.9552475128274,2.8));
#8312=CARTESIAN_POINT('Origin',(0.,0.,2.8));
#8313=CARTESIAN_POINT('',(-128.679936291613,58.9552475128274,2.8));
#8314=CARTESIAN_POINT('Origin',(-126.429936291613,58.9552475128274,2.8));
#8315=CARTESIAN_POINT('Origin',(126.429936291613,-58.955247512817,0.999999999999999));
#8316=CARTESIAN_POINT('',(130.754936291613,-58.955247512817,0.999999999999999));
#8317=CARTESIAN_POINT('Origin',(126.429936291613,-58.955247512817,0.999999999999999));
#8318=CARTESIAN_POINT('',(130.754936291613,-58.955247512817,2.8));
#8319=CARTESIAN_POINT('',(130.754936291613,-58.955247512817,0.999999999999999));
#8320=CARTESIAN_POINT('Origin',(126.429936291613,-58.955247512817,2.8));
#8321=CARTESIAN_POINT('Origin',(0.,0.,2.8));
#8322=CARTESIAN_POINT('',(128.679936291613,-58.955247512817,2.8));
#8323=CARTESIAN_POINT('Origin',(126.429936291613,-58.955247512817,2.8));
#8324=CARTESIAN_POINT('Origin',(-58.9552475128221,-126.429936291608,0.999999999999999));
#8325=CARTESIAN_POINT('',(-54.6302475128221,-126.429936291608,0.999999999999999));
#8326=CARTESIAN_POINT('Origin',(-58.9552475128221,-126.429936291608,0.999999999999999));
#8327=CARTESIAN_POINT('',(-54.6302475128221,-126.429936291608,2.8));
#8328=CARTESIAN_POINT('',(-54.6302475128221,-126.429936291608,0.999999999999999));
#8329=CARTESIAN_POINT('Origin',(-58.9552475128221,-126.429936291608,2.8));
#8330=CARTESIAN_POINT('Origin',(0.,0.,2.8));
#8331=CARTESIAN_POINT('',(-58.9552475128221,-128.679936291608,2.8));
#8332=CARTESIAN_POINT('Origin',(-58.9552475128221,-126.429936291608,2.8));
#8333=CARTESIAN_POINT('Origin',(58.9552475128222,126.429936291618,0.999999999999999));
#8334=CARTESIAN_POINT('',(63.2802475128222,126.429936291618,0.999999999999999));
#8335=CARTESIAN_POINT('Origin',(58.9552475128222,126.429936291618,0.999999999999999));
#8336=CARTESIAN_POINT('',(63.2802475128222,126.429936291618,2.8));
#8337=CARTESIAN_POINT('',(63.2802475128222,126.429936291618,0.999999999999999));
#8338=CARTESIAN_POINT('Origin',(58.9552475128222,126.429936291618,2.8));
#8339=CARTESIAN_POINT('Origin',(0.,0.,2.8));
#8340=CARTESIAN_POINT('',(58.9552475128222,128.679936291618,2.8));
#8341=CARTESIAN_POINT('Origin',(58.9552475128222,126.429936291618,2.8));
#8342=CARTESIAN_POINT('Origin',(-126.429936291609,-58.9552475128259,0.999999999999999));
#8343=CARTESIAN_POINT('',(-122.104936291609,-58.9552475128259,0.999999999999999));
#8344=CARTESIAN_POINT('Origin',(-126.429936291609,-58.9552475128259,0.999999999999999));
#8345=CARTESIAN_POINT('',(-122.104936291609,-58.9552475128259,2.8));
#8346=CARTESIAN_POINT('',(-122.104936291609,-58.9552475128259,0.999999999999999));
#8347=CARTESIAN_POINT('Origin',(-126.429936291609,-58.9552475128259,2.8));
#8348=CARTESIAN_POINT('Origin',(0.,0.,2.8));
#8349=CARTESIAN_POINT('',(-127.876208413403,-60.6788475098436,2.8));
#8350=CARTESIAN_POINT('Origin',(-126.429936291609,-58.9552475128259,2.8));
#8351=CARTESIAN_POINT('Origin',(126.429936291609,58.9552475128363,0.999999999999999));
#8352=CARTESIAN_POINT('',(130.754936291609,58.9552475128363,0.999999999999999));
#8353=CARTESIAN_POINT('Origin',(126.429936291609,58.9552475128363,0.999999999999999));
#8354=CARTESIAN_POINT('',(130.754936291609,58.9552475128363,2.8));
#8355=CARTESIAN_POINT('',(130.754936291609,58.9552475128363,0.999999999999999));
#8356=CARTESIAN_POINT('Origin',(126.429936291609,58.9552475128363,2.8));
#8357=CARTESIAN_POINT('Origin',(0.,0.,2.8));
#8358=CARTESIAN_POINT('',(127.876208413403,60.678847509854,2.8));
#8359=CARTESIAN_POINT('Origin',(126.429936291609,58.9552475128363,2.8));
#8360=CARTESIAN_POINT('Origin',(58.9552475128222,126.429936291618,11.));
#8361=CARTESIAN_POINT('',(58.9552475128222,128.679936291618,5.4));
#8362=CARTESIAN_POINT('Origin',(58.9552475128222,126.429936291618,5.4));
#8363=CARTESIAN_POINT('',(58.9552475128222,128.679936291618,11.));
#8364=CARTESIAN_POINT('Origin',(-58.9552475128221,-126.429936291608,11.));
#8365=CARTESIAN_POINT('',(-58.9552475128221,-128.679936291608,5.4));
#8366=CARTESIAN_POINT('Origin',(-58.9552475128221,-126.429936291608,5.4));
#8367=CARTESIAN_POINT('',(-58.9552475128221,-128.679936291608,11.));
#8368=CARTESIAN_POINT('Origin',(58.9552475128312,-126.429936291603,11.));
#8369=CARTESIAN_POINT('',(60.6788475098489,-127.876208413398,5.4));
#8370=CARTESIAN_POINT('Origin',(58.9552475128312,-126.429936291603,5.4));
#8371=CARTESIAN_POINT('',(60.6788475098489,-127.876208413398,11.));
#8372=CARTESIAN_POINT('Origin',(-58.9552475128311,126.429936291614,11.));
#8373=CARTESIAN_POINT('',(-60.6788475098488,127.876208413409,5.4));
#8374=CARTESIAN_POINT('Origin',(-58.9552475128311,126.429936291614,5.4));
#8375=CARTESIAN_POINT('',(-60.6788475098488,127.876208413409,11.));
#8376=CARTESIAN_POINT('Origin',(126.429936291609,58.9552475128363,11.));
#8377=CARTESIAN_POINT('',(127.876208413403,60.678847509854,5.4));
#8378=CARTESIAN_POINT('Origin',(126.429936291609,58.9552475128363,5.4));
#8379=CARTESIAN_POINT('',(127.876208413403,60.678847509854,11.));
#8380=CARTESIAN_POINT('Origin',(-126.429936291609,-58.9552475128259,11.));
#8381=CARTESIAN_POINT('',(-127.876208413403,-60.6788475098436,5.4));
#8382=CARTESIAN_POINT('Origin',(-126.429936291609,-58.9552475128259,5.4));
#8383=CARTESIAN_POINT('',(-127.876208413403,-60.6788475098436,11.));
#8384=CARTESIAN_POINT('Origin',(126.429936291613,-58.955247512817,11.));
#8385=CARTESIAN_POINT('',(128.679936291613,-58.955247512817,5.4));
#8386=CARTESIAN_POINT('Origin',(126.429936291613,-58.955247512817,5.4));
#8387=CARTESIAN_POINT('',(128.679936291613,-58.955247512817,11.));
#8388=CARTESIAN_POINT('Origin',(-126.429936291613,58.9552475128274,11.));
#8389=CARTESIAN_POINT('',(-128.679936291613,58.9552475128274,5.4));
#8390=CARTESIAN_POINT('Origin',(-126.429936291613,58.9552475128274,5.4));
#8391=CARTESIAN_POINT('',(-128.679936291613,58.9552475128274,11.));
#8392=CARTESIAN_POINT('Origin',(0.,0.,3.2));
#8393=CARTESIAN_POINT('',(-35.,-4.28626379701574E-15,3.2));
#8394=CARTESIAN_POINT('Origin',(0.,0.,3.2));
#8395=CARTESIAN_POINT('Origin',(0.,0.,0.999999999999999));
#8396=CARTESIAN_POINT('',(-35.,-4.28626379701574E-15,0.999999999999999));
#8397=CARTESIAN_POINT('',(-35.,-4.28626379701574E-15,0.999999999999999));
#8398=CARTESIAN_POINT('Origin',(0.,0.,0.999999999999999));
#8399=CARTESIAN_POINT('Origin',(164.225454787009,-6.49999999999997,0.999999999999999));
#8400=CARTESIAN_POINT('',(160.,-6.49999999999998,0.999999999999999));
#8401=CARTESIAN_POINT('',(164.225454787009,-6.49999999999998,0.999999999999999));
#8402=CARTESIAN_POINT('',(80.000823850322,-6.49999999999998,0.999999999999999));
#8403=CARTESIAN_POINT('',(160.,-6.49999999999997,5.4));
#8404=CARTESIAN_POINT('',(160.,-6.49999999999998,0.999999999999999));
#8405=CARTESIAN_POINT('',(164.225454787009,-6.49999999999997,5.4));
#8406=CARTESIAN_POINT('',(80.000823850322,-6.49999999999998,5.4));
#8407=CARTESIAN_POINT('',(164.225454787009,-6.49999999999998,0.999999999999999));
#8408=CARTESIAN_POINT('Origin',(164.225454787009,-9.49999999999999,0.999999999999999));
#8409=CARTESIAN_POINT('',(167.220447883429,-9.67325227963525,0.999999999999999));
#8410=CARTESIAN_POINT('Origin',(164.225454787009,-9.49999999999999,0.999999999999999));
#8411=CARTESIAN_POINT('',(167.220447883429,-9.67325227963525,5.4));
#8412=CARTESIAN_POINT('Origin',(164.225454787009,-9.49999999999999,5.4));
#8413=CARTESIAN_POINT('',(167.220447883429,-9.67325227963525,0.999999999999999));
#8414=CARTESIAN_POINT('Origin',(0.,0.,0.999999999999999));
#8415=CARTESIAN_POINT('',(166.895032169704,-14.2231584774098,0.999999999999999));
#8416=CARTESIAN_POINT('Origin',(0.,0.,0.999999999999999));
#8417=CARTESIAN_POINT('',(166.895032169704,-14.2231584774098,5.4));
#8418=CARTESIAN_POINT('Origin',(0.,0.,5.4));
#8419=CARTESIAN_POINT('',(166.895032169704,-14.2231584774098,0.999999999999999));
#8420=CARTESIAN_POINT('Origin',(163.905867414426,-13.968415340501,0.999999999999999));
#8421=CARTESIAN_POINT('',(163.478922899606,-16.9378796661438,0.999999999999999));
#8422=CARTESIAN_POINT('Origin',(163.905867414426,-13.968415340501,0.999999999999999));
#8423=CARTESIAN_POINT('',(163.478922899606,-16.9378796661438,5.4));
#8424=CARTESIAN_POINT('Origin',(163.905867414426,-13.968415340501,5.4));
#8425=CARTESIAN_POINT('',(163.478922899606,-16.9378796661438,0.999999999999999));
#8426=CARTESIAN_POINT('Origin',(159.296477149726,-16.3365347514995,0.999999999999999));
#8427=CARTESIAN_POINT('',(159.296477149726,-16.3365347514995,0.999999999999999));
#8428=CARTESIAN_POINT('',(82.2028641683864,-5.25214659913382,0.999999999999999));
#8429=CARTESIAN_POINT('',(159.296477149726,-16.3365347514995,5.4));
#8430=CARTESIAN_POINT('',(82.2028641683864,-5.25214659913382,5.4));
#8431=CARTESIAN_POINT('',(159.296477149726,-16.3365347514995,0.999999999999999));
#8432=CARTESIAN_POINT('Origin',(158.371430700949,-22.7703741237256,0.999999999999999));
#8433=CARTESIAN_POINT('',(157.446384252173,-29.2042134959516,0.999999999999999));
#8434=CARTESIAN_POINT('Origin',(158.371430700949,-22.7703741237256,0.999999999999999));
#8435=CARTESIAN_POINT('',(157.446384252173,-29.2042134959516,5.4));
#8436=CARTESIAN_POINT('Origin',(158.371430700949,-22.7703741237256,5.4));
#8437=CARTESIAN_POINT('',(157.446384252173,-29.2042134959516,0.999999999999999));
#8438=CARTESIAN_POINT('Origin',(161.628830002053,-29.8055584105959,0.999999999999999));
#8439=CARTESIAN_POINT('',(161.628830002053,-29.8055584105959,0.999999999999999));
#8440=CARTESIAN_POINT('',(78.2615483958936,-17.8191528862638,0.999999999999999));
#8441=CARTESIAN_POINT('',(161.628830002053,-29.8055584105959,5.4));
#8442=CARTESIAN_POINT('',(78.2615483958936,-17.8191528862638,5.4));
#8443=CARTESIAN_POINT('',(161.628830002053,-29.8055584105959,0.999999999999999));
#8444=CARTESIAN_POINT('Origin',(161.201885487233,-32.7750227362388,0.999999999999999));
#8445=CARTESIAN_POINT('',(164.141737502198,-33.3727435156231,0.999999999999999));
#8446=CARTESIAN_POINT('Origin',(161.201885487233,-32.7750227362388,0.999999999999999));
#8447=CARTESIAN_POINT('',(164.141737502198,-33.3727435156231,5.4));
#8448=CARTESIAN_POINT('Origin',(161.201885487233,-32.7750227362388,5.4));
#8449=CARTESIAN_POINT('',(164.141737502198,-33.3727435156231,0.999999999999999));
#8450=CARTESIAN_POINT('Origin',(0.,0.,0.999999999999999));
#8451=CARTESIAN_POINT('',(163.172114886533,-37.830026744057,0.999999999999999));
#8452=CARTESIAN_POINT('Origin',(0.,0.,0.999999999999999));
#8453=CARTESIAN_POINT('',(163.172114886533,-37.830026744057,5.4));
#8454=CARTESIAN_POINT('Origin',(0.,0.,5.4));
#8455=CARTESIAN_POINT('',(163.172114886533,-37.830026744057,0.999999999999999));
#8456=CARTESIAN_POINT('Origin',(160.249629246774,-37.152474026253,0.999999999999999));
#8457=CARTESIAN_POINT('',(159.40443157625,-40.0309529470965,0.999999999999999));
#8458=CARTESIAN_POINT('Origin',(160.249629246774,-37.152474026253,0.999999999999999));
#8459=CARTESIAN_POINT('',(159.40443157625,-40.0309529470965,5.4));
#8460=CARTESIAN_POINT('Origin',(160.249629246774,-37.152474026253,5.4));
#8461=CARTESIAN_POINT('',(159.40443157625,-40.0309529470965,0.999999999999999));
#8462=CARTESIAN_POINT('Origin',(155.350137397789,-38.8405047661345,0.999999999999999));
#8463=CARTESIAN_POINT('',(155.350137397789,-38.8405047661345,0.999999999999999));
#8464=CARTESIAN_POINT('',(80.6187438562659,-16.8973877681402,0.999999999999999));
#8465=CARTESIAN_POINT('',(155.350137397789,-38.8405047661345,5.4));
#8466=CARTESIAN_POINT('',(80.6187438562659,-16.8973877681402,5.4));
#8467=CARTESIAN_POINT('',(155.350137397789,-38.8405047661345,0.999999999999999));
#8468=CARTESIAN_POINT('Origin',(153.51887577832,-45.0772090946287,0.999999999999999));
#8469=CARTESIAN_POINT('',(151.68761415885,-51.313913423123,0.999999999999999));
#8470=CARTESIAN_POINT('Origin',(153.51887577832,-45.0772090946287,0.999999999999999));
#8471=CARTESIAN_POINT('',(151.68761415885,-51.313913423123,5.4));
#8472=CARTESIAN_POINT('Origin',(153.51887577832,-45.0772090946287,5.4));
#8473=CARTESIAN_POINT('',(151.68761415885,-51.313913423123,0.999999999999999));
#8474=CARTESIAN_POINT('Origin',(155.741908337311,-52.5043616040849,0.999999999999999));
#8475=CARTESIAN_POINT('',(155.741908337311,-52.5043616040849,0.999999999999999));
#8476=CARTESIAN_POINT('',(74.9290735280968,-28.7755723346477,0.999999999999999));
#8477=CARTESIAN_POINT('',(155.741908337311,-52.5043616040849,5.4));
#8478=CARTESIAN_POINT('',(74.9290735280968,-28.7755723346477,5.4));
#8479=CARTESIAN_POINT('',(155.741908337311,-52.5043616040849,0.999999999999999));
#8480=CARTESIAN_POINT('Origin',(154.896710666787,-55.3828405249284,0.999999999999999));
#8481=CARTESIAN_POINT('',(157.721574691105,-56.3928619326779,0.999999999999999));
#8482=CARTESIAN_POINT('Origin',(154.896710666787,-55.3828405249284,0.999999999999999));
#8483=CARTESIAN_POINT('',(157.721574691105,-56.3928619326779,5.4));
#8484=CARTESIAN_POINT('Origin',(154.896710666787,-55.3828405249284,5.4));
#8485=CARTESIAN_POINT('',(157.721574691105,-56.3928619326779,0.999999999999999));
#8486=CARTESIAN_POINT('Origin',(0.,0.,0.999999999999999));
#8487=CARTESIAN_POINT('',(156.127483893795,-60.6667847589836,0.999999999999999));
#8488=CARTESIAN_POINT('Origin',(0.,0.,0.999999999999999));
#8489=CARTESIAN_POINT('',(156.127483893795,-60.6667847589836,5.4));
#8490=CARTESIAN_POINT('Origin',(0.,0.,5.4));
#8491=CARTESIAN_POINT('',(156.127483893795,-60.6667847589836,0.999999999999999));
#8492=CARTESIAN_POINT('Origin',(153.331170749428,-59.5802154797182,0.999999999999999));
#8493=CARTESIAN_POINT('',(152.084925710423,-62.3091114657817,0.999999999999999));
#8494=CARTESIAN_POINT('Origin',(153.331170749428,-59.5802154797182,0.999999999999999));
#8495=CARTESIAN_POINT('',(152.084925710423,-62.3091114657817,5.4));
#8496=CARTESIAN_POINT('Origin',(153.331170749428,-59.5802154797182,5.4));
#8497=CARTESIAN_POINT('',(152.084925710423,-62.3091114657817,0.999999999999999));
#8498=CARTESIAN_POINT('Origin',(148.241316841235,-60.5537941104974,0.999999999999999));
#8499=CARTESIAN_POINT('',(148.241316841235,-60.5537941104974,0.999999999999999));
#8500=CARTESIAN_POINT('',(77.3934373512715,-28.1986516685158,0.999999999999999));
#8501=CARTESIAN_POINT('',(148.241316841235,-60.5537941104974,5.4));
#8502=CARTESIAN_POINT('',(77.3934373512715,-28.1986516685158,5.4));
#8503=CARTESIAN_POINT('',(148.241316841235,-60.5537941104974,0.999999999999999));
#8504=CARTESIAN_POINT('Origin',(145.541119256723,-66.4664020803018,0.999999999999999));
#8505=CARTESIAN_POINT('',(142.840921672211,-72.3790100501062,0.999999999999999));
#8506=CARTESIAN_POINT('Origin',(145.541119256723,-66.4664020803018,0.999999999999999));
#8507=CARTESIAN_POINT('',(142.840921672211,-72.3790100501062,5.4));
#8508=CARTESIAN_POINT('Origin',(145.541119256723,-66.4664020803018,5.4));
#8509=CARTESIAN_POINT('',(142.840921672211,-72.3790100501062,0.999999999999999));
#8510=CARTESIAN_POINT('Origin',(146.684530541398,-74.1343274053905,0.999999999999999));
#8511=CARTESIAN_POINT('',(146.684530541398,-74.1343274053905,0.999999999999999));
#8512=CARTESIAN_POINT('',(70.0712377476532,-39.1462089304824,0.999999999999999));
#8513=CARTESIAN_POINT('',(146.684530541398,-74.1343274053905,5.4));
#8514=CARTESIAN_POINT('',(70.0712377476532,-39.1462089304824,5.4));
#8515=CARTESIAN_POINT('',(146.684530541398,-74.1343274053905,0.999999999999999));
#8516=CARTESIAN_POINT('Origin',(145.438285502393,-76.863223391454,0.999999999999999));
#8517=CARTESIAN_POINT('',(148.090655450764,-78.2649843043681,0.999999999999999));
#8518=CARTESIAN_POINT('Origin',(145.438285502393,-76.863223391454,0.999999999999999));
#8519=CARTESIAN_POINT('',(148.090655450764,-78.2649843043681,5.4));
#8520=CARTESIAN_POINT('Origin',(145.438285502393,-76.863223391454,5.4));
#8521=CARTESIAN_POINT('',(148.090655450764,-78.2649843043681,0.999999999999999));
#8522=CARTESIAN_POINT('Origin',(0.,0.,0.999999999999999));
#8523=CARTESIAN_POINT('',(145.904547563463,-82.2685419847777,0.999999999999999));
#8524=CARTESIAN_POINT('Origin',(0.,0.,0.999999999999999));
#8525=CARTESIAN_POINT('',(145.904547563463,-82.2685419847777,5.4));
#8526=CARTESIAN_POINT('Origin',(0.,0.,5.4));
#8527=CARTESIAN_POINT('',(145.904547563463,-82.2685419847777,0.999999999999999));
#8528=CARTESIAN_POINT('Origin',(143.291331786207,-80.7950755611697,0.999999999999999));
#8529=CARTESIAN_POINT('',(141.66940933384,-83.3188361596632,0.999999999999999));
#8530=CARTESIAN_POINT('Origin',(143.291331786207,-80.7950755611697,0.999999999999999));
#8531=CARTESIAN_POINT('',(141.66940933384,-83.3188361596632,5.4));
#8532=CARTESIAN_POINT('Origin',(143.291331786207,-80.7950755611697,5.4));
#8533=CARTESIAN_POINT('',(141.66940933384,-83.3188361596632,0.999999999999999));
#8534=CARTESIAN_POINT('Origin',(138.11473056645,-81.0343828294929,0.999999999999999));
#8535=CARTESIAN_POINT('',(138.11473056645,-81.0343828294929,0.999999999999999));
#8536=CARTESIAN_POINT('',(72.5926039002652,-38.9258688800551,0.999999999999999));
#8537=CARTESIAN_POINT('',(138.11473056645,-81.0343828294929,5.4));
#8538=CARTESIAN_POINT('',(72.5926039002652,-38.9258688800551,5.4));
#8539=CARTESIAN_POINT('',(138.11473056645,-81.0343828294929,0.999999999999999));
#8540=CARTESIAN_POINT('Origin',(134.600565252989,-86.5025307928956,0.999999999999999));
#8541=CARTESIAN_POINT('',(131.086399939528,-91.9706787562983,0.999999999999999));
#8542=CARTESIAN_POINT('Origin',(134.600565252989,-86.5025307928956,0.999999999999999));
#8543=CARTESIAN_POINT('',(131.086399939528,-91.9706787562983,5.4));
#8544=CARTESIAN_POINT('Origin',(134.600565252989,-86.5025307928956,5.4));
#8545=CARTESIAN_POINT('',(131.086399939528,-91.9706787562983,0.999999999999999));
#8546=CARTESIAN_POINT('Origin',(134.641078706918,-94.2551320864686,0.999999999999999));
#8547=CARTESIAN_POINT('',(134.641078706918,-94.2551320864686,0.999999999999999));
#8548=CARTESIAN_POINT('',(63.7869338896474,-48.7199381417754,0.999999999999999));
#8549=CARTESIAN_POINT('',(134.641078706918,-94.2551320864686,5.4));
#8550=CARTESIAN_POINT('',(63.7869338896474,-48.7199381417754,5.4));
#8551=CARTESIAN_POINT('',(134.641078706918,-94.2551320864686,0.999999999999999));
#8552=CARTESIAN_POINT('Origin',(133.019156254551,-96.7788926849622,0.999999999999999));
#8553=CARTESIAN_POINT('',(135.445037523631,-98.5438572931986,0.999999999999999));
#8554=CARTESIAN_POINT('Origin',(133.019156254551,-96.7788926849622,0.999999999999999));
#8555=CARTESIAN_POINT('',(135.445037523631,-98.5438572931986,5.4));
#8556=CARTESIAN_POINT('Origin',(133.019156254551,-96.7788926849622,5.4));
#8557=CARTESIAN_POINT('',(135.445037523631,-98.5438572931986,0.999999999999999));
#8558=CARTESIAN_POINT('Origin',(0.,0.,0.999999999999999));
#8559=CARTESIAN_POINT('',(132.71141539871,-102.195548938646,0.999999999999999));
#8560=CARTESIAN_POINT('Origin',(0.,0.,0.999999999999999));
#8561=CARTESIAN_POINT('',(132.71141539871,-102.195548938646,5.4));
#8562=CARTESIAN_POINT('Origin',(0.,0.,5.4));
#8563=CARTESIAN_POINT('',(132.71141539871,-102.195548938646,0.999999999999999));
#8564=CARTESIAN_POINT('Origin',(130.334494525897,-100.365180897954,0.999999999999999));
#8565=CARTESIAN_POINT('',(128.369912324061,-102.632429621016,0.999999999999999));
#8566=CARTESIAN_POINT('Origin',(130.334494525897,-100.365180897954,0.999999999999999));
#8567=CARTESIAN_POINT('',(128.369912324061,-102.632429621016,5.4));
#8568=CARTESIAN_POINT('Origin',(130.334494525897,-100.365180897954,5.4));
#8569=CARTESIAN_POINT('',(128.369912324061,-102.632429621016,0.999999999999999));
#8570=CARTESIAN_POINT('Origin',(125.176526667326,-99.8653451979429,0.999999999999999));
#8571=CARTESIAN_POINT('',(125.176526667326,-99.8653451979429,0.999999999999999));
#8572=CARTESIAN_POINT('',(66.3139782143232,-48.8606566213612,0.999999999999999));
#8573=CARTESIAN_POINT('',(125.176526667326,-99.8653451979429,5.4));
#8574=CARTESIAN_POINT('',(66.3139782143232,-48.8606566213612,5.4));
#8575=CARTESIAN_POINT('',(125.176526667326,-99.8653451979429,0.999999999999999));
#8576=CARTESIAN_POINT('Origin',(120.919931896681,-104.777717431246,0.999999999999999));
#8577=CARTESIAN_POINT('',(116.663337126037,-109.690089664548,0.999999999999999));
#8578=CARTESIAN_POINT('Origin',(120.919931896681,-104.777717431246,0.999999999999999));
#8579=CARTESIAN_POINT('',(116.663337126037,-109.690089664548,5.4));
#8580=CARTESIAN_POINT('Origin',(120.919931896681,-104.777717431246,5.4));
#8581=CARTESIAN_POINT('',(116.663337126037,-109.690089664548,0.999999999999999));
#8582=CARTESIAN_POINT('Origin',(119.856722782772,-112.457174087622,0.999999999999999));
#8583=CARTESIAN_POINT('',(119.856722782772,-112.457174087622,0.999999999999999));
#8584=CARTESIAN_POINT('',(56.2040958446668,-57.3018588764298,0.999999999999999));
#8585=CARTESIAN_POINT('',(119.856722782772,-112.457174087622,5.4));
#8586=CARTESIAN_POINT('',(56.2040958446668,-57.3018588764298,5.4));
#8587=CARTESIAN_POINT('',(119.856722782772,-112.457174087622,0.999999999999999));
#8588=CARTESIAN_POINT('Origin',(117.892140580936,-114.724422810685,0.999999999999999));
#8589=CARTESIAN_POINT('',(120.04214922375,-116.816661524557,0.999999999999999));
#8590=CARTESIAN_POINT('Origin',(117.892140580936,-114.724422810685,0.999999999999999));
#8591=CARTESIAN_POINT('',(120.04214922375,-116.816661524557,5.4));
#8592=CARTESIAN_POINT('Origin',(117.892140580936,-114.724422810685,5.4));
#8593=CARTESIAN_POINT('',(120.04214922375,-116.816661524557,0.999999999999999));
#8594=CARTESIAN_POINT('Origin',(0.,0.,0.999999999999999));
#8595=CARTESIAN_POINT('',(116.816661524557,-120.04214922375,0.999999999999999));
#8596=CARTESIAN_POINT('Origin',(0.,0.,0.999999999999999));
#8597=CARTESIAN_POINT('',(116.816661524557,-120.04214922375,5.4));
#8598=CARTESIAN_POINT('Origin',(0.,0.,5.4));
#8599=CARTESIAN_POINT('',(116.816661524557,-120.04214922375,0.999999999999999));
#8600=CARTESIAN_POINT('Origin',(114.724422810685,-117.892140580936,0.999999999999999));
#8601=CARTESIAN_POINT('',(112.457174087622,-119.856722782772,0.999999999999999));
#8602=CARTESIAN_POINT('Origin',(114.724422810685,-117.892140580936,0.999999999999999));
#8603=CARTESIAN_POINT('',(112.457174087622,-119.856722782772,5.4));
#8604=CARTESIAN_POINT('Origin',(114.724422810685,-117.892140580936,5.4));
#8605=CARTESIAN_POINT('',(112.457174087622,-119.856722782772,0.999999999999999));
#8606=CARTESIAN_POINT('Origin',(109.690089664548,-116.663337126037,0.999999999999999));
#8607=CARTESIAN_POINT('',(109.690089664548,-116.663337126037,0.999999999999999));
#8608=CARTESIAN_POINT('',(58.6853805813073,-57.800765007088,0.999999999999999));
#8609=CARTESIAN_POINT('',(109.690089664548,-116.663337126037,5.4));
#8610=CARTESIAN_POINT('',(58.6853805813073,-57.800765007088,5.4));
#8611=CARTESIAN_POINT('',(109.690089664548,-116.663337126037,0.999999999999999));
#8612=CARTESIAN_POINT('Origin',(104.777717431246,-120.919931896681,0.999999999999999));
#8613=CARTESIAN_POINT('',(99.865345197943,-125.176526667326,0.999999999999999));
#8614=CARTESIAN_POINT('Origin',(104.777717431246,-120.919931896681,0.999999999999999));
#8615=CARTESIAN_POINT('',(99.8653451979429,-125.176526667326,5.4));
#8616=CARTESIAN_POINT('Origin',(104.777717431246,-120.919931896681,5.4));
#8617=CARTESIAN_POINT('',(99.865345197943,-125.176526667326,0.999999999999999));
#8618=CARTESIAN_POINT('Origin',(102.632429621016,-128.369912324061,0.999999999999999));
#8619=CARTESIAN_POINT('',(102.632429621016,-128.369912324061,0.999999999999999));
#8620=CARTESIAN_POINT('',(47.4770939031652,-64.7172617200091,0.999999999999999));
#8621=CARTESIAN_POINT('',(102.632429621016,-128.369912324061,5.4));
#8622=CARTESIAN_POINT('',(47.4770939031652,-64.7172617200091,5.4));
#8623=CARTESIAN_POINT('',(102.632429621016,-128.369912324061,0.999999999999999));
#8624=CARTESIAN_POINT('Origin',(100.365180897954,-130.334494525897,0.999999999999999));
#8625=CARTESIAN_POINT('',(102.195548938646,-132.71141539871,0.999999999999999));
#8626=CARTESIAN_POINT('Origin',(100.365180897954,-130.334494525897,0.999999999999999));
#8627=CARTESIAN_POINT('',(102.195548938646,-132.71141539871,5.4));
#8628=CARTESIAN_POINT('Origin',(100.365180897954,-130.334494525897,5.4));
#8629=CARTESIAN_POINT('',(102.195548938646,-132.71141539871,0.999999999999999));
#8630=CARTESIAN_POINT('Origin',(0.,0.,0.999999999999999));
#8631=CARTESIAN_POINT('',(98.5438572931986,-135.445037523631,0.999999999999999));
#8632=CARTESIAN_POINT('Origin',(0.,0.,0.999999999999999));
#8633=CARTESIAN_POINT('',(98.5438572931986,-135.445037523631,5.4));
#8634=CARTESIAN_POINT('Origin',(0.,0.,5.4));
#8635=CARTESIAN_POINT('',(98.5438572931986,-135.445037523631,0.999999999999999));
#8636=CARTESIAN_POINT('Origin',(96.7788926849622,-133.019156254551,0.999999999999999));
#8637=CARTESIAN_POINT('',(94.2551320864686,-134.641078706917,0.999999999999999));
#8638=CARTESIAN_POINT('Origin',(96.7788926849622,-133.019156254551,0.999999999999999));
#8639=CARTESIAN_POINT('',(94.2551320864686,-134.641078706917,5.4));
#8640=CARTESIAN_POINT('Origin',(96.7788926849622,-133.019156254551,5.4));
#8641=CARTESIAN_POINT('',(94.2551320864686,-134.641078706917,0.999999999999999));
#8642=CARTESIAN_POINT('Origin',(91.9706787562983,-131.086399939528,0.999999999999999));
#8643=CARTESIAN_POINT('',(91.9706787562983,-131.086399939528,0.999999999999999));
#8644=CARTESIAN_POINT('',(49.8621143617578,-65.5641947792302,0.999999999999999));
#8645=CARTESIAN_POINT('',(91.9706787562983,-131.086399939528,5.4));
#8646=CARTESIAN_POINT('',(49.8621143617578,-65.5641947792302,5.4));
#8647=CARTESIAN_POINT('',(91.9706787562983,-131.086399939528,0.999999999999999));
#8648=CARTESIAN_POINT('Origin',(86.5025307928956,-134.600565252989,0.999999999999999));
#8649=CARTESIAN_POINT('',(81.034382829493,-138.11473056645,0.999999999999999));
#8650=CARTESIAN_POINT('Origin',(86.5025307928956,-134.600565252989,0.999999999999999));
#8651=CARTESIAN_POINT('',(81.034382829493,-138.11473056645,5.4));
#8652=CARTESIAN_POINT('Origin',(86.5025307928956,-134.600565252989,5.4));
#8653=CARTESIAN_POINT('',(81.034382829493,-138.11473056645,0.999999999999999));
#8654=CARTESIAN_POINT('Origin',(83.3188361596633,-141.66940933384,0.999999999999999));
#8655=CARTESIAN_POINT('',(83.3188361596633,-141.66940933384,0.999999999999999));
#8656=CARTESIAN_POINT('',(37.7835917698672,-70.815186022458,0.999999999999999));
#8657=CARTESIAN_POINT('',(83.3188361596633,-141.66940933384,5.4));
#8658=CARTESIAN_POINT('',(37.7835917698672,-70.815186022458,5.4));
#8659=CARTESIAN_POINT('',(83.3188361596633,-141.66940933384,0.999999999999999));
#8660=CARTESIAN_POINT('Origin',(80.7950755611697,-143.291331786207,0.999999999999999));
#8661=CARTESIAN_POINT('',(82.2685419847777,-145.904547563463,0.999999999999999));
#8662=CARTESIAN_POINT('Origin',(80.7950755611697,-143.291331786207,0.999999999999999));
#8663=CARTESIAN_POINT('',(82.2685419847777,-145.904547563463,5.4));
#8664=CARTESIAN_POINT('Origin',(80.7950755611697,-143.291331786207,5.4));
#8665=CARTESIAN_POINT('',(82.2685419847777,-145.904547563463,0.999999999999999));
#8666=CARTESIAN_POINT('Origin',(0.,0.,0.999999999999999));
#8667=CARTESIAN_POINT('',(78.2649843043681,-148.090655450764,0.999999999999999));
#8668=CARTESIAN_POINT('Origin',(0.,0.,0.999999999999999));
#8669=CARTESIAN_POINT('',(78.2649843043681,-148.090655450764,5.4));
#8670=CARTESIAN_POINT('Origin',(0.,0.,5.4));
#8671=CARTESIAN_POINT('',(78.2649843043681,-148.090655450764,0.999999999999999));
#8672=CARTESIAN_POINT('Origin',(76.8632233914541,-145.438285502392,0.999999999999999));
#8673=CARTESIAN_POINT('',(74.1343274053905,-146.684530541398,0.999999999999999));
#8674=CARTESIAN_POINT('Origin',(76.8632233914541,-145.438285502392,0.999999999999999));
#8675=CARTESIAN_POINT('',(74.1343274053905,-146.684530541398,5.4));
#8676=CARTESIAN_POINT('Origin',(76.8632233914541,-145.438285502392,5.4));
#8677=CARTESIAN_POINT('',(74.1343274053905,-146.684530541398,0.999999999999999));
#8678=CARTESIAN_POINT('Origin',(72.3790100501062,-142.840921672211,0.999999999999999));
#8679=CARTESIAN_POINT('',(72.3790100501062,-142.840921672211,0.999999999999999));
#8680=CARTESIAN_POINT('',(40.0238038841749,-71.9929026462607,0.999999999999999));
#8681=CARTESIAN_POINT('',(72.3790100501062,-142.840921672211,5.4));
#8682=CARTESIAN_POINT('',(40.0238038841749,-71.9929026462607,5.4));
#8683=CARTESIAN_POINT('',(72.3790100501062,-142.840921672211,0.999999999999999));
#8684=CARTESIAN_POINT('Origin',(66.4664020803018,-145.541119256723,0.999999999999999));
#8685=CARTESIAN_POINT('',(60.5537941104974,-148.241316841235,0.999999999999999));
#8686=CARTESIAN_POINT('Origin',(66.4664020803018,-145.541119256723,0.999999999999999));
#8687=CARTESIAN_POINT('',(60.5537941104975,-148.241316841235,5.4));
#8688=CARTESIAN_POINT('Origin',(66.4664020803018,-145.541119256723,5.4));
#8689=CARTESIAN_POINT('',(60.5537941104974,-148.241316841235,0.999999999999999));
#8690=CARTESIAN_POINT('Origin',(62.3091114657818,-152.084925710423,0.999999999999999));
#8691=CARTESIAN_POINT('',(62.3091114657818,-152.084925710423,0.999999999999999));
#8692=CARTESIAN_POINT('',(27.320929266924,-75.4714933806915,0.999999999999999));
#8693=CARTESIAN_POINT('',(62.3091114657818,-152.084925710423,5.4));
#8694=CARTESIAN_POINT('',(27.320929266924,-75.4714933806915,5.4));
#8695=CARTESIAN_POINT('',(62.3091114657818,-152.084925710423,0.999999999999999));
#8696=CARTESIAN_POINT('Origin',(59.5802154797182,-153.331170749428,0.999999999999999));
#8697=CARTESIAN_POINT('',(60.6667847589836,-156.127483893795,0.999999999999999));
#8698=CARTESIAN_POINT('Origin',(59.5802154797182,-153.331170749428,0.999999999999999));
#8699=CARTESIAN_POINT('',(60.6667847589836,-156.127483893795,5.4));
#8700=CARTESIAN_POINT('Origin',(59.5802154797182,-153.331170749428,5.4));
#8701=CARTESIAN_POINT('',(60.6667847589836,-156.127483893795,0.999999999999999));
#8702=CARTESIAN_POINT('Origin',(0.,0.,0.999999999999999));
#8703=CARTESIAN_POINT('',(56.3928619326779,-157.721574691105,0.999999999999999));
#8704=CARTESIAN_POINT('Origin',(0.,0.,0.999999999999999));
#8705=CARTESIAN_POINT('',(56.3928619326779,-157.721574691105,5.4));
#8706=CARTESIAN_POINT('Origin',(0.,0.,5.4));
#8707=CARTESIAN_POINT('',(56.3928619326779,-157.721574691105,0.999999999999999));
#8708=CARTESIAN_POINT('Origin',(55.3828405249285,-154.896710666787,0.999999999999999));
#8709=CARTESIAN_POINT('',(52.504361604085,-155.741908337311,0.999999999999999));
#8710=CARTESIAN_POINT('Origin',(55.3828405249285,-154.896710666787,0.999999999999999));
#8711=CARTESIAN_POINT('',(52.504361604085,-155.741908337311,5.4));
#8712=CARTESIAN_POINT('Origin',(55.3828405249285,-154.896710666787,5.4));
#8713=CARTESIAN_POINT('',(52.504361604085,-155.741908337311,0.999999999999999));
#8714=CARTESIAN_POINT('Origin',(51.313913423123,-151.68761415885,0.999999999999999));
#8715=CARTESIAN_POINT('',(51.313913423123,-151.68761415885,0.999999999999999));
#8716=CARTESIAN_POINT('',(29.370737157702,-76.9560187710083,0.999999999999999));
#8717=CARTESIAN_POINT('',(51.313913423123,-151.68761415885,5.4));
#8718=CARTESIAN_POINT('',(29.370737157702,-76.9560187710083,5.4));
#8719=CARTESIAN_POINT('',(51.313913423123,-151.68761415885,0.999999999999999));
#8720=CARTESIAN_POINT('Origin',(45.0772090946288,-153.51887577832,0.999999999999999));
#8721=CARTESIAN_POINT('',(38.8405047661345,-155.350137397789,0.999999999999999));
#8722=CARTESIAN_POINT('Origin',(45.0772090946288,-153.51887577832,0.999999999999999));
#8723=CARTESIAN_POINT('',(38.8405047661345,-155.350137397789,5.4));
#8724=CARTESIAN_POINT('Origin',(45.0772090946288,-153.51887577832,5.4));
#8725=CARTESIAN_POINT('',(38.8405047661345,-155.350137397789,0.999999999999999));
#8726=CARTESIAN_POINT('Origin',(40.0309529470965,-159.40443157625,0.999999999999999));
#8727=CARTESIAN_POINT('',(40.0309529470965,-159.40443157625,0.999999999999999));
#8728=CARTESIAN_POINT('',(16.3021044102325,-78.5913949207163,0.999999999999999));
#8729=CARTESIAN_POINT('',(40.0309529470965,-159.40443157625,5.4));
#8730=CARTESIAN_POINT('',(16.3021044102325,-78.5913949207163,5.4));
#8731=CARTESIAN_POINT('',(40.0309529470965,-159.40443157625,0.999999999999999));
#8732=CARTESIAN_POINT('Origin',(37.152474026253,-160.249629246774,0.999999999999999));
#8733=CARTESIAN_POINT('',(37.830026744057,-163.172114886533,0.999999999999999));
#8734=CARTESIAN_POINT('Origin',(37.152474026253,-160.249629246774,0.999999999999999));
#8735=CARTESIAN_POINT('',(37.830026744057,-163.172114886533,5.4));
#8736=CARTESIAN_POINT('Origin',(37.152474026253,-160.249629246774,5.4));
#8737=CARTESIAN_POINT('',(37.830026744057,-163.172114886533,0.999999999999999));
#8738=CARTESIAN_POINT('Origin',(0.,0.,0.999999999999999));
#8739=CARTESIAN_POINT('',(33.3727435156231,-164.141737502198,0.999999999999999));
#8740=CARTESIAN_POINT('Origin',(0.,0.,0.999999999999999));
#8741=CARTESIAN_POINT('',(33.3727435156231,-164.141737502198,5.4));
#8742=CARTESIAN_POINT('Origin',(0.,0.,5.4));
#8743=CARTESIAN_POINT('',(33.3727435156231,-164.141737502198,0.999999999999999));
#8744=CARTESIAN_POINT('Origin',(32.7750227362388,-161.201885487233,0.999999999999999));
#8745=CARTESIAN_POINT('',(29.805558410596,-161.628830002053,0.999999999999999));
#8746=CARTESIAN_POINT('Origin',(32.7750227362388,-161.201885487233,0.999999999999999));
#8747=CARTESIAN_POINT('',(29.805558410596,-161.628830002053,5.4));
#8748=CARTESIAN_POINT('Origin',(32.7750227362388,-161.201885487233,5.4));
#8749=CARTESIAN_POINT('',(29.805558410596,-161.628830002053,0.999999999999999));
#8750=CARTESIAN_POINT('Origin',(29.2042134959517,-157.446384252173,0.999999999999999));
#8751=CARTESIAN_POINT('',(29.2042134959517,-157.446384252173,0.999999999999999));
#8752=CARTESIAN_POINT('',(18.1197879070111,-80.3525108937358,0.999999999999999));
#8753=CARTESIAN_POINT('',(29.2042134959517,-157.446384252173,5.4));
#8754=CARTESIAN_POINT('',(18.1197879070111,-80.3525108937358,5.4));
#8755=CARTESIAN_POINT('',(29.2042134959517,-157.446384252173,0.999999999999999));
#8756=CARTESIAN_POINT('Origin',(22.7703741237256,-158.371430700949,0.999999999999999));
#8757=CARTESIAN_POINT('',(16.3365347514996,-159.296477149726,0.999999999999999));
#8758=CARTESIAN_POINT('Origin',(22.7703741237256,-158.371430700949,0.999999999999999));
#8759=CARTESIAN_POINT('',(16.3365347514996,-159.296477149726,5.4));
#8760=CARTESIAN_POINT('Origin',(22.7703741237256,-158.371430700949,5.4));
#8761=CARTESIAN_POINT('',(16.3365347514996,-159.296477149726,0.999999999999999));
#8762=CARTESIAN_POINT('Origin',(16.9378796661439,-163.478922899606,0.999999999999999));
#8763=CARTESIAN_POINT('',(16.9378796661439,-163.478922899606,0.999999999999999));
#8764=CARTESIAN_POINT('',(4.95143670523682,-80.1113809163485,0.999999999999999));
#8765=CARTESIAN_POINT('',(16.9378796661439,-163.478922899606,5.4));
#8766=CARTESIAN_POINT('',(4.95143670523682,-80.1113809163485,5.4));
#8767=CARTESIAN_POINT('',(16.9378796661439,-163.478922899606,0.999999999999999));
#8768=CARTESIAN_POINT('Origin',(13.9684153405011,-163.905867414426,0.999999999999999));
#8769=CARTESIAN_POINT('',(14.2231584774099,-166.895032169704,0.999999999999999));
#8770=CARTESIAN_POINT('Origin',(13.9684153405011,-163.905867414426,0.999999999999999));
#8771=CARTESIAN_POINT('',(14.2231584774099,-166.895032169704,5.4));
#8772=CARTESIAN_POINT('Origin',(13.9684153405011,-163.905867414426,5.4));
#8773=CARTESIAN_POINT('',(14.2231584774099,-166.895032169704,0.999999999999999));
#8774=CARTESIAN_POINT('Origin',(0.,0.,0.999999999999999));
#8775=CARTESIAN_POINT('',(9.6732522796353,-167.220447883429,0.999999999999999));
#8776=CARTESIAN_POINT('Origin',(0.,0.,0.999999999999999));
#8777=CARTESIAN_POINT('',(9.6732522796353,-167.220447883429,5.4));
#8778=CARTESIAN_POINT('Origin',(0.,0.,5.4));
#8779=CARTESIAN_POINT('',(9.6732522796353,-167.220447883429,0.999999999999999));
#8780=CARTESIAN_POINT('Origin',(9.50000000000004,-164.225454787009,0.999999999999999));
#8781=CARTESIAN_POINT('',(6.50000000000004,-164.225454787009,0.999999999999999));
#8782=CARTESIAN_POINT('Origin',(9.50000000000004,-164.225454787009,0.999999999999999));
#8783=CARTESIAN_POINT('',(6.50000000000004,-164.225454787009,5.4));
#8784=CARTESIAN_POINT('Origin',(9.50000000000004,-164.225454787009,5.4));
#8785=CARTESIAN_POINT('',(6.50000000000004,-164.225454787009,0.999999999999999));
#8786=CARTESIAN_POINT('Origin',(6.50000000000004,-160.,0.999999999999999));
#8787=CARTESIAN_POINT('',(6.50000000000004,-160.,0.999999999999999));
#8788=CARTESIAN_POINT('',(6.50000000000005,-82.1132408573194,0.999999999999999));
#8789=CARTESIAN_POINT('',(6.50000000000004,-160.,5.4));
#8790=CARTESIAN_POINT('',(6.50000000000005,-82.1132408573194,5.4));
#8791=CARTESIAN_POINT('',(6.50000000000004,-160.,0.999999999999999));
#8792=CARTESIAN_POINT('Origin',(3.86407723750047E-14,-160.,0.999999999999999));
#8793=CARTESIAN_POINT('',(-6.49999999999996,-160.,0.999999999999999));
#8794=CARTESIAN_POINT('Origin',(3.86407723750047E-14,-160.,0.999999999999999));
#8795=CARTESIAN_POINT('',(-6.49999999999997,-160.,5.4));
#8796=CARTESIAN_POINT('Origin',(3.86407723750047E-14,-160.,5.4));
#8797=CARTESIAN_POINT('',(-6.49999999999996,-160.,0.999999999999999));
#8798=CARTESIAN_POINT('Origin',(-6.49999999999996,-164.225454787009,0.999999999999999));
#8799=CARTESIAN_POINT('',(-6.49999999999996,-164.225454787009,0.999999999999999));
#8800=CARTESIAN_POINT('',(-6.49999999999998,-80.0005134638148,0.999999999999999));
#8801=CARTESIAN_POINT('',(-6.49999999999997,-164.225454787009,5.4));
#8802=CARTESIAN_POINT('',(-6.49999999999998,-80.0005134638148,5.4));
#8803=CARTESIAN_POINT('',(-6.49999999999996,-164.225454787009,0.999999999999999));
#8804=CARTESIAN_POINT('Origin',(-9.49999999999998,-164.225454787009,0.999999999999999));
#8805=CARTESIAN_POINT('',(-9.67325227963524,-167.220447883429,0.999999999999999));
#8806=CARTESIAN_POINT('Origin',(-9.49999999999998,-164.225454787009,0.999999999999999));
#8807=CARTESIAN_POINT('',(-9.67325227963524,-167.220447883429,5.4));
#8808=CARTESIAN_POINT('Origin',(-9.49999999999998,-164.225454787009,5.4));
#8809=CARTESIAN_POINT('',(-9.67325227963524,-167.220447883429,0.999999999999999));
#8810=CARTESIAN_POINT('Origin',(0.,0.,0.999999999999999));
#8811=CARTESIAN_POINT('',(-14.2231584774098,-166.895032169704,0.999999999999999));
#8812=CARTESIAN_POINT('Origin',(0.,0.,0.999999999999999));
#8813=CARTESIAN_POINT('',(-14.2231584774098,-166.895032169704,5.4));
#8814=CARTESIAN_POINT('Origin',(0.,0.,5.4));
#8815=CARTESIAN_POINT('',(-14.2231584774098,-166.895032169704,0.999999999999999));
#8816=CARTESIAN_POINT('Origin',(-13.968415340501,-163.905867414426,0.999999999999999));
#8817=CARTESIAN_POINT('',(-16.9378796661438,-163.478922899606,0.999999999999999));
#8818=CARTESIAN_POINT('Origin',(-13.968415340501,-163.905867414426,0.999999999999999));
#8819=CARTESIAN_POINT('',(-16.9378796661438,-163.478922899606,5.4));
#8820=CARTESIAN_POINT('Origin',(-13.968415340501,-163.905867414426,5.4));
#8821=CARTESIAN_POINT('',(-16.9378796661438,-163.478922899606,0.999999999999999));
#8822=CARTESIAN_POINT('Origin',(-16.3365347514995,-159.296477149726,0.999999999999999));
#8823=CARTESIAN_POINT('',(-16.3365347514995,-159.296477149726,0.999999999999999));
#8824=CARTESIAN_POINT('',(-5.25207579083216,-82.2023716858308,0.999999999999999));
#8825=CARTESIAN_POINT('',(-16.3365347514995,-159.296477149726,5.4));
#8826=CARTESIAN_POINT('',(-5.25207579083216,-82.2023716858308,5.4));
#8827=CARTESIAN_POINT('',(-16.3365347514995,-159.296477149726,0.999999999999999));
#8828=CARTESIAN_POINT('Origin',(-22.7703741237256,-158.371430700949,0.999999999999999));
#8829=CARTESIAN_POINT('',(-29.2042134959516,-157.446384252173,0.999999999999999));
#8830=CARTESIAN_POINT('Origin',(-22.7703741237256,-158.371430700949,0.999999999999999));
#8831=CARTESIAN_POINT('',(-29.2042134959516,-157.446384252173,5.4));
#8832=CARTESIAN_POINT('Origin',(-22.7703741237256,-158.371430700949,5.4));
#8833=CARTESIAN_POINT('',(-29.2042134959516,-157.446384252173,0.999999999999999));
#8834=CARTESIAN_POINT('Origin',(-29.8055584105959,-161.628830002053,0.999999999999999));
#8835=CARTESIAN_POINT('',(-29.8055584105959,-161.628830002053,0.999999999999999));
#8836=CARTESIAN_POINT('',(-17.8190820779622,-78.2610559133381,0.999999999999999));
#8837=CARTESIAN_POINT('',(-29.8055584105959,-161.628830002053,5.4));
#8838=CARTESIAN_POINT('',(-17.8190820779622,-78.2610559133381,5.4));
#8839=CARTESIAN_POINT('',(-29.8055584105959,-161.628830002053,0.999999999999999));
#8840=CARTESIAN_POINT('Origin',(-32.7750227362387,-161.201885487233,0.999999999999999));
#8841=CARTESIAN_POINT('',(-33.372743515623,-164.141737502198,0.999999999999999));
#8842=CARTESIAN_POINT('Origin',(-32.7750227362387,-161.201885487233,0.999999999999999));
#8843=CARTESIAN_POINT('',(-33.372743515623,-164.141737502198,5.4));
#8844=CARTESIAN_POINT('Origin',(-32.7750227362387,-161.201885487233,5.4));
#8845=CARTESIAN_POINT('',(-33.372743515623,-164.141737502198,0.999999999999999));
#8846=CARTESIAN_POINT('Origin',(0.,0.,0.999999999999999));
#8847=CARTESIAN_POINT('',(-37.8300267440569,-163.172114886533,0.999999999999999));
#8848=CARTESIAN_POINT('Origin',(0.,0.,0.999999999999999));
#8849=CARTESIAN_POINT('',(-37.8300267440569,-163.172114886533,5.4));
#8850=CARTESIAN_POINT('Origin',(0.,0.,5.4));
#8851=CARTESIAN_POINT('',(-37.8300267440569,-163.172114886533,0.999999999999999));
#8852=CARTESIAN_POINT('Origin',(-37.1524740262529,-160.249629246774,0.999999999999999));
#8853=CARTESIAN_POINT('',(-40.0309529470964,-159.40443157625,0.999999999999999));
#8854=CARTESIAN_POINT('Origin',(-37.1524740262529,-160.249629246774,0.999999999999999));
#8855=CARTESIAN_POINT('',(-40.0309529470964,-159.40443157625,5.4));
#8856=CARTESIAN_POINT('Origin',(-37.1524740262529,-160.249629246774,5.4));
#8857=CARTESIAN_POINT('',(-40.0309529470964,-159.40443157625,0.999999999999999));
#8858=CARTESIAN_POINT('Origin',(-38.8405047661345,-155.350137397789,0.999999999999999));
#8859=CARTESIAN_POINT('',(-38.8405047661344,-155.350137397789,0.999999999999999));
#8860=CARTESIAN_POINT('',(-16.8971977173853,-80.6180966028353,0.999999999999999));
#8861=CARTESIAN_POINT('',(-38.8405047661344,-155.350137397789,5.4));
#8862=CARTESIAN_POINT('',(-16.8971977173853,-80.6180966028353,5.4));
#8863=CARTESIAN_POINT('',(-38.8405047661344,-155.350137397789,0.999999999999999));
#8864=CARTESIAN_POINT('Origin',(-45.0772090946287,-153.51887577832,0.999999999999999));
#8865=CARTESIAN_POINT('',(-51.3139134231229,-151.68761415885,0.999999999999999));
#8866=CARTESIAN_POINT('Origin',(-45.0772090946287,-153.51887577832,0.999999999999999));
#8867=CARTESIAN_POINT('',(-51.3139134231229,-151.68761415885,5.4));
#8868=CARTESIAN_POINT('Origin',(-45.0772090946287,-153.51887577832,5.4));
#8869=CARTESIAN_POINT('',(-51.3139134231229,-151.68761415885,0.999999999999999));
#8870=CARTESIAN_POINT('Origin',(-52.5043616040849,-155.741908337311,0.999999999999999));
#8871=CARTESIAN_POINT('',(-52.5043616040849,-155.741908337311,0.999999999999999));
#8872=CARTESIAN_POINT('',(-28.7753822838928,-74.9284262746662,0.999999999999999));
#8873=CARTESIAN_POINT('',(-52.5043616040849,-155.741908337311,5.4));
#8874=CARTESIAN_POINT('',(-28.7753822838928,-74.9284262746662,5.4));
#8875=CARTESIAN_POINT('',(-52.5043616040849,-155.741908337311,0.999999999999999));
#8876=CARTESIAN_POINT('Origin',(-55.3828405249284,-154.896710666787,0.999999999999999));
#8877=CARTESIAN_POINT('',(-56.3928619326778,-157.721574691105,0.999999999999999));
#8878=CARTESIAN_POINT('Origin',(-55.3828405249284,-154.896710666787,0.999999999999999));
#8879=CARTESIAN_POINT('',(-56.3928619326778,-157.721574691105,5.4));
#8880=CARTESIAN_POINT('Origin',(-55.3828405249284,-154.896710666787,5.4));
#8881=CARTESIAN_POINT('',(-56.3928619326778,-157.721574691105,0.999999999999999));
#8882=CARTESIAN_POINT('Origin',(0.,0.,0.999999999999999));
#8883=CARTESIAN_POINT('',(-60.6667847589836,-156.127483893795,0.999999999999999));
#8884=CARTESIAN_POINT('Origin',(0.,0.,0.999999999999999));
#8885=CARTESIAN_POINT('',(-60.6667847589836,-156.127483893795,5.4));
#8886=CARTESIAN_POINT('Origin',(0.,0.,5.4));
#8887=CARTESIAN_POINT('',(-60.6667847589836,-156.127483893795,0.999999999999999));
#8888=CARTESIAN_POINT('Origin',(-59.5802154797182,-153.331170749428,0.999999999999999));
#8889=CARTESIAN_POINT('',(-62.3091114657818,-152.084925710423,0.999999999999999));
#8890=CARTESIAN_POINT('Origin',(-59.5802154797182,-153.331170749428,0.999999999999999));
#8891=CARTESIAN_POINT('',(-62.3091114657818,-152.084925710423,5.4));
#8892=CARTESIAN_POINT('Origin',(-59.5802154797182,-153.331170749428,5.4));
#8893=CARTESIAN_POINT('',(-62.3091114657818,-152.084925710423,0.999999999999999));
#8894=CARTESIAN_POINT('Origin',(-60.5537941104974,-148.241316841235,0.999999999999999));
#8895=CARTESIAN_POINT('',(-60.5537941104974,-148.241316841235,0.999999999999999));
#8896=CARTESIAN_POINT('',(-28.1983036014707,-77.3926751907551,0.999999999999999));
#8897=CARTESIAN_POINT('',(-60.5537941104974,-148.241316841235,5.4));
#8898=CARTESIAN_POINT('',(-28.1983036014707,-77.3926751907551,5.4));
#8899=CARTESIAN_POINT('',(-60.5537941104974,-148.241316841235,0.999999999999999));
#8900=CARTESIAN_POINT('Origin',(-66.4664020803018,-145.541119256723,0.999999999999999));
#8901=CARTESIAN_POINT('',(-72.3790100501062,-142.840921672211,0.999999999999999));
#8902=CARTESIAN_POINT('Origin',(-66.4664020803018,-145.541119256723,0.999999999999999));
#8903=CARTESIAN_POINT('',(-72.3790100501062,-142.840921672211,5.4));
#8904=CARTESIAN_POINT('Origin',(-66.4664020803018,-145.541119256723,5.4));
#8905=CARTESIAN_POINT('',(-72.3790100501062,-142.840921672211,0.999999999999999));
#8906=CARTESIAN_POINT('Origin',(-74.1343274053905,-146.684530541398,0.999999999999999));
#8907=CARTESIAN_POINT('',(-74.1343274053905,-146.684530541398,0.999999999999999));
#8908=CARTESIAN_POINT('',(-39.1458608634373,-70.0704755871368,0.999999999999999));
#8909=CARTESIAN_POINT('',(-74.1343274053905,-146.684530541398,5.4));
#8910=CARTESIAN_POINT('',(-39.1458608634373,-70.0704755871368,5.4));
#8911=CARTESIAN_POINT('',(-74.1343274053905,-146.684530541398,0.999999999999999));
#8912=CARTESIAN_POINT('Origin',(-76.8632233914541,-145.438285502392,0.999999999999999));
#8913=CARTESIAN_POINT('',(-78.2649843043681,-148.090655450764,0.999999999999999));
#8914=CARTESIAN_POINT('Origin',(-76.8632233914541,-145.438285502392,0.999999999999999));
#8915=CARTESIAN_POINT('',(-78.2649843043681,-148.090655450764,5.4));
#8916=CARTESIAN_POINT('Origin',(-76.8632233914541,-145.438285502392,5.4));
#8917=CARTESIAN_POINT('',(-78.2649843043681,-148.090655450764,0.999999999999999));
#8918=CARTESIAN_POINT('Origin',(0.,0.,0.999999999999999));
#8919=CARTESIAN_POINT('',(-82.2685419847776,-145.904547563463,0.999999999999999));
#8920=CARTESIAN_POINT('Origin',(0.,0.,0.999999999999999));
#8921=CARTESIAN_POINT('',(-82.2685419847776,-145.904547563463,5.4));
#8922=CARTESIAN_POINT('Origin',(0.,0.,5.4));
#8923=CARTESIAN_POINT('',(-82.2685419847776,-145.904547563463,0.999999999999999));
#8924=CARTESIAN_POINT('Origin',(-80.7950755611697,-143.291331786207,0.999999999999999));
#8925=CARTESIAN_POINT('',(-83.3188361596632,-141.66940933384,0.999999999999999));
#8926=CARTESIAN_POINT('Origin',(-80.7950755611697,-143.291331786207,0.999999999999999));
#8927=CARTESIAN_POINT('',(-83.3188361596632,-141.66940933384,5.4));
#8928=CARTESIAN_POINT('Origin',(-80.7950755611697,-143.291331786207,5.4));
#8929=CARTESIAN_POINT('',(-83.3188361596632,-141.66940933384,0.999999999999999));
#8930=CARTESIAN_POINT('Origin',(-81.0343828294929,-138.11473056645,0.999999999999999));
#8931=CARTESIAN_POINT('',(-81.0343828294929,-138.11473056645,0.999999999999999));
#8932=CARTESIAN_POINT('',(-38.9253368244226,-72.5917760055407,0.999999999999999));
#8933=CARTESIAN_POINT('',(-81.0343828294929,-138.11473056645,5.4));
#8934=CARTESIAN_POINT('',(-38.9253368244226,-72.5917760055407,5.4));
#8935=CARTESIAN_POINT('',(-81.0343828294929,-138.11473056645,0.999999999999999));
#8936=CARTESIAN_POINT('Origin',(-86.5025307928956,-134.600565252989,0.999999999999999));
#8937=CARTESIAN_POINT('',(-91.9706787562983,-131.086399939528,0.999999999999999));
#8938=CARTESIAN_POINT('Origin',(-86.5025307928956,-134.600565252989,0.999999999999999));
#8939=CARTESIAN_POINT('',(-91.9706787562983,-131.086399939528,5.4));
#8940=CARTESIAN_POINT('Origin',(-86.5025307928956,-134.600565252989,5.4));
#8941=CARTESIAN_POINT('',(-91.9706787562983,-131.086399939528,0.999999999999999));
#8942=CARTESIAN_POINT('Origin',(-94.2551320864686,-134.641078706918,0.999999999999999));
#8943=CARTESIAN_POINT('',(-94.2551320864686,-134.641078706918,0.999999999999999));
#8944=CARTESIAN_POINT('',(-48.7194060861428,-63.786105994923,0.999999999999999));
#8945=CARTESIAN_POINT('',(-94.2551320864686,-134.641078706918,5.4));
#8946=CARTESIAN_POINT('',(-48.7194060861428,-63.786105994923,5.4));
#8947=CARTESIAN_POINT('',(-94.2551320864686,-134.641078706918,0.999999999999999));
#8948=CARTESIAN_POINT('Origin',(-96.7788926849621,-133.019156254551,0.999999999999999));
#8949=CARTESIAN_POINT('',(-98.5438572931985,-135.445037523631,0.999999999999999));
#8950=CARTESIAN_POINT('Origin',(-96.7788926849621,-133.019156254551,0.999999999999999));
#8951=CARTESIAN_POINT('',(-98.5438572931985,-135.445037523631,5.4));
#8952=CARTESIAN_POINT('Origin',(-96.7788926849621,-133.019156254551,5.4));
#8953=CARTESIAN_POINT('',(-98.5438572931985,-135.445037523631,0.999999999999999));
#8954=CARTESIAN_POINT('Origin',(0.,0.,0.999999999999999));
#8955=CARTESIAN_POINT('',(-102.195548938646,-132.71141539871,0.999999999999999));
#8956=CARTESIAN_POINT('Origin',(0.,0.,0.999999999999999));
#8957=CARTESIAN_POINT('',(-102.195548938646,-132.71141539871,5.4));
#8958=CARTESIAN_POINT('Origin',(0.,0.,5.4));
#8959=CARTESIAN_POINT('',(-102.195548938646,-132.71141539871,0.999999999999999));
#8960=CARTESIAN_POINT('Origin',(-100.365180897954,-130.334494525897,0.999999999999999));
#8961=CARTESIAN_POINT('',(-102.632429621016,-128.369912324061,0.999999999999999));
#8962=CARTESIAN_POINT('Origin',(-100.365180897954,-130.334494525897,0.999999999999999));
#8963=CARTESIAN_POINT('',(-102.632429621016,-128.369912324061,5.4));
#8964=CARTESIAN_POINT('Origin',(-100.365180897954,-130.334494525897,5.4));
#8965=CARTESIAN_POINT('',(-102.632429621016,-128.369912324061,0.999999999999999));
#8966=CARTESIAN_POINT('Origin',(-99.8653451979429,-125.176526667326,0.999999999999999));
#8967=CARTESIAN_POINT('',(-99.8653451979429,-125.176526667326,0.999999999999999));
#8968=CARTESIAN_POINT('',(-48.8599295105052,-66.3131390836632,0.999999999999999));
#8969=CARTESIAN_POINT('',(-99.8653451979429,-125.176526667326,5.4));
#8970=CARTESIAN_POINT('',(-48.8599295105052,-66.3131390836632,5.4));
#8971=CARTESIAN_POINT('',(-99.8653451979429,-125.176526667326,0.999999999999999));
#8972=CARTESIAN_POINT('Origin',(-104.777717431246,-120.919931896681,0.999999999999999));
#8973=CARTESIAN_POINT('',(-109.690089664548,-116.663337126037,0.999999999999999));
#8974=CARTESIAN_POINT('Origin',(-104.777717431246,-120.919931896681,0.999999999999999));
#8975=CARTESIAN_POINT('',(-109.690089664548,-116.663337126037,5.4));
#8976=CARTESIAN_POINT('Origin',(-104.777717431246,-120.919931896681,5.4));
#8977=CARTESIAN_POINT('',(-109.690089664548,-116.663337126037,0.999999999999999));
#8978=CARTESIAN_POINT('Origin',(-112.457174087622,-119.856722782772,0.999999999999999));
#8979=CARTESIAN_POINT('',(-112.457174087622,-119.856722782772,0.999999999999999));
#8980=CARTESIAN_POINT('',(-57.3011317655739,-56.2032567140068,0.999999999999999));
#8981=CARTESIAN_POINT('',(-112.457174087622,-119.856722782772,5.4));
#8982=CARTESIAN_POINT('',(-57.3011317655739,-56.2032567140068,5.4));
#8983=CARTESIAN_POINT('',(-112.457174087622,-119.856722782772,0.999999999999999));
#8984=CARTESIAN_POINT('Origin',(-114.724422810685,-117.892140580936,0.999999999999999));
#8985=CARTESIAN_POINT('',(-116.816661524557,-120.04214922375,0.999999999999999));
#8986=CARTESIAN_POINT('Origin',(-114.724422810685,-117.892140580936,0.999999999999999));
#8987=CARTESIAN_POINT('',(-116.816661524557,-120.04214922375,5.4));
#8988=CARTESIAN_POINT('Origin',(-114.724422810685,-117.892140580936,5.4));
#8989=CARTESIAN_POINT('',(-116.816661524557,-120.04214922375,0.999999999999999));
#8990=CARTESIAN_POINT('Origin',(0.,0.,0.999999999999999));
#8991=CARTESIAN_POINT('',(-120.04214922375,-116.816661524557,0.999999999999999));
#8992=CARTESIAN_POINT('Origin',(0.,0.,0.999999999999999));
#8993=CARTESIAN_POINT('',(-120.04214922375,-116.816661524557,5.4));
#8994=CARTESIAN_POINT('Origin',(0.,0.,5.4));
#8995=CARTESIAN_POINT('',(-120.04214922375,-116.816661524557,0.999999999999999));
#8996=CARTESIAN_POINT('Origin',(-117.892140580936,-114.724422810685,0.999999999999999));
#8997=CARTESIAN_POINT('',(-119.856722782772,-112.457174087622,0.999999999999999));
#8998=CARTESIAN_POINT('Origin',(-117.892140580936,-114.724422810685,0.999999999999999));
#8999=CARTESIAN_POINT('',(-119.856722782772,-112.457174087622,5.4));
#9000=CARTESIAN_POINT('Origin',(-117.892140580936,-114.724422810685,5.4));
#9001=CARTESIAN_POINT('',(-119.856722782772,-112.457174087622,0.999999999999999));
#9002=CARTESIAN_POINT('Origin',(-116.663337126037,-109.690089664548,0.999999999999999));
#9003=CARTESIAN_POINT('',(-116.663337126037,-109.690089664548,0.999999999999999));
#9004=CARTESIAN_POINT('',(-57.799847576587,-58.684585623253,0.999999999999999));
#9005=CARTESIAN_POINT('',(-116.663337126037,-109.690089664548,5.4));
#9006=CARTESIAN_POINT('',(-57.799847576587,-58.684585623253,5.4));
#9007=CARTESIAN_POINT('',(-116.663337126037,-109.690089664548,0.999999999999999));
#9008=CARTESIAN_POINT('Origin',(-120.919931896681,-104.777717431246,0.999999999999999));
#9009=CARTESIAN_POINT('',(-125.176526667326,-99.865345197943,0.999999999999999));
#9010=CARTESIAN_POINT('Origin',(-120.919931896681,-104.777717431246,0.999999999999999));
#9011=CARTESIAN_POINT('',(-125.176526667326,-99.865345197943,5.4));
#9012=CARTESIAN_POINT('Origin',(-120.919931896681,-104.777717431246,5.4));
#9013=CARTESIAN_POINT('',(-125.176526667326,-99.865345197943,0.999999999999999));
#9014=CARTESIAN_POINT('Origin',(-128.369912324061,-102.632429621016,0.999999999999999));
#9015=CARTESIAN_POINT('',(-128.369912324061,-102.632429621016,0.999999999999999));
#9016=CARTESIAN_POINT('',(-64.7163442895081,-47.4762989451108,0.999999999999999));
#9017=CARTESIAN_POINT('',(-128.369912324061,-102.632429621016,5.4));
#9018=CARTESIAN_POINT('',(-64.7163442895081,-47.4762989451108,5.4));
#9019=CARTESIAN_POINT('',(-128.369912324061,-102.632429621016,0.999999999999999));
#9020=CARTESIAN_POINT('Origin',(-130.334494525897,-100.365180897954,0.999999999999999));
#9021=CARTESIAN_POINT('',(-132.71141539871,-102.195548938646,0.999999999999999));
#9022=CARTESIAN_POINT('Origin',(-130.334494525897,-100.365180897954,0.999999999999999));
#9023=CARTESIAN_POINT('',(-132.71141539871,-102.195548938646,5.4));
#9024=CARTESIAN_POINT('Origin',(-130.334494525897,-100.365180897954,5.4));
#9025=CARTESIAN_POINT('',(-132.71141539871,-102.195548938646,0.999999999999999));
#9026=CARTESIAN_POINT('Origin',(0.,0.,0.999999999999999));
#9027=CARTESIAN_POINT('',(-135.445037523631,-98.5438572931985,0.999999999999999));
#9028=CARTESIAN_POINT('Origin',(0.,0.,0.999999999999999));
#9029=CARTESIAN_POINT('',(-135.445037523631,-98.5438572931985,5.4));
#9030=CARTESIAN_POINT('Origin',(0.,0.,5.4));
#9031=CARTESIAN_POINT('',(-135.445037523631,-98.5438572931985,0.999999999999999));
#9032=CARTESIAN_POINT('Origin',(-133.019156254551,-96.7788926849621,0.999999999999999));
#9033=CARTESIAN_POINT('',(-134.641078706918,-94.2551320864686,0.999999999999999));
#9034=CARTESIAN_POINT('Origin',(-133.019156254551,-96.7788926849621,0.999999999999999));
#9035=CARTESIAN_POINT('',(-134.641078706918,-94.2551320864686,5.4));
#9036=CARTESIAN_POINT('Origin',(-133.019156254551,-96.7788926849621,5.4));
#9037=CARTESIAN_POINT('',(-134.641078706918,-94.2551320864686,0.999999999999999));
#9038=CARTESIAN_POINT('Origin',(-131.086399939528,-91.9706787562983,0.999999999999999));
#9039=CARTESIAN_POINT('',(-131.086399939528,-91.9706787562983,0.999999999999999));
#9040=CARTESIAN_POINT('',(-65.5631071832281,-49.8614154062483,0.999999999999999));
#9041=CARTESIAN_POINT('',(-131.086399939528,-91.9706787562983,5.4));
#9042=CARTESIAN_POINT('',(-65.5631071832281,-49.8614154062483,5.4));
#9043=CARTESIAN_POINT('',(-131.086399939528,-91.9706787562983,0.999999999999999));
#9044=CARTESIAN_POINT('Origin',(-134.600565252989,-86.5025307928956,0.999999999999999));
#9045=CARTESIAN_POINT('',(-138.11473056645,-81.0343828294929,0.999999999999999));
#9046=CARTESIAN_POINT('Origin',(-134.600565252989,-86.5025307928956,0.999999999999999));
#9047=CARTESIAN_POINT('',(-138.11473056645,-81.0343828294929,5.4));
#9048=CARTESIAN_POINT('Origin',(-134.600565252989,-86.5025307928956,5.4));
#9049=CARTESIAN_POINT('',(-138.11473056645,-81.0343828294929,0.999999999999999));
#9050=CARTESIAN_POINT('Origin',(-141.66940933384,-83.3188361596632,0.999999999999999));
#9051=CARTESIAN_POINT('',(-141.66940933384,-83.3188361596632,0.999999999999999));
#9052=CARTESIAN_POINT('',(-70.8140984264559,-37.7828928143577,0.999999999999999));
#9053=CARTESIAN_POINT('',(-141.66940933384,-83.3188361596632,5.4));
#9054=CARTESIAN_POINT('',(-70.8140984264559,-37.7828928143577,5.4));
#9055=CARTESIAN_POINT('',(-141.66940933384,-83.3188361596632,0.999999999999999));
#9056=CARTESIAN_POINT('Origin',(-143.291331786207,-80.7950755611697,0.999999999999999));
#9057=CARTESIAN_POINT('',(-145.904547563463,-82.2685419847776,0.999999999999999));
#9058=CARTESIAN_POINT('Origin',(-143.291331786207,-80.7950755611697,0.999999999999999));
#9059=CARTESIAN_POINT('',(-145.904547563463,-82.2685419847776,5.4));
#9060=CARTESIAN_POINT('Origin',(-143.291331786207,-80.7950755611697,5.4));
#9061=CARTESIAN_POINT('',(-145.904547563463,-82.2685419847776,0.999999999999999));
#9062=CARTESIAN_POINT('Origin',(0.,0.,0.999999999999999));
#9063=CARTESIAN_POINT('',(-148.090655450764,-78.2649843043681,0.999999999999999));
#9064=CARTESIAN_POINT('Origin',(0.,0.,0.999999999999999));
#9065=CARTESIAN_POINT('',(-148.090655450764,-78.2649843043681,5.4));
#9066=CARTESIAN_POINT('Origin',(0.,0.,5.4));
#9067=CARTESIAN_POINT('',(-148.090655450764,-78.2649843043681,0.999999999999999));
#9068=CARTESIAN_POINT('Origin',(-145.438285502392,-76.8632233914541,0.999999999999999));
#9069=CARTESIAN_POINT('',(-146.684530541398,-74.1343274053905,0.999999999999999));
#9070=CARTESIAN_POINT('Origin',(-145.438285502392,-76.8632233914541,0.999999999999999));
#9071=CARTESIAN_POINT('',(-146.684530541398,-74.1343274053905,5.4));
#9072=CARTESIAN_POINT('Origin',(-145.438285502392,-76.8632233914541,5.4));
#9073=CARTESIAN_POINT('',(-146.684530541398,-74.1343274053905,0.999999999999999));
#9074=CARTESIAN_POINT('Origin',(-142.840921672211,-72.3790100501062,0.999999999999999));
#9075=CARTESIAN_POINT('',(-142.840921672211,-72.3790100501062,0.999999999999999));
#9076=CARTESIAN_POINT('',(-71.9916788246984,-40.0232449835945,0.999999999999999));
#9077=CARTESIAN_POINT('',(-142.840921672211,-72.3790100501062,5.4));
#9078=CARTESIAN_POINT('',(-71.9916788246984,-40.0232449835945,5.4));
#9079=CARTESIAN_POINT('',(-142.840921672211,-72.3790100501062,0.999999999999999));
#9080=CARTESIAN_POINT('Origin',(-145.541119256723,-66.4664020803018,0.999999999999999));
#9081=CARTESIAN_POINT('',(-148.241316841235,-60.5537941104975,0.999999999999999));
#9082=CARTESIAN_POINT('Origin',(-145.541119256723,-66.4664020803018,0.999999999999999));
#9083=CARTESIAN_POINT('',(-148.241316841235,-60.5537941104975,5.4));
#9084=CARTESIAN_POINT('Origin',(-145.541119256723,-66.4664020803018,5.4));
#9085=CARTESIAN_POINT('',(-148.241316841235,-60.5537941104975,0.999999999999999));
#9086=CARTESIAN_POINT('Origin',(-152.084925710423,-62.3091114657818,0.999999999999999));
#9087=CARTESIAN_POINT('',(-152.084925710423,-62.3091114657818,0.999999999999999));
#9088=CARTESIAN_POINT('',(-75.4702695591292,-27.3203703663435,0.999999999999999));
#9089=CARTESIAN_POINT('',(-152.084925710423,-62.3091114657818,5.4));
#9090=CARTESIAN_POINT('',(-75.4702695591292,-27.3203703663435,5.4));
#9091=CARTESIAN_POINT('',(-152.084925710423,-62.3091114657818,0.999999999999999));
#9092=CARTESIAN_POINT('Origin',(-153.331170749428,-59.5802154797182,0.999999999999999));
#9093=CARTESIAN_POINT('',(-156.127483893795,-60.6667847589836,0.999999999999999));
#9094=CARTESIAN_POINT('Origin',(-153.331170749428,-59.5802154797182,0.999999999999999));
#9095=CARTESIAN_POINT('',(-156.127483893795,-60.6667847589836,5.4));
#9096=CARTESIAN_POINT('Origin',(-153.331170749428,-59.5802154797182,5.4));
#9097=CARTESIAN_POINT('',(-156.127483893795,-60.6667847589836,0.999999999999999));
#9098=CARTESIAN_POINT('Origin',(0.,0.,0.999999999999999));
#9099=CARTESIAN_POINT('',(-157.721574691105,-56.3928619326779,0.999999999999999));
#9100=CARTESIAN_POINT('Origin',(0.,0.,0.999999999999999));
#9101=CARTESIAN_POINT('',(-157.721574691105,-56.3928619326779,5.4));
#9102=CARTESIAN_POINT('Origin',(0.,0.,5.4));
#9103=CARTESIAN_POINT('',(-157.721574691105,-56.3928619326779,0.999999999999999));
#9104=CARTESIAN_POINT('Origin',(-154.896710666787,-55.3828405249285,0.999999999999999));
#9105=CARTESIAN_POINT('',(-155.741908337311,-52.504361604085,0.999999999999999));
#9106=CARTESIAN_POINT('Origin',(-154.896710666787,-55.3828405249285,0.999999999999999));
#9107=CARTESIAN_POINT('',(-155.741908337311,-52.504361604085,5.4));
#9108=CARTESIAN_POINT('Origin',(-154.896710666787,-55.3828405249285,5.4));
#9109=CARTESIAN_POINT('',(-155.741908337311,-52.504361604085,0.999999999999999));
#9110=CARTESIAN_POINT('Origin',(-151.68761415885,-51.313913423123,0.999999999999999));
#9111=CARTESIAN_POINT('',(-151.68761415885,-51.313913423123,0.999999999999999));
#9112=CARTESIAN_POINT('',(-76.9547037000113,-29.3703510180172,0.999999999999999));
#9113=CARTESIAN_POINT('',(-151.68761415885,-51.313913423123,5.4));
#9114=CARTESIAN_POINT('',(-76.9547037000113,-29.3703510180172,5.4));
#9115=CARTESIAN_POINT('',(-151.68761415885,-51.313913423123,0.999999999999999));
#9116=CARTESIAN_POINT('Origin',(-153.51887577832,-45.0772090946288,0.999999999999999));
#9117=CARTESIAN_POINT('',(-155.350137397789,-38.8405047661345,0.999999999999999));
#9118=CARTESIAN_POINT('Origin',(-153.51887577832,-45.0772090946288,0.999999999999999));
#9119=CARTESIAN_POINT('',(-155.350137397789,-38.8405047661345,5.4));
#9120=CARTESIAN_POINT('Origin',(-153.51887577832,-45.0772090946288,5.4));
#9121=CARTESIAN_POINT('',(-155.350137397789,-38.8405047661345,0.999999999999999));
#9122=CARTESIAN_POINT('Origin',(-159.40443157625,-40.0309529470965,0.999999999999999));
#9123=CARTESIAN_POINT('',(-159.40443157625,-40.0309529470965,0.999999999999999));
#9124=CARTESIAN_POINT('',(-78.5900798497194,-16.3017182705477,0.999999999999999));
#9125=CARTESIAN_POINT('',(-159.40443157625,-40.0309529470965,5.4));
#9126=CARTESIAN_POINT('',(-78.5900798497194,-16.3017182705477,5.4));
#9127=CARTESIAN_POINT('',(-159.40443157625,-40.0309529470965,0.999999999999999));
#9128=CARTESIAN_POINT('Origin',(-160.249629246774,-37.152474026253,0.999999999999999));
#9129=CARTESIAN_POINT('',(-163.172114886533,-37.830026744057,0.999999999999999));
#9130=CARTESIAN_POINT('Origin',(-160.249629246774,-37.152474026253,0.999999999999999));
#9131=CARTESIAN_POINT('',(-163.172114886533,-37.830026744057,5.4));
#9132=CARTESIAN_POINT('Origin',(-160.249629246774,-37.152474026253,5.4));
#9133=CARTESIAN_POINT('',(-163.172114886533,-37.830026744057,0.999999999999999));
#9134=CARTESIAN_POINT('Origin',(0.,0.,0.999999999999999));
#9135=CARTESIAN_POINT('',(-164.141737502198,-33.3727435156231,0.999999999999999));
#9136=CARTESIAN_POINT('Origin',(0.,0.,0.999999999999999));
#9137=CARTESIAN_POINT('',(-164.141737502198,-33.3727435156231,5.4));
#9138=CARTESIAN_POINT('Origin',(0.,0.,5.4));
#9139=CARTESIAN_POINT('',(-164.141737502198,-33.3727435156231,0.999999999999999));
#9140=CARTESIAN_POINT('Origin',(-161.201885487233,-32.7750227362388,0.999999999999999));
#9141=CARTESIAN_POINT('',(-161.628830002053,-29.805558410596,0.999999999999999));
#9142=CARTESIAN_POINT('Origin',(-161.201885487233,-32.7750227362388,0.999999999999999));
#9143=CARTESIAN_POINT('',(-161.628830002053,-29.805558410596,5.4));
#9144=CARTESIAN_POINT('Origin',(-161.201885487233,-32.7750227362388,5.4));
#9145=CARTESIAN_POINT('',(-161.628830002053,-29.805558410596,0.999999999999999));
#9146=CARTESIAN_POINT('Origin',(-157.446384252173,-29.2042134959517,0.999999999999999));
#9147=CARTESIAN_POINT('',(-157.446384252173,-29.2042134959517,0.999999999999999));
#9148=CARTESIAN_POINT('',(-80.3511569419163,-18.1195932381284,0.999999999999999));
#9149=CARTESIAN_POINT('',(-157.446384252173,-29.2042134959517,5.4));
#9150=CARTESIAN_POINT('',(-80.3511569419163,-18.1195932381284,5.4));
#9151=CARTESIAN_POINT('',(-157.446384252173,-29.2042134959517,0.999999999999999));
#9152=CARTESIAN_POINT('Origin',(-158.371430700949,-22.7703741237256,0.999999999999999));
#9153=CARTESIAN_POINT('',(-159.296477149726,-16.3365347514996,0.999999999999999));
#9154=CARTESIAN_POINT('Origin',(-158.371430700949,-22.7703741237256,0.999999999999999));
#9155=CARTESIAN_POINT('',(-159.296477149726,-16.3365347514996,5.4));
#9156=CARTESIAN_POINT('Origin',(-158.371430700949,-22.7703741237256,5.4));
#9157=CARTESIAN_POINT('',(-159.296477149726,-16.3365347514996,0.999999999999999));
#9158=CARTESIAN_POINT('Origin',(-163.478922899606,-16.9378796661439,0.999999999999999));
#9159=CARTESIAN_POINT('',(-163.478922899606,-16.9378796661439,0.999999999999999));
#9160=CARTESIAN_POINT('',(-80.110026964529,-4.95124203635408,0.999999999999999));
#9161=CARTESIAN_POINT('',(-163.478922899606,-16.9378796661439,5.4));
#9162=CARTESIAN_POINT('',(-80.110026964529,-4.95124203635408,5.4));
#9163=CARTESIAN_POINT('',(-163.478922899606,-16.9378796661439,0.999999999999999));
#9164=CARTESIAN_POINT('Origin',(-163.905867414426,-13.9684153405011,0.999999999999999));
#9165=CARTESIAN_POINT('',(-166.895032169704,-14.2231584774099,0.999999999999999));
#9166=CARTESIAN_POINT('Origin',(-163.905867414426,-13.9684153405011,0.999999999999999));
#9167=CARTESIAN_POINT('',(-166.895032169704,-14.2231584774099,5.4));
#9168=CARTESIAN_POINT('Origin',(-163.905867414426,-13.9684153405011,5.4));
#9169=CARTESIAN_POINT('',(-166.895032169704,-14.2231584774099,0.999999999999999));
#9170=CARTESIAN_POINT('Origin',(0.,0.,0.999999999999999));
#9171=CARTESIAN_POINT('',(-167.220447883429,-9.67325227963531,0.999999999999999));
#9172=CARTESIAN_POINT('Origin',(0.,0.,0.999999999999999));
#9173=CARTESIAN_POINT('',(-167.220447883429,-9.67325227963531,5.4));
#9174=CARTESIAN_POINT('Origin',(0.,0.,5.4));
#9175=CARTESIAN_POINT('',(-167.220447883429,-9.67325227963531,0.999999999999999));
#9176=CARTESIAN_POINT('Origin',(-164.225454787009,-9.50000000000005,0.999999999999999));
#9177=CARTESIAN_POINT('',(-164.225454787009,-6.50000000000005,0.999999999999999));
#9178=CARTESIAN_POINT('Origin',(-164.225454787009,-9.50000000000005,0.999999999999999));
#9179=CARTESIAN_POINT('',(-164.225454787009,-6.50000000000005,5.4));
#9180=CARTESIAN_POINT('Origin',(-164.225454787009,-9.50000000000005,5.4));
#9181=CARTESIAN_POINT('',(-164.225454787009,-6.50000000000005,0.999999999999999));
#9182=CARTESIAN_POINT('Origin',(-160.,-6.50000000000005,0.999999999999999));
#9183=CARTESIAN_POINT('',(-160.,-6.50000000000005,0.999999999999999));
#9184=CARTESIAN_POINT('',(-82.1119035431826,-6.50000000000006,0.999999999999999));
#9185=CARTESIAN_POINT('',(-160.,-6.50000000000005,5.4));
#9186=CARTESIAN_POINT('',(-82.1119035431826,-6.50000000000006,5.4));
#9187=CARTESIAN_POINT('',(-160.,-6.50000000000005,0.999999999999999));
#9188=CARTESIAN_POINT('Origin',(-160.,-4.84379467681835E-14,0.999999999999999));
#9189=CARTESIAN_POINT('',(-160.,6.49999999999996,0.999999999999999));
#9190=CARTESIAN_POINT('Origin',(-160.,-4.84379467681835E-14,0.999999999999999));
#9191=CARTESIAN_POINT('',(-160.,6.49999999999995,5.4));
#9192=CARTESIAN_POINT('Origin',(-160.,-4.84379467681835E-14,5.4));
#9193=CARTESIAN_POINT('',(-160.,6.49999999999996,0.999999999999999));
#9194=CARTESIAN_POINT('Origin',(-164.225454787009,6.49999999999995,0.999999999999999));
#9195=CARTESIAN_POINT('',(-164.225454787009,6.49999999999995,0.999999999999999));
#9196=CARTESIAN_POINT('',(-79.999176149678,6.49999999999997,0.999999999999999));
#9197=CARTESIAN_POINT('',(-164.225454787009,6.49999999999995,5.4));
#9198=CARTESIAN_POINT('',(-79.999176149678,6.49999999999997,5.4));
#9199=CARTESIAN_POINT('',(-164.225454787009,6.49999999999995,0.999999999999999));
#9200=CARTESIAN_POINT('Origin',(-164.225454787009,9.49999999999997,0.999999999999999));
#9201=CARTESIAN_POINT('',(-167.220447883429,9.67325227963523,0.999999999999999));
#9202=CARTESIAN_POINT('Origin',(-164.225454787009,9.49999999999997,0.999999999999999));
#9203=CARTESIAN_POINT('',(-167.220447883429,9.67325227963523,5.4));
#9204=CARTESIAN_POINT('Origin',(-164.225454787009,9.49999999999997,5.4));
#9205=CARTESIAN_POINT('',(-167.220447883429,9.67325227963523,0.999999999999999));
#9206=CARTESIAN_POINT('Origin',(0.,0.,0.999999999999999));
#9207=CARTESIAN_POINT('',(-166.895032169704,14.2231584774098,0.999999999999999));
#9208=CARTESIAN_POINT('Origin',(0.,0.,0.999999999999999));
#9209=CARTESIAN_POINT('',(-166.895032169704,14.2231584774098,5.4));
#9210=CARTESIAN_POINT('Origin',(0.,0.,5.4));
#9211=CARTESIAN_POINT('',(-166.895032169704,14.2231584774098,0.999999999999999));
#9212=CARTESIAN_POINT('Origin',(-163.905867414426,13.968415340501,0.999999999999999));
#9213=CARTESIAN_POINT('',(-163.478922899606,16.9378796661438,0.999999999999999));
#9214=CARTESIAN_POINT('Origin',(-163.905867414426,13.968415340501,0.999999999999999));
#9215=CARTESIAN_POINT('',(-163.478922899606,16.9378796661438,5.4));
#9216=CARTESIAN_POINT('Origin',(-163.905867414426,13.968415340501,5.4));
#9217=CARTESIAN_POINT('',(-163.478922899606,16.9378796661438,0.999999999999999));
#9218=CARTESIAN_POINT('Origin',(-159.296477149726,16.3365347514995,0.999999999999999));
#9219=CARTESIAN_POINT('',(-159.296477149726,16.3365347514995,0.999999999999999));
#9220=CARTESIAN_POINT('',(-82.2011051799957,5.25189369478384,0.999999999999999));
#9221=CARTESIAN_POINT('',(-159.296477149726,16.3365347514995,5.4));
#9222=CARTESIAN_POINT('',(-82.2011051799957,5.25189369478384,5.4));
#9223=CARTESIAN_POINT('',(-159.296477149726,16.3365347514995,0.999999999999999));
#9224=CARTESIAN_POINT('Origin',(-158.371430700949,22.7703741237256,0.999999999999999));
#9225=CARTESIAN_POINT('',(-157.446384252173,29.2042134959516,0.999999999999999));
#9226=CARTESIAN_POINT('Origin',(-158.371430700949,22.7703741237256,0.999999999999999));
#9227=CARTESIAN_POINT('',(-157.446384252173,29.2042134959516,5.4));
#9228=CARTESIAN_POINT('Origin',(-158.371430700949,22.7703741237256,5.4));
#9229=CARTESIAN_POINT('',(-157.446384252173,29.2042134959516,0.999999999999999));
#9230=CARTESIAN_POINT('Origin',(-161.628830002053,29.8055584105959,0.999999999999999));
#9231=CARTESIAN_POINT('',(-161.628830002053,29.8055584105959,0.999999999999999));
#9232=CARTESIAN_POINT('',(-78.2597894075029,17.8188999819139,0.999999999999999));
#9233=CARTESIAN_POINT('',(-161.628830002053,29.8055584105959,5.4));
#9234=CARTESIAN_POINT('',(-78.2597894075029,17.8188999819139,5.4));
#9235=CARTESIAN_POINT('',(-161.628830002053,29.8055584105959,0.999999999999999));
#9236=CARTESIAN_POINT('Origin',(-161.201885487233,32.7750227362387,0.999999999999999));
#9237=CARTESIAN_POINT('',(-164.141737502198,33.372743515623,0.999999999999999));
#9238=CARTESIAN_POINT('Origin',(-161.201885487233,32.7750227362387,0.999999999999999));
#9239=CARTESIAN_POINT('',(-164.141737502198,33.372743515623,5.4));
#9240=CARTESIAN_POINT('Origin',(-161.201885487233,32.7750227362387,5.4));
#9241=CARTESIAN_POINT('',(-164.141737502198,33.372743515623,0.999999999999999));
#9242=CARTESIAN_POINT('Origin',(0.,0.,0.999999999999999));
#9243=CARTESIAN_POINT('',(-163.172114886533,37.8300267440569,0.999999999999999));
#9244=CARTESIAN_POINT('Origin',(0.,0.,0.999999999999999));
#9245=CARTESIAN_POINT('',(-163.172114886533,37.8300267440569,5.4));
#9246=CARTESIAN_POINT('Origin',(0.,0.,5.4));
#9247=CARTESIAN_POINT('',(-163.172114886533,37.8300267440569,0.999999999999999));
#9248=CARTESIAN_POINT('Origin',(-160.249629246774,37.1524740262529,0.999999999999999));
#9249=CARTESIAN_POINT('',(-159.40443157625,40.0309529470964,0.999999999999999));
#9250=CARTESIAN_POINT('Origin',(-160.249629246774,37.1524740262529,0.999999999999999));
#9251=CARTESIAN_POINT('',(-159.40443157625,40.0309529470964,5.4));
#9252=CARTESIAN_POINT('Origin',(-160.249629246774,37.1524740262529,5.4));
#9253=CARTESIAN_POINT('',(-159.40443157625,40.0309529470964,0.999999999999999));
#9254=CARTESIAN_POINT('Origin',(-155.350137397789,38.8405047661344,0.999999999999999));
#9255=CARTESIAN_POINT('',(-155.350137397789,38.8405047661344,0.999999999999999));
#9256=CARTESIAN_POINT('',(-80.6169493394534,16.896860850462,0.999999999999999));
#9257=CARTESIAN_POINT('',(-155.350137397789,38.8405047661344,5.4));
#9258=CARTESIAN_POINT('',(-80.6169493394534,16.896860850462,5.4));
#9259=CARTESIAN_POINT('',(-155.350137397789,38.8405047661344,0.999999999999999));
#9260=CARTESIAN_POINT('Origin',(-153.51887577832,45.0772090946287,0.999999999999999));
#9261=CARTESIAN_POINT('',(-151.68761415885,51.3139134231229,0.999999999999999));
#9262=CARTESIAN_POINT('Origin',(-153.51887577832,45.0772090946287,0.999999999999999));
#9263=CARTESIAN_POINT('',(-151.68761415885,51.3139134231229,5.4));
#9264=CARTESIAN_POINT('Origin',(-153.51887577832,45.0772090946287,5.4));
#9265=CARTESIAN_POINT('',(-151.68761415885,51.3139134231229,0.999999999999999));
#9266=CARTESIAN_POINT('Origin',(-155.741908337311,52.5043616040849,0.999999999999999));
#9267=CARTESIAN_POINT('',(-155.741908337311,52.5043616040849,0.999999999999999));
#9268=CARTESIAN_POINT('',(-74.9272790112843,28.7750454169695,0.999999999999999));
#9269=CARTESIAN_POINT('',(-155.741908337311,52.5043616040849,5.4));
#9270=CARTESIAN_POINT('',(-74.9272790112843,28.7750454169695,5.4));
#9271=CARTESIAN_POINT('',(-155.741908337311,52.5043616040849,0.999999999999999));
#9272=CARTESIAN_POINT('Origin',(-154.896710666787,55.3828405249284,0.999999999999999));
#9273=CARTESIAN_POINT('',(-157.721574691105,56.3928619326778,0.999999999999999));
#9274=CARTESIAN_POINT('Origin',(-154.896710666787,55.3828405249284,0.999999999999999));
#9275=CARTESIAN_POINT('',(-157.721574691105,56.3928619326778,5.4));
#9276=CARTESIAN_POINT('Origin',(-154.896710666787,55.3828405249284,5.4));
#9277=CARTESIAN_POINT('',(-157.721574691105,56.3928619326778,0.999999999999999));
#9278=CARTESIAN_POINT('Origin',(0.,0.,0.999999999999999));
#9279=CARTESIAN_POINT('',(-156.127483893795,60.6667847589835,0.999999999999999));
#9280=CARTESIAN_POINT('Origin',(0.,0.,0.999999999999999));
#9281=CARTESIAN_POINT('',(-156.127483893795,60.6667847589835,5.4));
#9282=CARTESIAN_POINT('Origin',(0.,0.,5.4));
#9283=CARTESIAN_POINT('',(-156.127483893795,60.6667847589835,0.999999999999999));
#9284=CARTESIAN_POINT('Origin',(-153.331170749428,59.5802154797181,0.999999999999999));
#9285=CARTESIAN_POINT('',(-152.084925710423,62.3091114657817,0.999999999999999));
#9286=CARTESIAN_POINT('Origin',(-153.331170749428,59.5802154797181,0.999999999999999));
#9287=CARTESIAN_POINT('',(-152.084925710423,62.3091114657817,5.4));
#9288=CARTESIAN_POINT('Origin',(-153.331170749428,59.5802154797181,5.4));
#9289=CARTESIAN_POINT('',(-152.084925710423,62.3091114657817,0.999999999999999));
#9290=CARTESIAN_POINT('Origin',(-148.241316841235,60.5537941104974,0.999999999999999));
#9291=CARTESIAN_POINT('',(-148.241316841235,60.5537941104974,0.999999999999999));
#9292=CARTESIAN_POINT('',(-77.3916859436635,28.1978518274614,0.999999999999999));
#9293=CARTESIAN_POINT('',(-148.241316841235,60.5537941104974,5.4));
#9294=CARTESIAN_POINT('',(-77.3916859436635,28.1978518274614,5.4));
#9295=CARTESIAN_POINT('',(-148.241316841235,60.5537941104974,0.999999999999999));
#9296=CARTESIAN_POINT('Origin',(-145.541119256723,66.4664020803017,0.999999999999999));
#9297=CARTESIAN_POINT('',(-142.840921672211,72.3790100501061,0.999999999999999));
#9298=CARTESIAN_POINT('Origin',(-145.541119256723,66.4664020803017,0.999999999999999));
#9299=CARTESIAN_POINT('',(-142.840921672211,72.3790100501061,5.4));
#9300=CARTESIAN_POINT('Origin',(-145.541119256723,66.4664020803017,5.4));
#9301=CARTESIAN_POINT('',(-142.840921672211,72.3790100501061,0.999999999999999));
#9302=CARTESIAN_POINT('Origin',(-146.684530541398,74.1343274053904,0.999999999999999));
#9303=CARTESIAN_POINT('',(-146.684530541398,74.1343274053904,0.999999999999999));
#9304=CARTESIAN_POINT('',(-70.0694863400452,39.145409089428,0.999999999999999));
#9305=CARTESIAN_POINT('',(-146.684530541398,74.1343274053904,5.4));
#9306=CARTESIAN_POINT('',(-70.0694863400452,39.145409089428,5.4));
#9307=CARTESIAN_POINT('',(-146.684530541398,74.1343274053904,0.999999999999999));
#9308=CARTESIAN_POINT('Origin',(-145.438285502393,76.863223391454,0.999999999999999));
#9309=CARTESIAN_POINT('',(-148.090655450764,78.2649843043681,0.999999999999999));
#9310=CARTESIAN_POINT('Origin',(-145.438285502393,76.863223391454,0.999999999999999));
#9311=CARTESIAN_POINT('',(-148.090655450764,78.2649843043681,5.4));
#9312=CARTESIAN_POINT('Origin',(-145.438285502393,76.863223391454,5.4));
#9313=CARTESIAN_POINT('',(-148.090655450764,78.2649843043681,0.999999999999999));
#9314=CARTESIAN_POINT('Origin',(0.,0.,0.999999999999999));
#9315=CARTESIAN_POINT('',(-145.904547563463,82.2685419847776,0.999999999999999));
#9316=CARTESIAN_POINT('Origin',(0.,0.,0.999999999999999));
#9317=CARTESIAN_POINT('',(-145.904547563463,82.2685419847776,5.4));
#9318=CARTESIAN_POINT('Origin',(0.,0.,5.4));
#9319=CARTESIAN_POINT('',(-145.904547563463,82.2685419847776,0.999999999999999));
#9320=CARTESIAN_POINT('Origin',(-143.291331786207,80.7950755611696,0.999999999999999));
#9321=CARTESIAN_POINT('',(-141.66940933384,83.3188361596632,0.999999999999999));
#9322=CARTESIAN_POINT('Origin',(-143.291331786207,80.7950755611696,0.999999999999999));
#9323=CARTESIAN_POINT('',(-141.66940933384,83.3188361596632,5.4));
#9324=CARTESIAN_POINT('Origin',(-143.291331786207,80.7950755611696,5.4));
#9325=CARTESIAN_POINT('',(-141.66940933384,83.3188361596632,0.999999999999999));
#9326=CARTESIAN_POINT('Origin',(-138.11473056645,81.0343828294929,0.999999999999999));
#9327=CARTESIAN_POINT('',(-138.11473056645,81.0343828294928,0.999999999999999));
#9328=CARTESIAN_POINT('',(-72.5909707470366,38.9248193162053,0.999999999999999));
#9329=CARTESIAN_POINT('',(-138.11473056645,81.0343828294928,5.4));
#9330=CARTESIAN_POINT('',(-72.5909707470366,38.9248193162053,5.4));
#9331=CARTESIAN_POINT('',(-138.11473056645,81.0343828294928,0.999999999999999));
#9332=CARTESIAN_POINT('Origin',(-134.600565252989,86.5025307928955,0.999999999999999));
#9333=CARTESIAN_POINT('',(-131.086399939528,91.9706787562982,0.999999999999999));
#9334=CARTESIAN_POINT('Origin',(-134.600565252989,86.5025307928955,0.999999999999999));
#9335=CARTESIAN_POINT('',(-131.086399939528,91.9706787562982,5.4));
#9336=CARTESIAN_POINT('Origin',(-134.600565252989,86.5025307928955,5.4));
#9337=CARTESIAN_POINT('',(-131.086399939528,91.9706787562982,0.999999999999999));
#9338=CARTESIAN_POINT('Origin',(-134.641078706918,94.2551320864685,0.999999999999999));
#9339=CARTESIAN_POINT('',(-134.641078706918,94.2551320864685,0.999999999999999));
#9340=CARTESIAN_POINT('',(-63.7853007364188,48.7188885779255,0.999999999999999));
#9341=CARTESIAN_POINT('',(-134.641078706918,94.2551320864685,5.4));
#9342=CARTESIAN_POINT('',(-63.7853007364188,48.7188885779255,5.4));
#9343=CARTESIAN_POINT('',(-134.641078706918,94.2551320864685,0.999999999999999));
#9344=CARTESIAN_POINT('Origin',(-133.019156254551,96.7788926849621,0.999999999999999));
#9345=CARTESIAN_POINT('',(-135.445037523631,98.5438572931985,0.999999999999999));
#9346=CARTESIAN_POINT('Origin',(-133.019156254551,96.7788926849621,0.999999999999999));
#9347=CARTESIAN_POINT('',(-135.445037523631,98.5438572931985,5.4));
#9348=CARTESIAN_POINT('Origin',(-133.019156254551,96.7788926849621,5.4));
#9349=CARTESIAN_POINT('',(-135.445037523631,98.5438572931985,0.999999999999999));
#9350=CARTESIAN_POINT('Origin',(0.,0.,0.999999999999999));
#9351=CARTESIAN_POINT('',(-132.71141539871,102.195548938646,0.999999999999999));
#9352=CARTESIAN_POINT('Origin',(0.,0.,0.999999999999999));
#9353=CARTESIAN_POINT('',(-132.71141539871,102.195548938646,5.4));
#9354=CARTESIAN_POINT('Origin',(0.,0.,5.4));
#9355=CARTESIAN_POINT('',(-132.71141539871,102.195548938646,0.999999999999999));
#9356=CARTESIAN_POINT('Origin',(-130.334494525897,100.365180897954,0.999999999999999));
#9357=CARTESIAN_POINT('',(-128.369912324061,102.632429621016,0.999999999999999));
#9358=CARTESIAN_POINT('Origin',(-130.334494525897,100.365180897954,0.999999999999999));
#9359=CARTESIAN_POINT('',(-128.369912324061,102.632429621016,5.4));
#9360=CARTESIAN_POINT('Origin',(-130.334494525897,100.365180897954,5.4));
#9361=CARTESIAN_POINT('',(-128.369912324061,102.632429621016,0.999999999999999));
#9362=CARTESIAN_POINT('Origin',(-125.176526667326,99.8653451979429,0.999999999999999));
#9363=CARTESIAN_POINT('',(-125.176526667326,99.8653451979429,0.999999999999999));
#9364=CARTESIAN_POINT('',(-66.3125288803823,48.8594007663525,0.999999999999999));
#9365=CARTESIAN_POINT('',(-125.176526667326,99.8653451979429,5.4));
#9366=CARTESIAN_POINT('',(-66.3125288803823,48.8594007663525,5.4));
#9367=CARTESIAN_POINT('',(-125.176526667326,99.8653451979429,0.999999999999999));
#9368=CARTESIAN_POINT('Origin',(-120.919931896681,104.777717431246,0.999999999999999));
#9369=CARTESIAN_POINT('',(-116.663337126037,109.690089664548,0.999999999999999));
#9370=CARTESIAN_POINT('Origin',(-120.919931896681,104.777717431246,0.999999999999999));
#9371=CARTESIAN_POINT('',(-116.663337126037,109.690089664548,5.4));
#9372=CARTESIAN_POINT('Origin',(-120.919931896681,104.777717431246,5.4));
#9373=CARTESIAN_POINT('',(-116.663337126037,109.690089664548,0.999999999999999));
#9374=CARTESIAN_POINT('Origin',(-119.856722782772,112.457174087622,0.999999999999999));
#9375=CARTESIAN_POINT('',(-119.856722782772,112.457174087622,0.999999999999999));
#9376=CARTESIAN_POINT('',(-56.2026465107259,57.3006030214211,0.999999999999999));
#9377=CARTESIAN_POINT('',(-119.856722782772,112.457174087622,5.4));
#9378=CARTESIAN_POINT('',(-56.2026465107259,57.3006030214211,5.4));
#9379=CARTESIAN_POINT('',(-119.856722782772,112.457174087622,0.999999999999999));
#9380=CARTESIAN_POINT('Origin',(-117.892140580936,114.724422810685,0.999999999999999));
#9381=CARTESIAN_POINT('',(-120.04214922375,116.816661524557,0.999999999999999));
#9382=CARTESIAN_POINT('Origin',(-117.892140580936,114.724422810685,0.999999999999999));
#9383=CARTESIAN_POINT('',(-120.04214922375,116.816661524557,5.4));
#9384=CARTESIAN_POINT('Origin',(-117.892140580936,114.724422810685,5.4));
#9385=CARTESIAN_POINT('',(-120.04214922375,116.816661524557,0.999999999999999));
#9386=CARTESIAN_POINT('Origin',(0.,0.,0.999999999999999));
#9387=CARTESIAN_POINT('',(-116.816661524557,120.04214922375,0.999999999999999));
#9388=CARTESIAN_POINT('Origin',(0.,0.,0.999999999999999));
#9389=CARTESIAN_POINT('',(-116.816661524557,120.04214922375,5.4));
#9390=CARTESIAN_POINT('Origin',(0.,0.,5.4));
#9391=CARTESIAN_POINT('',(-116.816661524557,120.04214922375,0.999999999999999));
#9392=CARTESIAN_POINT('Origin',(-114.724422810685,117.892140580936,0.999999999999999));
#9393=CARTESIAN_POINT('',(-112.457174087622,119.856722782772,0.999999999999999));
#9394=CARTESIAN_POINT('Origin',(-114.724422810685,117.892140580936,0.999999999999999));
#9395=CARTESIAN_POINT('',(-112.457174087622,119.856722782772,5.4));
#9396=CARTESIAN_POINT('Origin',(-114.724422810685,117.892140580936,5.4));
#9397=CARTESIAN_POINT('',(-112.457174087622,119.856722782772,0.999999999999999));
#9398=CARTESIAN_POINT('Origin',(-109.690089664548,116.663337126037,0.999999999999999));
#9399=CARTESIAN_POINT('',(-109.690089664548,116.663337126037,0.999999999999999));
#9400=CARTESIAN_POINT('',(-58.6841657396172,57.7993630050399,0.999999999999999));
#9401=CARTESIAN_POINT('',(-109.690089664548,116.663337126037,5.4));
#9402=CARTESIAN_POINT('',(-58.6841657396172,57.7993630050399,5.4));
#9403=CARTESIAN_POINT('',(-109.690089664548,116.663337126037,0.999999999999999));
#9404=CARTESIAN_POINT('Origin',(-104.777717431246,120.919931896681,0.999999999999999));
#9405=CARTESIAN_POINT('',(-99.8653451979429,125.176526667326,0.999999999999999));
#9406=CARTESIAN_POINT('Origin',(-104.777717431246,120.919931896681,0.999999999999999));
#9407=CARTESIAN_POINT('',(-99.8653451979429,125.176526667326,5.4));
#9408=CARTESIAN_POINT('Origin',(-104.777717431246,120.919931896681,5.4));
#9409=CARTESIAN_POINT('',(-99.8653451979429,125.176526667326,0.999999999999999));
#9410=CARTESIAN_POINT('Origin',(-102.632429621016,128.369912324061,0.999999999999999));
#9411=CARTESIAN_POINT('',(-102.632429621016,128.369912324061,0.999999999999999));
#9412=CARTESIAN_POINT('',(-47.475879061475,64.7158597179609,0.999999999999999));
#9413=CARTESIAN_POINT('',(-102.632429621016,128.369912324061,5.4));
#9414=CARTESIAN_POINT('',(-47.475879061475,64.7158597179609,5.4));
#9415=CARTESIAN_POINT('',(-102.632429621016,128.369912324061,0.999999999999999));
#9416=CARTESIAN_POINT('Origin',(-100.365180897954,130.334494525897,0.999999999999999));
#9417=CARTESIAN_POINT('',(-102.195548938646,132.71141539871,0.999999999999999));
#9418=CARTESIAN_POINT('Origin',(-100.365180897954,130.334494525897,0.999999999999999));
#9419=CARTESIAN_POINT('',(-102.195548938646,132.71141539871,5.4));
#9420=CARTESIAN_POINT('Origin',(-100.365180897954,130.334494525897,5.4));
#9421=CARTESIAN_POINT('',(-102.195548938646,132.71141539871,0.999999999999999));
#9422=CARTESIAN_POINT('Origin',(0.,0.,0.999999999999999));
#9423=CARTESIAN_POINT('',(-98.5438572931986,135.445037523631,0.999999999999999));
#9424=CARTESIAN_POINT('Origin',(0.,0.,0.999999999999999));
#9425=CARTESIAN_POINT('',(-98.5438572931986,135.445037523631,5.4));
#9426=CARTESIAN_POINT('Origin',(0.,0.,5.4));
#9427=CARTESIAN_POINT('',(-98.5438572931986,135.445037523631,0.999999999999999));
#9428=CARTESIAN_POINT('Origin',(-96.7788926849622,133.019156254551,0.999999999999999));
#9429=CARTESIAN_POINT('',(-94.2551320864686,134.641078706918,0.999999999999999));
#9430=CARTESIAN_POINT('Origin',(-96.7788926849622,133.019156254551,0.999999999999999));
#9431=CARTESIAN_POINT('',(-94.2551320864686,134.641078706918,5.4));
#9432=CARTESIAN_POINT('Origin',(-96.7788926849622,133.019156254551,5.4));
#9433=CARTESIAN_POINT('',(-94.2551320864686,134.641078706918,0.999999999999999));
#9434=CARTESIAN_POINT('Origin',(-91.9706787562983,131.086399939528,0.999999999999999));
#9435=CARTESIAN_POINT('',(-91.9706787562983,131.086399939528,0.999999999999999));
#9436=CARTESIAN_POINT('',(-49.8611656881136,65.5627186142259,0.999999999999999));
#9437=CARTESIAN_POINT('',(-91.9706787562983,131.086399939528,5.4));
#9438=CARTESIAN_POINT('',(-49.8611656881136,65.5627186142259,5.4));
#9439=CARTESIAN_POINT('',(-91.9706787562983,131.086399939528,0.999999999999999));
#9440=CARTESIAN_POINT('Origin',(-86.5025307928956,134.600565252989,0.999999999999999));
#9441=CARTESIAN_POINT('',(-81.0343828294929,138.11473056645,0.999999999999999));
#9442=CARTESIAN_POINT('Origin',(-86.5025307928956,134.600565252989,0.999999999999999));
#9443=CARTESIAN_POINT('',(-81.0343828294929,138.11473056645,5.4));
#9444=CARTESIAN_POINT('Origin',(-86.5025307928956,134.600565252989,5.4));
#9445=CARTESIAN_POINT('',(-81.0343828294929,138.11473056645,0.999999999999999));
#9446=CARTESIAN_POINT('Origin',(-83.3188361596633,141.66940933384,0.999999999999999));
#9447=CARTESIAN_POINT('',(-83.3188361596633,141.66940933384,0.999999999999999));
#9448=CARTESIAN_POINT('',(-37.7826430962231,70.8137098574537,0.999999999999999));
#9449=CARTESIAN_POINT('',(-83.3188361596633,141.66940933384,5.4));
#9450=CARTESIAN_POINT('',(-37.7826430962231,70.8137098574537,5.4));
#9451=CARTESIAN_POINT('',(-83.3188361596633,141.66940933384,0.999999999999999));
#9452=CARTESIAN_POINT('Origin',(-80.7950755611697,143.291331786207,0.999999999999999));
#9453=CARTESIAN_POINT('',(-82.2685419847777,145.904547563463,0.999999999999999));
#9454=CARTESIAN_POINT('Origin',(-80.7950755611697,143.291331786207,0.999999999999999));
#9455=CARTESIAN_POINT('',(-82.2685419847777,145.904547563463,5.4));
#9456=CARTESIAN_POINT('Origin',(-80.7950755611697,143.291331786207,5.4));
#9457=CARTESIAN_POINT('',(-82.2685419847777,145.904547563463,0.999999999999999));
#9458=CARTESIAN_POINT('Origin',(0.,0.,0.999999999999999));
#9459=CARTESIAN_POINT('',(-78.2649843043681,148.090655450764,0.999999999999999));
#9460=CARTESIAN_POINT('Origin',(0.,0.,0.999999999999999));
#9461=CARTESIAN_POINT('',(-78.2649843043681,148.090655450764,5.4));
#9462=CARTESIAN_POINT('Origin',(0.,0.,5.4));
#9463=CARTESIAN_POINT('',(-78.2649843043681,148.090655450764,0.999999999999999));
#9464=CARTESIAN_POINT('Origin',(-76.8632233914541,145.438285502392,0.999999999999999));
#9465=CARTESIAN_POINT('',(-74.1343274053905,146.684530541398,0.999999999999999));
#9466=CARTESIAN_POINT('Origin',(-76.8632233914541,145.438285502392,0.999999999999999));
#9467=CARTESIAN_POINT('',(-74.1343274053905,146.684530541398,5.4));
#9468=CARTESIAN_POINT('Origin',(-76.8632233914541,145.438285502392,5.4));
#9469=CARTESIAN_POINT('',(-74.1343274053905,146.684530541398,0.999999999999999));
#9470=CARTESIAN_POINT('Origin',(-72.3790100501062,142.840921672211,0.999999999999999));
#9471=CARTESIAN_POINT('',(-72.3790100501062,142.840921672211,0.999999999999999));
#9472=CARTESIAN_POINT('',(-40.02313149102,71.9914303106251,0.999999999999999));
#9473=CARTESIAN_POINT('',(-72.3790100501062,142.840921672211,5.4));
#9474=CARTESIAN_POINT('',(-40.02313149102,71.9914303106251,5.4));
#9475=CARTESIAN_POINT('',(-72.3790100501062,142.840921672211,0.999999999999999));
#9476=CARTESIAN_POINT('Origin',(-66.4664020803018,145.541119256723,0.999999999999999));
#9477=CARTESIAN_POINT('',(-60.5537941104975,148.241316841235,0.999999999999999));
#9478=CARTESIAN_POINT('Origin',(-66.4664020803018,145.541119256723,0.999999999999999));
#9479=CARTESIAN_POINT('',(-60.5537941104975,148.241316841235,5.4));
#9480=CARTESIAN_POINT('Origin',(-66.4664020803018,145.541119256723,5.4));
#9481=CARTESIAN_POINT('',(-60.5537941104975,148.241316841235,0.999999999999999));
#9482=CARTESIAN_POINT('Origin',(-62.3091114657818,152.084925710423,0.999999999999999));
#9483=CARTESIAN_POINT('',(-62.3091114657818,152.084925710423,0.999999999999999));
#9484=CARTESIAN_POINT('',(-27.3202568737691,75.4700210450559,0.999999999999999));
#9485=CARTESIAN_POINT('',(-62.3091114657818,152.084925710423,5.4));
#9486=CARTESIAN_POINT('',(-27.3202568737691,75.4700210450559,5.4));
#9487=CARTESIAN_POINT('',(-62.3091114657818,152.084925710423,0.999999999999999));
#9488=CARTESIAN_POINT('Origin',(-59.5802154797182,153.331170749428,0.999999999999999));
#9489=CARTESIAN_POINT('',(-60.6667847589836,156.127483893795,0.999999999999999));
#9490=CARTESIAN_POINT('Origin',(-59.5802154797182,153.331170749428,0.999999999999999));
#9491=CARTESIAN_POINT('',(-60.6667847589836,156.127483893795,5.4));
#9492=CARTESIAN_POINT('Origin',(-59.5802154797182,153.331170749428,5.4));
#9493=CARTESIAN_POINT('',(-60.6667847589836,156.127483893795,0.999999999999999));
#9494=CARTESIAN_POINT('Origin',(0.,0.,0.999999999999999));
#9495=CARTESIAN_POINT('',(-56.3928619326779,157.721574691105,0.999999999999999));
#9496=CARTESIAN_POINT('Origin',(0.,0.,0.999999999999999));
#9497=CARTESIAN_POINT('',(-56.3928619326779,157.721574691105,5.4));
#9498=CARTESIAN_POINT('Origin',(0.,0.,5.4));
#9499=CARTESIAN_POINT('',(-56.3928619326779,157.721574691105,0.999999999999999));
#9500=CARTESIAN_POINT('Origin',(-55.3828405249285,154.896710666787,0.999999999999999));
#9501=CARTESIAN_POINT('',(-52.504361604085,155.741908337311,0.999999999999999));
#9502=CARTESIAN_POINT('Origin',(-55.3828405249285,154.896710666787,0.999999999999999));
#9503=CARTESIAN_POINT('',(-52.504361604085,155.741908337311,5.4));
#9504=CARTESIAN_POINT('Origin',(-55.3828405249285,154.896710666787,5.4));
#9505=CARTESIAN_POINT('',(-52.504361604085,155.741908337311,0.999999999999999));
#9506=CARTESIAN_POINT('Origin',(-51.313913423123,151.68761415885,0.999999999999999));
#9507=CARTESIAN_POINT('',(-51.313913423123,151.68761415885,0.999999999999999));
#9508=CARTESIAN_POINT('',(-29.3703287748773,76.9546279468338,0.999999999999999));
#9509=CARTESIAN_POINT('',(-51.313913423123,151.68761415885,5.4));
#9510=CARTESIAN_POINT('',(-29.3703287748773,76.9546279468338,5.4));
#9511=CARTESIAN_POINT('',(-51.313913423123,151.68761415885,0.999999999999999));
#9512=CARTESIAN_POINT('Origin',(-45.0772090946288,153.51887577832,0.999999999999999));
#9513=CARTESIAN_POINT('',(-38.8405047661345,155.350137397789,0.999999999999999));
#9514=CARTESIAN_POINT('Origin',(-45.0772090946288,153.51887577832,0.999999999999999));
#9515=CARTESIAN_POINT('',(-38.8405047661345,155.350137397789,5.4));
#9516=CARTESIAN_POINT('Origin',(-45.0772090946288,153.51887577832,5.4));
#9517=CARTESIAN_POINT('',(-38.8405047661345,155.350137397789,0.999999999999999));
#9518=CARTESIAN_POINT('Origin',(-40.0309529470965,159.40443157625,0.999999999999999));
#9519=CARTESIAN_POINT('',(-40.0309529470965,159.40443157625,0.999999999999999));
#9520=CARTESIAN_POINT('',(-16.3016960274078,78.5900040965418,0.999999999999999));
#9521=CARTESIAN_POINT('',(-40.0309529470965,159.40443157625,5.4));
#9522=CARTESIAN_POINT('',(-16.3016960274078,78.5900040965418,5.4));
#9523=CARTESIAN_POINT('',(-40.0309529470965,159.40443157625,0.999999999999999));
#9524=CARTESIAN_POINT('Origin',(-37.152474026253,160.249629246774,0.999999999999999));
#9525=CARTESIAN_POINT('',(-37.830026744057,163.172114886533,0.999999999999999));
#9526=CARTESIAN_POINT('Origin',(-37.152474026253,160.249629246774,0.999999999999999));
#9527=CARTESIAN_POINT('',(-37.830026744057,163.172114886533,5.4));
#9528=CARTESIAN_POINT('Origin',(-37.152474026253,160.249629246774,5.4));
#9529=CARTESIAN_POINT('',(-37.830026744057,163.172114886533,0.999999999999999));
#9530=CARTESIAN_POINT('Origin',(0.,0.,0.999999999999999));
#9531=CARTESIAN_POINT('',(-33.3727435156231,164.141737502198,0.999999999999999));
#9532=CARTESIAN_POINT('Origin',(0.,0.,0.999999999999999));
#9533=CARTESIAN_POINT('',(-33.3727435156231,164.141737502198,5.4));
#9534=CARTESIAN_POINT('Origin',(0.,0.,5.4));
#9535=CARTESIAN_POINT('',(-33.3727435156231,164.141737502198,0.999999999999999));
#9536=CARTESIAN_POINT('Origin',(-32.7750227362388,161.201885487233,0.999999999999999));
#9537=CARTESIAN_POINT('',(-29.805558410596,161.628830002053,0.999999999999999));
#9538=CARTESIAN_POINT('Origin',(-32.7750227362388,161.201885487233,0.999999999999999));
#9539=CARTESIAN_POINT('',(-29.805558410596,161.628830002053,5.4));
#9540=CARTESIAN_POINT('Origin',(-32.7750227362388,161.201885487233,5.4));
#9541=CARTESIAN_POINT('',(-29.805558410596,161.628830002053,0.999999999999999));
#9542=CARTESIAN_POINT('Origin',(-29.2042134959517,157.446384252173,0.999999999999999));
#9543=CARTESIAN_POINT('',(-29.2042134959517,157.446384252173,0.999999999999999));
#9544=CARTESIAN_POINT('',(-18.119609875811,80.3512726595409,0.999999999999999));
#9545=CARTESIAN_POINT('',(-29.2042134959517,157.446384252173,5.4));
#9546=CARTESIAN_POINT('',(-18.119609875811,80.3512726595409,5.4));
#9547=CARTESIAN_POINT('',(-29.2042134959517,157.446384252173,0.999999999999999));
#9548=CARTESIAN_POINT('Origin',(-22.7703741237257,158.371430700949,0.999999999999999));
#9549=CARTESIAN_POINT('',(-16.3365347514996,159.296477149726,0.999999999999999));
#9550=CARTESIAN_POINT('Origin',(-22.7703741237257,158.371430700949,0.999999999999999));
#9551=CARTESIAN_POINT('',(-16.3365347514996,159.296477149726,5.4));
#9552=CARTESIAN_POINT('Origin',(-22.7703741237257,158.371430700949,5.4));
#9553=CARTESIAN_POINT('',(-16.3365347514996,159.296477149726,0.999999999999999));
#9554=CARTESIAN_POINT('Origin',(-16.9378796661439,163.478922899606,0.999999999999999));
#9555=CARTESIAN_POINT('',(-16.9378796661439,163.478922899606,0.999999999999999));
#9556=CARTESIAN_POINT('',(-4.95125867403672,80.1101426821535,0.999999999999999));
#9557=CARTESIAN_POINT('',(-16.9378796661439,163.478922899606,5.4));
#9558=CARTESIAN_POINT('',(-4.95125867403672,80.1101426821535,5.4));
#9559=CARTESIAN_POINT('',(-16.9378796661439,163.478922899606,0.999999999999999));
#9560=CARTESIAN_POINT('Origin',(-13.9684153405011,163.905867414426,0.999999999999999));
#9561=CARTESIAN_POINT('',(-14.2231584774099,166.895032169704,0.999999999999999));
#9562=CARTESIAN_POINT('Origin',(-13.9684153405011,163.905867414426,0.999999999999999));
#9563=CARTESIAN_POINT('',(-14.2231584774099,166.895032169704,5.4));
#9564=CARTESIAN_POINT('Origin',(-13.9684153405011,163.905867414426,5.4));
#9565=CARTESIAN_POINT('',(-14.2231584774099,166.895032169704,0.999999999999999));
#9566=CARTESIAN_POINT('Origin',(0.,0.,0.999999999999999));
#9567=CARTESIAN_POINT('',(-9.67325227963528,167.220447883429,0.999999999999999));
#9568=CARTESIAN_POINT('Origin',(0.,0.,0.999999999999999));
#9569=CARTESIAN_POINT('',(-9.67325227963528,167.220447883429,5.4));
#9570=CARTESIAN_POINT('Origin',(0.,0.,5.4));
#9571=CARTESIAN_POINT('',(-9.67325227963528,167.220447883429,0.999999999999999));
#9572=CARTESIAN_POINT('Origin',(-9.50000000000002,164.225454787009,0.999999999999999));
#9573=CARTESIAN_POINT('',(-6.50000000000002,164.225454787009,0.999999999999999));
#9574=CARTESIAN_POINT('Origin',(-9.50000000000002,164.225454787009,0.999999999999999));
#9575=CARTESIAN_POINT('',(-6.50000000000002,164.225454787009,5.4));
#9576=CARTESIAN_POINT('Origin',(-9.50000000000002,164.225454787009,5.4));
#9577=CARTESIAN_POINT('',(-6.50000000000002,164.225454787009,0.999999999999999));
#9578=CARTESIAN_POINT('Origin',(-6.50000000000002,160.,0.999999999999999));
#9579=CARTESIAN_POINT('',(-6.50000000000002,160.,0.999999999999999));
#9580=CARTESIAN_POINT('',(-6.50000000000001,83.686403076347,0.999999999999999));
#9581=CARTESIAN_POINT('',(-6.50000000000002,160.,5.4));
#9582=CARTESIAN_POINT('',(-6.50000000000001,83.686403076347,5.4));
#9583=CARTESIAN_POINT('',(-6.50000000000002,160.,0.999999999999999));
#9584=CARTESIAN_POINT('Origin',(-1.9046423588647E-14,160.,0.999999999999999));
#9585=CARTESIAN_POINT('',(6.49999999999998,160.,0.999999999999999));
#9586=CARTESIAN_POINT('Origin',(-1.9046423588647E-14,160.,0.999999999999999));
#9587=CARTESIAN_POINT('',(6.49999999999999,160.,5.4));
#9588=CARTESIAN_POINT('Origin',(-1.9046423588647E-14,160.,5.4));
#9589=CARTESIAN_POINT('',(6.49999999999998,160.,0.999999999999999));
#9590=CARTESIAN_POINT('Origin',(6.49999999999998,164.225454787009,0.999999999999999));
#9591=CARTESIAN_POINT('',(6.49999999999998,164.225454787009,0.999999999999999));
#9592=CARTESIAN_POINT('',(6.5,79.9994865361852,0.999999999999999));
#9593=CARTESIAN_POINT('',(6.49999999999999,164.225454787009,5.4));
#9594=CARTESIAN_POINT('',(6.5,79.9994865361852,5.4));
#9595=CARTESIAN_POINT('',(6.49999999999998,164.225454787009,0.999999999999999));
#9596=CARTESIAN_POINT('Origin',(9.5,164.225454787009,0.999999999999999));
#9597=CARTESIAN_POINT('',(9.67325227963526,167.220447883429,0.999999999999999));
#9598=CARTESIAN_POINT('Origin',(9.5,164.225454787009,0.999999999999999));
#9599=CARTESIAN_POINT('',(9.67325227963526,167.220447883429,5.4));
#9600=CARTESIAN_POINT('Origin',(9.5,164.225454787009,5.4));
#9601=CARTESIAN_POINT('',(9.67325227963526,167.220447883429,0.999999999999999));
#9602=CARTESIAN_POINT('Origin',(0.,0.,0.999999999999999));
#9603=CARTESIAN_POINT('',(14.2231584774099,166.895032169704,0.999999999999999));
#9604=CARTESIAN_POINT('Origin',(0.,0.,0.999999999999999));
#9605=CARTESIAN_POINT('',(14.2231584774099,166.895032169704,5.4));
#9606=CARTESIAN_POINT('Origin',(0.,0.,5.4));
#9607=CARTESIAN_POINT('',(14.2231584774099,166.895032169704,0.999999999999999));
#9608=CARTESIAN_POINT('Origin',(13.968415340501,163.905867414426,0.999999999999999));
#9609=CARTESIAN_POINT('',(16.9378796661438,163.478922899606,0.999999999999999));
#9610=CARTESIAN_POINT('Origin',(13.968415340501,163.905867414426,0.999999999999999));
#9611=CARTESIAN_POINT('',(16.9378796661438,163.478922899606,5.4));
#9612=CARTESIAN_POINT('Origin',(13.968415340501,163.905867414426,5.4));
#9613=CARTESIAN_POINT('',(16.9378796661438,163.478922899606,0.999999999999999));
#9614=CARTESIAN_POINT('Origin',(16.3365347514995,159.296477149726,0.999999999999999));
#9615=CARTESIAN_POINT('',(16.3365347514995,159.296477149726,0.999999999999999));
#9616=CARTESIAN_POINT('',(5.25196450308553,82.2015976625513,0.999999999999999));
#9617=CARTESIAN_POINT('',(16.3365347514995,159.296477149726,5.4));
#9618=CARTESIAN_POINT('',(5.25196450308553,82.2015976625513,5.4));
#9619=CARTESIAN_POINT('',(16.3365347514995,159.296477149726,0.999999999999999));
#9620=CARTESIAN_POINT('Origin',(22.7703741237256,158.371430700949,0.999999999999999));
#9621=CARTESIAN_POINT('',(29.2042134959517,157.446384252173,0.999999999999999));
#9622=CARTESIAN_POINT('Origin',(22.7703741237256,158.371430700949,0.999999999999999));
#9623=CARTESIAN_POINT('',(29.2042134959517,157.446384252173,5.4));
#9624=CARTESIAN_POINT('Origin',(22.7703741237256,158.371430700949,5.4));
#9625=CARTESIAN_POINT('',(29.2042134959517,157.446384252173,0.999999999999999));
#9626=CARTESIAN_POINT('Origin',(29.805558410596,161.628830002053,0.999999999999999));
#9627=CARTESIAN_POINT('',(29.805558410596,161.628830002053,0.999999999999999));
#9628=CARTESIAN_POINT('',(17.8189707902155,78.2602818900585,0.999999999999999));
#9629=CARTESIAN_POINT('',(29.805558410596,161.628830002053,5.4));
#9630=CARTESIAN_POINT('',(17.8189707902155,78.2602818900585,5.4));
#9631=CARTESIAN_POINT('',(29.805558410596,161.628830002053,0.999999999999999));
#9632=CARTESIAN_POINT('Origin',(32.7750227362388,161.201885487233,0.999999999999999));
#9633=CARTESIAN_POINT('',(33.3727435156231,164.141737502198,0.999999999999999));
#9634=CARTESIAN_POINT('Origin',(32.7750227362388,161.201885487233,0.999999999999999));
#9635=CARTESIAN_POINT('',(33.3727435156231,164.141737502198,5.4));
#9636=CARTESIAN_POINT('Origin',(32.7750227362388,161.201885487233,5.4));
#9637=CARTESIAN_POINT('',(33.3727435156231,164.141737502198,0.999999999999999));
#9638=CARTESIAN_POINT('Origin',(0.,0.,0.999999999999999));
#9639=CARTESIAN_POINT('',(37.830026744057,163.172114886533,0.999999999999999));
#9640=CARTESIAN_POINT('Origin',(0.,0.,0.999999999999999));
#9641=CARTESIAN_POINT('',(37.830026744057,163.172114886533,5.4));
#9642=CARTESIAN_POINT('Origin',(0.,0.,5.4));
#9643=CARTESIAN_POINT('',(37.830026744057,163.172114886533,0.999999999999999));
#9644=CARTESIAN_POINT('Origin',(37.152474026253,160.249629246774,0.999999999999999));
#9645=CARTESIAN_POINT('',(40.0309529470965,159.40443157625,0.999999999999999));
#9646=CARTESIAN_POINT('Origin',(37.152474026253,160.249629246774,0.999999999999999));
#9647=CARTESIAN_POINT('',(40.0309529470965,159.40443157625,5.4));
#9648=CARTESIAN_POINT('Origin',(37.152474026253,160.249629246774,5.4));
#9649=CARTESIAN_POINT('',(40.0309529470965,159.40443157625,0.999999999999999));
#9650=CARTESIAN_POINT('Origin',(38.8405047661345,155.350137397789,0.999999999999999));
#9651=CARTESIAN_POINT('',(38.8405047661345,155.350137397789,0.999999999999999));
#9652=CARTESIAN_POINT('',(16.8970509012168,80.617596592884,0.999999999999999));
#9653=CARTESIAN_POINT('',(38.8405047661345,155.350137397789,5.4));
#9654=CARTESIAN_POINT('',(16.8970509012168,80.617596592884,5.4));
#9655=CARTESIAN_POINT('',(38.8405047661345,155.350137397789,0.999999999999999));
#9656=CARTESIAN_POINT('Origin',(45.0772090946287,153.51887577832,0.999999999999999));
#9657=CARTESIAN_POINT('',(51.313913423123,151.68761415885,0.999999999999999));
#9658=CARTESIAN_POINT('Origin',(45.0772090946287,153.51887577832,0.999999999999999));
#9659=CARTESIAN_POINT('',(51.313913423123,151.68761415885,5.4));
#9660=CARTESIAN_POINT('Origin',(45.0772090946287,153.51887577832,5.4));
#9661=CARTESIAN_POINT('',(51.313913423123,151.68761415885,0.999999999999999));
#9662=CARTESIAN_POINT('Origin',(52.5043616040849,155.741908337311,0.999999999999999));
#9663=CARTESIAN_POINT('',(52.5043616040849,155.741908337311,0.999999999999999));
#9664=CARTESIAN_POINT('',(28.7752354677244,74.9279262647148,0.999999999999999));
#9665=CARTESIAN_POINT('',(52.5043616040849,155.741908337311,5.4));
#9666=CARTESIAN_POINT('',(28.7752354677244,74.9279262647148,5.4));
#9667=CARTESIAN_POINT('',(52.5043616040849,155.741908337311,0.999999999999999));
#9668=CARTESIAN_POINT('Origin',(55.3828405249284,154.896710666787,0.999999999999999));
#9669=CARTESIAN_POINT('',(56.3928619326779,157.721574691105,0.999999999999999));
#9670=CARTESIAN_POINT('Origin',(55.3828405249284,154.896710666787,0.999999999999999));
#9671=CARTESIAN_POINT('',(56.3928619326779,157.721574691105,5.4));
#9672=CARTESIAN_POINT('Origin',(55.3828405249284,154.896710666787,5.4));
#9673=CARTESIAN_POINT('',(56.3928619326779,157.721574691105,0.999999999999999));
#9674=CARTESIAN_POINT('Origin',(0.,0.,0.999999999999999));
#9675=CARTESIAN_POINT('',(60.6667847589836,156.127483893795,0.999999999999999));
#9676=CARTESIAN_POINT('Origin',(0.,0.,0.999999999999999));
#9677=CARTESIAN_POINT('',(60.6667847589836,156.127483893795,5.4));
#9678=CARTESIAN_POINT('Origin',(0.,0.,5.4));
#9679=CARTESIAN_POINT('',(60.6667847589836,156.127483893795,0.999999999999999));
#9680=CARTESIAN_POINT('Origin',(59.5802154797182,153.331170749428,0.999999999999999));
#9681=CARTESIAN_POINT('',(62.3091114657817,152.084925710423,0.999999999999999));
#9682=CARTESIAN_POINT('Origin',(59.5802154797182,153.331170749428,0.999999999999999));
#9683=CARTESIAN_POINT('',(62.3091114657817,152.084925710423,5.4));
#9684=CARTESIAN_POINT('Origin',(59.5802154797182,153.331170749428,5.4));
#9685=CARTESIAN_POINT('',(62.3091114657817,152.084925710423,0.999999999999999));
#9686=CARTESIAN_POINT('Origin',(60.5537941104974,148.241316841235,0.999999999999999));
#9687=CARTESIAN_POINT('',(60.5537941104974,148.241316841235,0.999999999999999));
#9688=CARTESIAN_POINT('',(28.1981998945067,77.3924481041799,0.999999999999999));
#9689=CARTESIAN_POINT('',(60.5537941104974,148.241316841235,5.4));
#9690=CARTESIAN_POINT('',(28.1981998945067,77.3924481041799,5.4));
#9691=CARTESIAN_POINT('',(60.5537941104974,148.241316841235,0.999999999999999));
#9692=CARTESIAN_POINT('Origin',(66.4664020803018,145.541119256723,0.999999999999999));
#9693=CARTESIAN_POINT('',(72.3790100501062,142.840921672211,0.999999999999999));
#9694=CARTESIAN_POINT('Origin',(66.4664020803018,145.541119256723,0.999999999999999));
#9695=CARTESIAN_POINT('',(72.3790100501062,142.840921672211,5.4));
#9696=CARTESIAN_POINT('Origin',(66.4664020803018,145.541119256723,5.4));
#9697=CARTESIAN_POINT('',(72.3790100501062,142.840921672211,0.999999999999999));
#9698=CARTESIAN_POINT('Origin',(74.1343274053905,146.684530541398,0.999999999999999));
#9699=CARTESIAN_POINT('',(74.1343274053905,146.684530541398,0.999999999999999));
#9700=CARTESIAN_POINT('',(39.1457571564733,70.0702485005616,0.999999999999999));
#9701=CARTESIAN_POINT('',(74.1343274053905,146.684530541398,5.4));
#9702=CARTESIAN_POINT('',(39.1457571564733,70.0702485005616,5.4));
#9703=CARTESIAN_POINT('',(74.1343274053905,146.684530541398,0.999999999999999));
#9704=CARTESIAN_POINT('Origin',(76.8632233914541,145.438285502393,0.999999999999999));
#9705=CARTESIAN_POINT('',(78.2649843043681,148.090655450764,0.999999999999999));
#9706=CARTESIAN_POINT('Origin',(76.8632233914541,145.438285502393,0.999999999999999));
#9707=CARTESIAN_POINT('',(78.2649843043681,148.090655450764,5.4));
#9708=CARTESIAN_POINT('Origin',(76.8632233914541,145.438285502393,5.4));
#9709=CARTESIAN_POINT('',(78.2649843043681,148.090655450764,0.999999999999999));
#9710=CARTESIAN_POINT('Origin',(0.,0.,0.999999999999999));
#9711=CARTESIAN_POINT('',(82.2685419847776,145.904547563463,0.999999999999999));
#9712=CARTESIAN_POINT('Origin',(0.,0.,0.999999999999999));
#9713=CARTESIAN_POINT('',(82.2685419847776,145.904547563463,5.4));
#9714=CARTESIAN_POINT('Origin',(0.,0.,5.4));
#9715=CARTESIAN_POINT('',(82.2685419847776,145.904547563463,0.999999999999999));
#9716=CARTESIAN_POINT('Origin',(80.7950755611697,143.291331786207,0.999999999999999));
#9717=CARTESIAN_POINT('',(83.3188361596632,141.66940933384,0.999999999999999));
#9718=CARTESIAN_POINT('Origin',(80.7950755611697,143.291331786207,0.999999999999999));
#9719=CARTESIAN_POINT('',(83.3188361596632,141.66940933384,5.4));
#9720=CARTESIAN_POINT('Origin',(80.7950755611697,143.291331786207,5.4));
#9721=CARTESIAN_POINT('',(83.3188361596632,141.66940933384,0.999999999999999));
#9722=CARTESIAN_POINT('Origin',(81.0343828294929,138.11473056645,0.999999999999999));
#9723=CARTESIAN_POINT('',(81.0343828294929,138.11473056645,0.999999999999999));
#9724=CARTESIAN_POINT('',(38.925351371838,72.591798641761,0.999999999999999));
#9725=CARTESIAN_POINT('',(81.0343828294929,138.11473056645,5.4));
#9726=CARTESIAN_POINT('',(38.925351371838,72.591798641761,5.4));
#9727=CARTESIAN_POINT('',(81.0343828294929,138.11473056645,0.999999999999999));
#9728=CARTESIAN_POINT('Origin',(86.5025307928956,134.600565252989,0.999999999999999));
#9729=CARTESIAN_POINT('',(91.9706787562983,131.086399939528,0.999999999999999));
#9730=CARTESIAN_POINT('Origin',(86.5025307928956,134.600565252989,0.999999999999999));
#9731=CARTESIAN_POINT('',(91.9706787562982,131.086399939528,5.4));
#9732=CARTESIAN_POINT('Origin',(86.5025307928956,134.600565252989,5.4));
#9733=CARTESIAN_POINT('',(91.9706787562983,131.086399939528,0.999999999999999));
#9734=CARTESIAN_POINT('Origin',(94.2551320864686,134.641078706918,0.999999999999999));
#9735=CARTESIAN_POINT('',(94.2551320864686,134.641078706918,0.999999999999999));
#9736=CARTESIAN_POINT('',(48.7194206335582,63.7861286311432,0.999999999999999));
#9737=CARTESIAN_POINT('',(94.2551320864686,134.641078706918,5.4));
#9738=CARTESIAN_POINT('',(48.7194206335582,63.7861286311432,5.4));
#9739=CARTESIAN_POINT('',(94.2551320864686,134.641078706918,0.999999999999999));
#9740=CARTESIAN_POINT('Origin',(96.7788926849621,133.019156254551,0.999999999999999));
#9741=CARTESIAN_POINT('',(98.5438572931985,135.445037523631,0.999999999999999));
#9742=CARTESIAN_POINT('Origin',(96.7788926849621,133.019156254551,0.999999999999999));
#9743=CARTESIAN_POINT('',(98.5438572931986,135.445037523631,5.4));
#9744=CARTESIAN_POINT('Origin',(96.7788926849621,133.019156254551,5.4));
#9745=CARTESIAN_POINT('',(98.5438572931985,135.445037523631,0.999999999999999));
#9746=CARTESIAN_POINT('Origin',(0.,0.,0.999999999999999));
#9747=CARTESIAN_POINT('',(102.195548938646,132.71141539871,0.999999999999999));
#9748=CARTESIAN_POINT('Origin',(0.,0.,0.999999999999999));
#9749=CARTESIAN_POINT('',(102.195548938646,132.71141539871,5.4));
#9750=CARTESIAN_POINT('Origin',(0.,0.,5.4));
#9751=CARTESIAN_POINT('',(102.195548938646,132.71141539871,0.999999999999999));
#9752=CARTESIAN_POINT('Origin',(100.365180897954,130.334494525897,0.999999999999999));
#9753=CARTESIAN_POINT('',(102.632429621016,128.369912324061,0.999999999999999));
#9754=CARTESIAN_POINT('Origin',(100.365180897954,130.334494525897,0.999999999999999));
#9755=CARTESIAN_POINT('',(102.632429621016,128.369912324061,5.4));
#9756=CARTESIAN_POINT('Origin',(100.365180897954,130.334494525897,5.4));
#9757=CARTESIAN_POINT('',(102.632429621016,128.369912324061,0.999999999999999));
#9758=CARTESIAN_POINT('Origin',(99.8653451979429,125.176526667326,0.999999999999999));
#9759=CARTESIAN_POINT('',(99.8653451979429,125.176526667326,0.999999999999999));
#9760=CARTESIAN_POINT('',(48.8601278772084,66.3133680110423,0.999999999999999));
#9761=CARTESIAN_POINT('',(99.8653451979429,125.176526667326,5.4));
#9762=CARTESIAN_POINT('',(48.8601278772084,66.3133680110423,5.4));
#9763=CARTESIAN_POINT('',(99.8653451979429,125.176526667326,0.999999999999999));
#9764=CARTESIAN_POINT('Origin',(104.777717431246,120.919931896681,0.999999999999999));
#9765=CARTESIAN_POINT('',(109.690089664548,116.663337126037,0.999999999999999));
#9766=CARTESIAN_POINT('Origin',(104.777717431246,120.919931896681,0.999999999999999));
#9767=CARTESIAN_POINT('',(109.690089664548,116.663337126037,5.4));
#9768=CARTESIAN_POINT('Origin',(104.777717431246,120.919931896681,5.4));
#9769=CARTESIAN_POINT('',(109.690089664548,116.663337126037,0.999999999999999));
#9770=CARTESIAN_POINT('Origin',(112.457174087622,119.856722782772,0.999999999999999));
#9771=CARTESIAN_POINT('',(112.457174087622,119.856722782772,0.999999999999999));
#9772=CARTESIAN_POINT('',(57.301330132277,56.2034856413859,0.999999999999999));
#9773=CARTESIAN_POINT('',(112.457174087622,119.856722782772,5.4));
#9774=CARTESIAN_POINT('',(57.301330132277,56.2034856413859,5.4));
#9775=CARTESIAN_POINT('',(112.457174087622,119.856722782772,0.999999999999999));
#9776=CARTESIAN_POINT('Origin',(114.724422810685,117.892140580936,0.999999999999999));
#9777=CARTESIAN_POINT('',(116.816661524557,120.04214922375,0.999999999999999));
#9778=CARTESIAN_POINT('Origin',(114.724422810685,117.892140580936,0.999999999999999));
#9779=CARTESIAN_POINT('',(116.816661524557,120.04214922375,5.4));
#9780=CARTESIAN_POINT('Origin',(114.724422810685,117.892140580936,5.4));
#9781=CARTESIAN_POINT('',(116.816661524557,120.04214922375,0.999999999999999));
#9782=CARTESIAN_POINT('Origin',(0.,0.,0.999999999999999));
#9783=CARTESIAN_POINT('',(120.04214922375,116.816661524557,0.999999999999999));
#9784=CARTESIAN_POINT('Origin',(0.,0.,0.999999999999999));
#9785=CARTESIAN_POINT('',(120.04214922375,116.816661524557,5.4));
#9786=CARTESIAN_POINT('Origin',(0.,0.,5.4));
#9787=CARTESIAN_POINT('',(120.04214922375,116.816661524557,0.999999999999999));
#9788=CARTESIAN_POINT('Origin',(117.892140580936,114.724422810685,0.999999999999999));
#9789=CARTESIAN_POINT('',(119.856722782772,112.457174087622,0.999999999999999));
#9790=CARTESIAN_POINT('Origin',(117.892140580936,114.724422810685,0.999999999999999));
#9791=CARTESIAN_POINT('',(119.856722782772,112.457174087622,5.4));
#9792=CARTESIAN_POINT('Origin',(117.892140580936,114.724422810685,5.4));
#9793=CARTESIAN_POINT('',(119.856722782772,112.457174087622,0.999999999999999));
#9794=CARTESIAN_POINT('Origin',(116.663337126037,109.690089664548,0.999999999999999));
#9795=CARTESIAN_POINT('',(116.663337126037,109.690089664548,0.999999999999999));
#9796=CARTESIAN_POINT('',(57.8002804355409,58.6849606976716,0.999999999999999));
#9797=CARTESIAN_POINT('',(116.663337126037,109.690089664548,5.4));
#9798=CARTESIAN_POINT('',(57.8002804355409,58.6849606976716,5.4));
#9799=CARTESIAN_POINT('',(116.663337126037,109.690089664548,0.999999999999999));
#9800=CARTESIAN_POINT('Origin',(120.919931896681,104.777717431246,0.999999999999999));
#9801=CARTESIAN_POINT('',(125.176526667326,99.8653451979429,0.999999999999999));
#9802=CARTESIAN_POINT('Origin',(120.919931896681,104.777717431246,0.999999999999999));
#9803=CARTESIAN_POINT('',(125.176526667326,99.8653451979429,5.4));
#9804=CARTESIAN_POINT('Origin',(120.919931896681,104.777717431246,5.4));
#9805=CARTESIAN_POINT('',(125.176526667326,99.8653451979429,0.999999999999999));
#9806=CARTESIAN_POINT('Origin',(128.369912324061,102.632429621016,0.999999999999999));
#9807=CARTESIAN_POINT('',(128.369912324061,102.632429621016,0.999999999999999));
#9808=CARTESIAN_POINT('',(64.7167771484619,47.4766740195294,0.999999999999999));
#9809=CARTESIAN_POINT('',(128.369912324061,102.632429621016,5.4));
#9810=CARTESIAN_POINT('',(64.7167771484619,47.4766740195294,5.4));
#9811=CARTESIAN_POINT('',(128.369912324061,102.632429621016,0.999999999999999));
#9812=CARTESIAN_POINT('Origin',(130.334494525897,100.365180897954,0.999999999999999));
#9813=CARTESIAN_POINT('',(132.71141539871,102.195548938646,0.999999999999999));
#9814=CARTESIAN_POINT('Origin',(130.334494525897,100.365180897954,0.999999999999999));
#9815=CARTESIAN_POINT('',(132.71141539871,102.195548938646,5.4));
#9816=CARTESIAN_POINT('Origin',(130.334494525897,100.365180897954,5.4));
#9817=CARTESIAN_POINT('',(132.71141539871,102.195548938646,0.999999999999999));
#9818=CARTESIAN_POINT('Origin',(0.,0.,0.999999999999999));
#9819=CARTESIAN_POINT('',(135.445037523631,98.5438572931986,0.999999999999999));
#9820=CARTESIAN_POINT('Origin',(0.,0.,0.999999999999999));
#9821=CARTESIAN_POINT('',(135.445037523631,98.5438572931986,5.4));
#9822=CARTESIAN_POINT('Origin',(0.,0.,5.4));
#9823=CARTESIAN_POINT('',(135.445037523631,98.5438572931986,0.999999999999999));
#9824=CARTESIAN_POINT('Origin',(133.019156254551,96.7788926849622,0.999999999999999));
#9825=CARTESIAN_POINT('',(134.641078706917,94.2551320864686,0.999999999999999));
#9826=CARTESIAN_POINT('Origin',(133.019156254551,96.7788926849622,0.999999999999999));
#9827=CARTESIAN_POINT('',(134.641078706917,94.2551320864686,5.4));
#9828=CARTESIAN_POINT('Origin',(133.019156254551,96.7788926849622,5.4));
#9829=CARTESIAN_POINT('',(134.641078706917,94.2551320864686,0.999999999999999));
#9830=CARTESIAN_POINT('Origin',(131.086399939528,91.9706787562983,0.999999999999999));
#9831=CARTESIAN_POINT('',(131.086399939528,91.9706787562983,0.999999999999999));
#9832=CARTESIAN_POINT('',(65.563806210228,49.8618646436231,0.999999999999999));
#9833=CARTESIAN_POINT('',(131.086399939528,91.9706787562983,5.4));
#9834=CARTESIAN_POINT('',(65.563806210228,49.8618646436231,5.4));
#9835=CARTESIAN_POINT('',(131.086399939528,91.9706787562983,0.999999999999999));
#9836=CARTESIAN_POINT('Origin',(134.600565252989,86.5025307928956,0.999999999999999));
#9837=CARTESIAN_POINT('',(138.11473056645,81.034382829493,0.999999999999999));
#9838=CARTESIAN_POINT('Origin',(134.600565252989,86.5025307928956,0.999999999999999));
#9839=CARTESIAN_POINT('',(138.11473056645,81.034382829493,5.4));
#9840=CARTESIAN_POINT('Origin',(134.600565252989,86.5025307928956,5.4));
#9841=CARTESIAN_POINT('',(138.11473056645,81.034382829493,0.999999999999999));
#9842=CARTESIAN_POINT('Origin',(141.66940933384,83.3188361596633,0.999999999999999));
#9843=CARTESIAN_POINT('',(141.66940933384,83.3188361596633,0.999999999999999));
#9844=CARTESIAN_POINT('',(70.8147974534558,37.7833420517325,0.999999999999999));
#9845=CARTESIAN_POINT('',(141.66940933384,83.3188361596633,5.4));
#9846=CARTESIAN_POINT('',(70.8147974534558,37.7833420517325,5.4));
#9847=CARTESIAN_POINT('',(141.66940933384,83.3188361596633,0.999999999999999));
#9848=CARTESIAN_POINT('Origin',(143.291331786207,80.7950755611697,0.999999999999999));
#9849=CARTESIAN_POINT('',(145.904547563463,82.2685419847777,0.999999999999999));
#9850=CARTESIAN_POINT('Origin',(143.291331786207,80.7950755611697,0.999999999999999));
#9851=CARTESIAN_POINT('',(145.904547563463,82.2685419847777,5.4));
#9852=CARTESIAN_POINT('Origin',(143.291331786207,80.7950755611697,5.4));
#9853=CARTESIAN_POINT('',(145.904547563463,82.2685419847777,0.999999999999999));
#9854=CARTESIAN_POINT('Origin',(0.,0.,0.999999999999999));
#9855=CARTESIAN_POINT('',(148.090655450764,78.2649843043681,0.999999999999999));
#9856=CARTESIAN_POINT('Origin',(0.,0.,0.999999999999999));
#9857=CARTESIAN_POINT('',(148.090655450764,78.2649843043681,5.4));
#9858=CARTESIAN_POINT('Origin',(0.,0.,5.4));
#9859=CARTESIAN_POINT('',(148.090655450764,78.2649843043681,0.999999999999999));
#9860=CARTESIAN_POINT('Origin',(145.438285502392,76.8632233914541,0.999999999999999));
#9861=CARTESIAN_POINT('',(146.684530541398,74.1343274053905,0.999999999999999));
#9862=CARTESIAN_POINT('Origin',(145.438285502392,76.8632233914541,0.999999999999999));
#9863=CARTESIAN_POINT('',(146.684530541398,74.1343274053905,5.4));
#9864=CARTESIAN_POINT('Origin',(145.438285502392,76.8632233914541,5.4));
#9865=CARTESIAN_POINT('',(146.684530541398,74.1343274053905,0.999999999999999));
#9866=CARTESIAN_POINT('Origin',(142.840921672211,72.3790100501062,0.999999999999999));
#9867=CARTESIAN_POINT('',(142.840921672211,72.3790100501062,0.999999999999999));
#9868=CARTESIAN_POINT('',(71.9926541321875,40.0236903916005,0.999999999999999));
#9869=CARTESIAN_POINT('',(142.840921672211,72.3790100501062,5.4));
#9870=CARTESIAN_POINT('',(71.9926541321875,40.0236903916005,5.4));
#9871=CARTESIAN_POINT('',(142.840921672211,72.3790100501062,0.999999999999999));
#9872=CARTESIAN_POINT('Origin',(145.541119256723,66.4664020803018,0.999999999999999));
#9873=CARTESIAN_POINT('',(148.241316841235,60.5537941104975,0.999999999999999));
#9874=CARTESIAN_POINT('Origin',(145.541119256723,66.4664020803018,0.999999999999999));
#9875=CARTESIAN_POINT('',(148.241316841235,60.5537941104975,5.4));
#9876=CARTESIAN_POINT('Origin',(145.541119256723,66.4664020803018,5.4));
#9877=CARTESIAN_POINT('',(148.241316841235,60.5537941104975,0.999999999999999));
#9878=CARTESIAN_POINT('Origin',(152.084925710423,62.3091114657818,0.999999999999999));
#9879=CARTESIAN_POINT('',(152.084925710423,62.3091114657818,0.999999999999999));
#9880=CARTESIAN_POINT('',(75.4712448666183,27.3208157743496,0.999999999999999));
#9881=CARTESIAN_POINT('',(152.084925710423,62.3091114657818,5.4));
#9882=CARTESIAN_POINT('',(75.4712448666183,27.3208157743496,5.4));
#9883=CARTESIAN_POINT('',(152.084925710423,62.3091114657818,0.999999999999999));
#9884=CARTESIAN_POINT('Origin',(153.331170749428,59.5802154797182,0.999999999999999));
#9885=CARTESIAN_POINT('',(156.127483893795,60.6667847589836,0.999999999999999));
#9886=CARTESIAN_POINT('Origin',(153.331170749428,59.5802154797182,0.999999999999999));
#9887=CARTESIAN_POINT('',(156.127483893795,60.6667847589836,5.4));
#9888=CARTESIAN_POINT('Origin',(153.331170749428,59.5802154797182,5.4));
#9889=CARTESIAN_POINT('',(156.127483893795,60.6667847589836,0.999999999999999));
#9890=CARTESIAN_POINT('Origin',(0.,0.,0.999999999999999));
#9891=CARTESIAN_POINT('',(157.721574691105,56.3928619326779,0.999999999999999));
#9892=CARTESIAN_POINT('Origin',(0.,0.,0.999999999999999));
#9893=CARTESIAN_POINT('',(157.721574691105,56.3928619326779,5.4));
#9894=CARTESIAN_POINT('Origin',(0.,0.,5.4));
#9895=CARTESIAN_POINT('',(157.721574691105,56.3928619326779,0.999999999999999));
#9896=CARTESIAN_POINT('Origin',(154.896710666787,55.3828405249285,0.999999999999999));
#9897=CARTESIAN_POINT('',(155.741908337311,52.504361604085,0.999999999999999));
#9898=CARTESIAN_POINT('Origin',(154.896710666787,55.3828405249285,0.999999999999999));
#9899=CARTESIAN_POINT('',(155.741908337311,52.504361604085,5.4));
#9900=CARTESIAN_POINT('Origin',(154.896710666787,55.3828405249285,5.4));
#9901=CARTESIAN_POINT('',(155.741908337311,52.504361604085,0.999999999999999));
#9902=CARTESIAN_POINT('Origin',(151.68761415885,51.313913423123,0.999999999999999));
#9903=CARTESIAN_POINT('',(151.68761415885,51.313913423123,0.999999999999999));
#9904=CARTESIAN_POINT('',(76.9559430178307,29.3707149145621,0.999999999999999));
#9905=CARTESIAN_POINT('',(151.68761415885,51.313913423123,5.4));
#9906=CARTESIAN_POINT('',(76.9559430178307,29.3707149145621,5.4));
#9907=CARTESIAN_POINT('',(151.68761415885,51.313913423123,0.999999999999999));
#9908=CARTESIAN_POINT('Origin',(153.51887577832,45.0772090946288,0.999999999999999));
#9909=CARTESIAN_POINT('',(155.350137397789,38.8405047661345,0.999999999999999));
#9910=CARTESIAN_POINT('Origin',(153.51887577832,45.0772090946288,0.999999999999999));
#9911=CARTESIAN_POINT('',(155.350137397789,38.8405047661345,5.4));
#9912=CARTESIAN_POINT('Origin',(153.51887577832,45.0772090946288,5.4));
#9913=CARTESIAN_POINT('',(155.350137397789,38.8405047661345,0.999999999999999));
#9914=CARTESIAN_POINT('Origin',(159.40443157625,40.0309529470965,0.999999999999999));
#9915=CARTESIAN_POINT('',(159.40443157625,40.0309529470965,0.999999999999999));
#9916=CARTESIAN_POINT('',(78.5913191675388,16.3020821670926,0.999999999999999));
#9917=CARTESIAN_POINT('',(159.40443157625,40.0309529470965,5.4));
#9918=CARTESIAN_POINT('',(78.5913191675388,16.3020821670926,5.4));
#9919=CARTESIAN_POINT('',(159.40443157625,40.0309529470965,0.999999999999999));
#9920=CARTESIAN_POINT('Origin',(160.249629246774,37.152474026253,0.999999999999999));
#9921=CARTESIAN_POINT('',(163.172114886533,37.830026744057,0.999999999999999));
#9922=CARTESIAN_POINT('Origin',(160.249629246774,37.152474026253,0.999999999999999));
#9923=CARTESIAN_POINT('',(163.172114886533,37.830026744057,5.4));
#9924=CARTESIAN_POINT('Origin',(160.249629246774,37.152474026253,5.4));
#9925=CARTESIAN_POINT('',(163.172114886533,37.830026744057,0.999999999999999));
#9926=CARTESIAN_POINT('Origin',(0.,0.,0.999999999999999));
#9927=CARTESIAN_POINT('',(164.141737502198,33.3727435156231,0.999999999999999));
#9928=CARTESIAN_POINT('Origin',(0.,0.,0.999999999999999));
#9929=CARTESIAN_POINT('',(164.141737502198,33.3727435156231,5.4));
#9930=CARTESIAN_POINT('Origin',(0.,0.,5.4));
#9931=CARTESIAN_POINT('',(164.141737502198,33.3727435156231,0.999999999999999));
#9932=CARTESIAN_POINT('Origin',(161.201885487233,32.7750227362388,0.999999999999999));
#9933=CARTESIAN_POINT('',(161.628830002053,29.805558410596,0.999999999999999));
#9934=CARTESIAN_POINT('Origin',(161.201885487233,32.7750227362388,0.999999999999999));
#9935=CARTESIAN_POINT('',(161.628830002053,29.805558410596,5.4));
#9936=CARTESIAN_POINT('Origin',(161.201885487233,32.7750227362388,5.4));
#9937=CARTESIAN_POINT('',(161.628830002053,29.805558410596,0.999999999999999));
#9938=CARTESIAN_POINT('Origin',(157.446384252173,29.2042134959517,0.999999999999999));
#9939=CARTESIAN_POINT('',(157.446384252173,29.2042134959517,0.999999999999999));
#9940=CARTESIAN_POINT('',(80.3526266113603,18.1198045446937,0.999999999999999));
#9941=CARTESIAN_POINT('',(157.446384252173,29.2042134959517,5.4));
#9942=CARTESIAN_POINT('',(80.3526266113603,18.1198045446937,5.4));
#9943=CARTESIAN_POINT('',(157.446384252173,29.2042134959517,0.999999999999999));
#9944=CARTESIAN_POINT('Origin',(158.371430700949,22.7703741237256,0.999999999999999));
#9945=CARTESIAN_POINT('',(159.296477149726,16.3365347514996,0.999999999999999));
#9946=CARTESIAN_POINT('Origin',(158.371430700949,22.7703741237256,0.999999999999999));
#9947=CARTESIAN_POINT('',(159.296477149726,16.3365347514996,5.4));
#9948=CARTESIAN_POINT('Origin',(158.371430700949,22.7703741237256,5.4));
#9949=CARTESIAN_POINT('',(159.296477149726,16.3365347514996,0.999999999999999));
#9950=CARTESIAN_POINT('Origin',(163.478922899606,16.9378796661439,0.999999999999999));
#9951=CARTESIAN_POINT('',(163.478922899606,16.9378796661439,0.999999999999999));
#9952=CARTESIAN_POINT('',(80.1114966339729,4.95145334291945,0.999999999999999));
#9953=CARTESIAN_POINT('',(163.478922899606,16.9378796661439,5.4));
#9954=CARTESIAN_POINT('',(80.1114966339729,4.95145334291945,5.4));
#9955=CARTESIAN_POINT('',(163.478922899606,16.9378796661439,0.999999999999999));
#9956=CARTESIAN_POINT('Origin',(163.905867414426,13.968415340501,0.999999999999999));
#9957=CARTESIAN_POINT('',(166.895032169704,14.2231584774099,0.999999999999999));
#9958=CARTESIAN_POINT('Origin',(163.905867414426,13.968415340501,0.999999999999999));
#9959=CARTESIAN_POINT('',(166.895032169704,14.2231584774099,5.4));
#9960=CARTESIAN_POINT('Origin',(163.905867414426,13.968415340501,5.4));
#9961=CARTESIAN_POINT('',(166.895032169704,14.2231584774099,0.999999999999999));
#9962=CARTESIAN_POINT('Origin',(0.,0.,0.999999999999999));
#9963=CARTESIAN_POINT('',(167.220447883429,9.67325227963529,0.999999999999999));
#9964=CARTESIAN_POINT('Origin',(0.,0.,0.999999999999999));
#9965=CARTESIAN_POINT('',(167.220447883429,9.67325227963529,5.4));
#9966=CARTESIAN_POINT('Origin',(0.,0.,5.4));
#9967=CARTESIAN_POINT('',(167.220447883429,9.67325227963529,0.999999999999999));
#9968=CARTESIAN_POINT('Origin',(164.225454787009,9.50000000000003,0.999999999999999));
#9969=CARTESIAN_POINT('',(164.225454787009,6.50000000000003,0.999999999999999));
#9970=CARTESIAN_POINT('Origin',(164.225454787009,9.50000000000003,0.999999999999999));
#9971=CARTESIAN_POINT('',(164.225454787009,6.50000000000003,5.4));
#9972=CARTESIAN_POINT('Origin',(164.225454787009,9.50000000000003,5.4));
#9973=CARTESIAN_POINT('',(164.225454787009,6.50000000000003,0.999999999999999));
#9974=CARTESIAN_POINT('Origin',(160.,6.50000000000003,0.999999999999999));
#9975=CARTESIAN_POINT('',(160.,6.50000000000003,0.999999999999999));
#9976=CARTESIAN_POINT('',(82.1135512438266,6.50000000000005,0.999999999999999));
#9977=CARTESIAN_POINT('',(160.,6.50000000000003,5.4));
#9978=CARTESIAN_POINT('',(82.1135512438266,6.50000000000005,5.4));
#9979=CARTESIAN_POINT('',(160.,6.50000000000003,0.999999999999999));
#9980=CARTESIAN_POINT('Origin',(160.,2.88435979818259E-14,0.999999999999999));
#9981=CARTESIAN_POINT('Origin',(160.,2.88435979818259E-14,0.999999999999999));
#9982=CARTESIAN_POINT('Origin',(160.,2.88435979818259E-14,5.4));
#9983=CARTESIAN_POINT('Origin',(0.00164770064403186,-0.00102692762955936,
0.999999999999999));
#9984=CARTESIAN_POINT('Origin',(0.00164770064403186,-0.00102692762955936,
5.4));
#9985=UNCERTAINTY_MEASURE_WITH_UNIT(LENGTH_MEASURE(0.01),#9989,
'DISTANCE_ACCURACY_VALUE',
'Maximum model space distance between geometric entities at asserted c
onnectivities');
#9986=UNCERTAINTY_MEASURE_WITH_UNIT(LENGTH_MEASURE(0.01),#9989,
'DISTANCE_ACCURACY_VALUE',
'Maximum model space distance between geometric entities at asserted c
onnectivities');
#9987=(
GEOMETRIC_REPRESENTATION_CONTEXT(3)
GLOBAL_UNCERTAINTY_ASSIGNED_CONTEXT((#9985))
GLOBAL_UNIT_ASSIGNED_CONTEXT((#9989,#9991,#9992))
REPRESENTATION_CONTEXT('','3D')
);
#9988=(
GEOMETRIC_REPRESENTATION_CONTEXT(3)
GLOBAL_UNCERTAINTY_ASSIGNED_CONTEXT((#9986))
GLOBAL_UNIT_ASSIGNED_CONTEXT((#9989,#9991,#9992))
REPRESENTATION_CONTEXT('','3D')
);
#9989=(
LENGTH_UNIT()
NAMED_UNIT(*)
SI_UNIT(.MILLI.,.METRE.)
);
#9990=(
LENGTH_UNIT()
NAMED_UNIT(*)
SI_UNIT($,.METRE.)
);
#9991=(
NAMED_UNIT(*)
PLANE_ANGLE_UNIT()
SI_UNIT($,.RADIAN.)
);
#9992=(
NAMED_UNIT(*)
SI_UNIT($,.STERADIAN.)
SOLID_ANGLE_UNIT()
);
#9993=SHAPE_DEFINITION_REPRESENTATION(#9994,#9995);
#9994=PRODUCT_DEFINITION_SHAPE('',$,#9997);
#9995=SHAPE_REPRESENTATION('',(#5729),#9987);
#9996=PRODUCT_DEFINITION_CONTEXT('part definition',#10001,'design');
#9997=PRODUCT_DEFINITION('ABS Feeder Plate Milled',
'ABS Feeder Plate Milled',#9998,#9996);
#9998=PRODUCT_DEFINITION_FORMATION('',$,#10003);
#9999=PRODUCT_RELATED_PRODUCT_CATEGORY('ABS Feeder Plate Milled',
'ABS Feeder Plate Milled',(#10003));
#10000=APPLICATION_PROTOCOL_DEFINITION('international standard',
'automotive_design',2009,#10001);
#10001=APPLICATION_CONTEXT(
'Core Data for Automotive Mechanical Design Process');
#10002=PRODUCT_CONTEXT('part definition',#10001,'mechanical');
#10003=PRODUCT('ABS Feeder Plate Milled','ABS Feeder Plate Milled',$,(#10002));
#10004=PRESENTATION_STYLE_ASSIGNMENT((#10006));
#10005=PRESENTATION_STYLE_ASSIGNMENT((#10007));
#10006=SURFACE_STYLE_USAGE(.BOTH.,#10008);
#10007=SURFACE_STYLE_USAGE(.BOTH.,#10009);
#10008=SURFACE_SIDE_STYLE('',(#10010));
#10009=SURFACE_SIDE_STYLE('',(#10011));
#10010=SURFACE_STYLE_FILL_AREA(#10012);
#10011=SURFACE_STYLE_FILL_AREA(#10013);
#10012=FILL_AREA_STYLE('Steel - Satin',(#10014));
#10013=FILL_AREA_STYLE('Paint - Enamel Glossy (Black)',(#10015));
#10014=FILL_AREA_STYLE_COLOUR('Steel - Satin',#10016);
#10015=FILL_AREA_STYLE_COLOUR('Paint - Enamel Glossy (Black)',#10017);
#10016=COLOUR_RGB('Steel - Satin',0.627450980392157,0.627450980392157,0.627450980392157);
#10017=COLOUR_RGB('Paint - Enamel Glossy (Black)',0.0980392156862745,0.0980392156862745,
0.0980392156862745);
ENDSEC;
END-ISO-10303-21;
